dataset,task,backbone,experiment_type,model_name,threshold,low_count,low_pct,routed_to_classical_pct,routed_to_quantum_pct,avg_shots_per_sample,train_time_sec,inference_time_sec_total,inference_time_ms_per_sample,total_trainable_params,head_trainable_params,quantum_params,num_qubits,circuit_depth,num_gates_approx,shots,train_circuit_evaluations_approx,test_circuit_evaluations_approx,memory_usage_mb,accuracy,precision_macro,recall_macro,f1_macro,auc_ovr_macro
AntsBees,binary_classification,Frozen ResNet18,fixed,confidence_linear,,,,100.0,0.0,0.0,212.79211378097534,12.24759316444397,80.04962852577758,4194,90,0,0,0,0,0,0,0,891.046875,0.9084967320261438,0.9113013698630137,0.9134251290877797,0.9084615384615384,
AntsBees,binary_classification,Frozen ResNet18,fixed,matched_mlp,,,,100.0,0.0,0.0,210.60693907737732,12.137418985366821,79.32953585207073,4266,162,0,0,0,0,0,0,0,891.046875,0.9281045751633987,0.9274358974358974,0.9303786574870913,0.9279074748340115,
AntsBees,binary_classification,Frozen ResNet18,fixed,ketgpt_quantum,,,,0.0,100.0,100.0,4133.847899913788,22.246812343597412,145.40400224573472,4252,148,58,8,ketgpt_variable,49,100,15210,0,891.046875,0.7777777777777778,0.8365384615384616,0.7951807228915663,0.7735109717868338,
AntsBees,binary_classification,Frozen ResNet18,low_confidence_only,matched_mlp_on_low_conf,0.7,153.0,100.0,100.0,0.0,0.0,210.60693907737732,12.137418985366821,79.32953585207073,4266,162,0,0,0,0,0,0,0,891.046875,0.9281045751633987,0.9274358974358974,0.9303786574870913,0.9279074748340115,
AntsBees,binary_classification,Frozen ResNet18,low_confidence_only,ketgpt_quantum_on_low_conf,0.7,153.0,100.0,0.0,100.0,100.0,4133.847899913788,22.246812343597412,145.40400224573472,4252,148,58,8,ketgpt_variable,49,100,15210,0,891.046875,0.7777777777777778,0.8365384615384616,0.7951807228915663,0.7735109717868338,
AntsBees,binary_classification,Frozen ResNet18,adaptive_full,adaptive_classical,0.7,153.0,100.0,100.0,0.0,0.0,423.39905285835266,24.38501214981079,159.3791643778483,8460,252,0,0,0,0,0,0,0,891.046875,0.9281045751633987,0.9274358974358974,0.9303786574870913,0.9279074748340115,
AntsBees,binary_classification,Frozen ResNet18,adaptive_full,adaptive_ketgpt_qtl,0.7,153.0,100.0,0.0,100.0,100.0,4346.640013694763,34.49440550804138,225.4536307715123,8446,238,58,8,ketgpt_variable,49,100,15210,10,891.046875,0.7777777777777778,0.8365384615384616,0.7951807228915663,0.7735109717868338,
AntsBees,binary_classification,Frozen ResNet18,low_confidence_only,matched_mlp_on_low_conf,0.8,153.0,100.0,100.0,0.0,0.0,210.60693907737732,12.137418985366821,79.32953585207073,4266,162,0,0,0,0,0,0,0,891.046875,0.9281045751633987,0.9274358974358974,0.9303786574870913,0.9279074748340115,
AntsBees,binary_classification,Frozen ResNet18,low_confidence_only,ketgpt_quantum_on_low_conf,0.8,153.0,100.0,0.0,100.0,100.0,4133.847899913788,22.246812343597412,145.40400224573472,4252,148,58,8,ketgpt_variable,49,100,15210,0,891.046875,0.7777777777777778,0.8365384615384616,0.7951807228915663,0.7735109717868338,
AntsBees,binary_classification,Frozen ResNet18,adaptive_full,adaptive_classical,0.8,153.0,100.0,100.0,0.0,0.0,423.39905285835266,24.38501214981079,159.3791643778483,8460,252,0,0,0,0,0,0,0,891.046875,0.9281045751633987,0.9274358974358974,0.9303786574870913,0.9279074748340115,
AntsBees,binary_classification,Frozen ResNet18,adaptive_full,adaptive_ketgpt_qtl,0.8,153.0,100.0,0.0,100.0,100.0,4346.640013694763,34.49440550804138,225.4536307715123,8446,238,58,8,ketgpt_variable,49,100,15210,10,891.046875,0.7777777777777778,0.8365384615384616,0.7951807228915663,0.7735109717868338,
AntsBees,binary_classification,Frozen ResNet18,low_confidence_only,matched_mlp_on_low_conf,0.9,153.0,100.0,100.0,0.0,0.0,210.60693907737732,12.137418985366821,79.32953585207073,4266,162,0,0,0,0,0,0,0,891.046875,0.9281045751633987,0.9274358974358974,0.9303786574870913,0.9279074748340115,
AntsBees,binary_classification,Frozen ResNet18,low_confidence_only,ketgpt_quantum_on_low_conf,0.9,153.0,100.0,0.0,100.0,100.0,4133.847899913788,22.246812343597412,145.40400224573472,4252,148,58,8,ketgpt_variable,49,100,15210,0,891.046875,0.7777777777777778,0.8365384615384616,0.7951807228915663,0.7735109717868338,
AntsBees,binary_classification,Frozen ResNet18,adaptive_full,adaptive_classical,0.9,153.0,100.0,100.0,0.0,0.0,423.39905285835266,24.38501214981079,159.3791643778483,8460,252,0,0,0,0,0,0,0,891.046875,0.9281045751633987,0.9274358974358974,0.9303786574870913,0.9279074748340115,
AntsBees,binary_classification,Frozen ResNet18,adaptive_full,adaptive_ketgpt_qtl,0.9,153.0,100.0,0.0,100.0,100.0,4346.640013694763,34.49440550804138,225.4536307715123,8446,238,58,8,ketgpt_variable,49,100,15210,10,891.046875,0.7777777777777778,0.8365384615384616,0.7951807228915663,0.7735109717868338,
