threshold,experiment_type,model_name,n,route_mean,route_std,params,params_nunique,accuracy_mean,accuracy_std,precision_mean,precision_std,recall_mean,recall_std,f1_mean,f1_std,auc_mean,auc_std,Exp.,Model
0.7,low_confidence_only,matched_mlp_on_low_conf,5,34.94,3.787875393937872,4266,1,53.968772266982874,4.321115405452758,0.5587697923971471,0.042953933019655395,0.5464812714314281,0.03163770353300965,0.5246702569896307,0.030281737154963264,0.9024763002633363,0.02002120530207233,Low-conf.,MLP
0.7,low_confidence_only,ketgpt_quantum_on_low_conf,5,34.94,3.787875393937872,4252,1,58.48318221228963,2.1781693441610557,0.599506895965329,0.06618842796068301,0.5784619996737004,0.04174518949900475,0.5618492949410885,0.047847109872497205,0.9166767290912347,0.00688014615439808,Low-conf.,KetGPT #180
0.7,adaptive_full,adaptive_classical,5,34.94,3.787875393937872,8460,1,80.02000000000001,1.2676750372236532,0.8016047044039623,0.01978417762673473,0.8023138597922502,0.01316394548604709,0.7937784276830279,0.01945912977623341,0.9739330624312073,0.0020325443825152203,Adaptive,Classical
0.7,adaptive_full,adaptive_ketgpt_qtl,5,34.94,3.787875393937872,8446,1,81.53999999999999,0.7700649323271314,0.8198488548657075,0.010735283614927472,0.8176490019908451,0.009109242819236585,0.8135135528708177,0.010855890788674513,0.9750390740144738,0.002108156365733198,Adaptive,KetGPT-QTL
0.8,low_confidence_only,matched_mlp_on_low_conf,5,50.4,4.843552415324933,4266,1,61.69566460191986,4.5637113001630984,0.6333270801442492,0.05359514224504053,0.6163098772169165,0.027418001423633532,0.5996415830815225,0.03732289994324409,0.9237248959850188,0.012229786478169637,Low-conf.,MLP
0.8,low_confidence_only,ketgpt_quantum_on_low_conf,5,50.4,4.843552415324933,4252,1,64.7278419813691,2.128377921987824,0.6638328171486766,0.022950443753589397,0.6478892125542155,0.0275248645397506,0.6333344301846595,0.020393107703373343,0.936877364260245,0.007249366134178368,Low-conf.,KetGPT #180
0.8,adaptive_full,adaptive_classical,5,50.4,4.843552415324933,8460,1,79.1,1.4159802258506262,0.7914319366139262,0.022046176362242546,0.7931864234248597,0.01420000133009883,0.7835360156289676,0.022352806066895863,0.9719130334701503,0.0027202243898251217,Adaptive,Classical
0.8,adaptive_full,adaptive_ketgpt_qtl,5,50.4,4.843552415324933,8446,1,80.54,0.78930349042684,0.8105221191452099,0.01068377989514673,0.8077398704575047,0.008901422611327517,0.8030251521761886,0.011695671221848931,0.9741571238310378,0.0019580109749869025,Adaptive,KetGPT-QTL
0.9,low_confidence_only,matched_mlp_on_low_conf,5,67.94,4.039554430874775,4266,1,69.03103611430728,3.2115720239862418,0.709699020040891,0.03851118581784071,0.695883015705105,0.019667531061253126,0.687993044917991,0.0308542015351279,0.9450479612900097,0.008960206658827597,Low-conf.,MLP
0.9,low_confidence_only,ketgpt_quantum_on_low_conf,5,67.94,4.039554430874775,4252,1,70.95846454415282,0.6521257104004992,0.7286601663776702,0.016463236765240474,0.7168450782674245,0.015038449212778783,0.7088874977197717,0.010706745719772266,0.9535155942534341,0.005393909880542935,Low-conf.,KetGPT #180
0.9,adaptive_full,adaptive_classical,5,67.94,4.039554430874775,8460,1,78.64,1.5662056059151421,0.7871351439042122,0.02429338353338374,0.7886431769544064,0.015531999307991115,0.779440661756185,0.02353584976595328,0.9699338716331767,0.005097549727323585,Adaptive,Classical
0.9,adaptive_full,adaptive_ketgpt_qtl,5,67.94,4.039554430874775,8446,1,79.88000000000001,0.957601169589929,0.8054414843229252,0.011591014341963322,0.8010509941427312,0.010947412267187186,0.7963743659888898,0.012821857249073846,0.9732431229534688,0.0025095260924276165,Adaptive,KetGPT-QTL
