dataset,seed,model_name,ketgpt_id,epochs_executed,best_epoch,stop_reason,source_file
CIFAR-10,1,linear,,10,6,completed,table1/classical/seed_1.csv
CIFAR-10,1,matched_mlp,,10,10,completed,table1/classical/seed_1.csv
CIFAR-10,2026,linear,,6,3,flashjt_validated,table1/classical/seed_2026.csv
CIFAR-10,2026,matched_mlp,,6,5,flashjt_validated,table1/classical/seed_2026.csv
CIFAR-10,42,linear,,10,8,completed,table1/classical/seed_42.csv
CIFAR-10,42,matched_mlp,,10,10,completed,table1/classical/seed_42.csv
CIFAR-10,48,linear,,10,10,completed,table1/classical/seed_48.csv
CIFAR-10,48,matched_mlp,,10,9,completed,table1/classical/seed_48.csv
CIFAR-10,550,linear,,6,6,flashjt_validated,table1/classical/seed_550.csv
CIFAR-10,550,matched_mlp,,10,9,completed,table1/classical/seed_550.csv
CIFAR-10,1,quantum,,10,10,completed,table1/standard_qtl/seed_1_q4_d1.csv
CIFAR-10,1,quantum,,10,8,completed,table1/standard_qtl/seed_1_q4_d2.csv
CIFAR-10,1,quantum,,10,9,completed,table1/standard_qtl/seed_1_q4_d4.csv
CIFAR-10,1,quantum,,10,9,completed,table1/standard_qtl/seed_1_q6_d1.csv
CIFAR-10,1,quantum,,10,7,completed,table1/standard_qtl/seed_1_q6_d2.csv
CIFAR-10,1,quantum,,10,9,completed,table1/standard_qtl/seed_1_q6_d4.csv
CIFAR-10,1,quantum,,10,7,completed,table1/standard_qtl/seed_1_q8_d1.csv
CIFAR-10,1,quantum,,10,10,completed,table1/standard_qtl/seed_1_q8_d2.csv
CIFAR-10,2026,quantum,,10,8,completed,table1/standard_qtl/seed_2026_q4_d1.csv
CIFAR-10,2026,quantum,,10,8,completed,table1/standard_qtl/seed_2026_q4_d2.csv
CIFAR-10,2026,quantum,,10,8,completed,table1/standard_qtl/seed_2026_q4_d4.csv
CIFAR-10,2026,quantum,,10,8,completed,table1/standard_qtl/seed_2026_q6_d1.csv
CIFAR-10,2026,quantum,,6,6,flashjt_validated,table1/standard_qtl/seed_2026_q6_d2.csv
CIFAR-10,2026,quantum,,6,6,flashjt_validated,table1/standard_qtl/seed_2026_q6_d4.csv
CIFAR-10,2026,quantum,,10,9,completed,table1/standard_qtl/seed_2026_q8_d1.csv
CIFAR-10,2026,quantum,,6,4,flashjt_validated,table1/standard_qtl/seed_2026_q8_d2.csv
CIFAR-10,42,quantum,,10,10,completed,table1/standard_qtl/seed_42_q4_d1.csv
CIFAR-10,42,quantum,,10,10,completed,table1/standard_qtl/seed_42_q4_d2.csv
CIFAR-10,42,quantum,,10,10,completed,table1/standard_qtl/seed_42_q4_d4.csv
CIFAR-10,42,quantum,,10,10,completed,table1/standard_qtl/seed_42_q6_d1.csv
CIFAR-10,42,quantum,,10,10,completed,table1/standard_qtl/seed_42_q6_d2.csv
CIFAR-10,42,quantum,,10,9,completed,table1/standard_qtl/seed_42_q6_d4.csv
CIFAR-10,42,quantum,,10,10,completed,table1/standard_qtl/seed_42_q8_d1.csv
CIFAR-10,42,quantum,,10,8,completed,table1/standard_qtl/seed_42_q8_d2.csv
CIFAR-10,48,quantum,,10,10,completed,table1/standard_qtl/seed_48_q4_d1.csv
CIFAR-10,48,quantum,,10,7,completed,table1/standard_qtl/seed_48_q4_d2.csv
CIFAR-10,48,quantum,,10,10,completed,table1/standard_qtl/seed_48_q4_d4.csv
CIFAR-10,48,quantum,,10,8,completed,table1/standard_qtl/seed_48_q6_d1.csv
CIFAR-10,48,quantum,,10,10,completed,table1/standard_qtl/seed_48_q6_d2.csv
CIFAR-10,48,quantum,,10,10,completed,table1/standard_qtl/seed_48_q6_d4.csv
CIFAR-10,48,quantum,,10,10,completed,table1/standard_qtl/seed_48_q8_d1.csv
CIFAR-10,48,quantum,,10,10,completed,table1/standard_qtl/seed_48_q8_d2.csv
CIFAR-10,550,quantum,,10,8,completed,table1/standard_qtl/seed_550_q4_d1.csv
CIFAR-10,550,quantum,,10,10,completed,table1/standard_qtl/seed_550_q4_d2.csv
CIFAR-10,550,quantum,,10,9,completed,table1/standard_qtl/seed_550_q4_d4.csv
CIFAR-10,550,quantum,,9,6,early_stopping,table1/standard_qtl/seed_550_q6_d1.csv
CIFAR-10,550,quantum,,10,9,completed,table1/standard_qtl/seed_550_q6_d2.csv
CIFAR-10,550,quantum,,10,10,completed,table1/standard_qtl/seed_550_q6_d4.csv
CIFAR-10,550,quantum,,10,10,completed,table1/standard_qtl/seed_550_q8_d1.csv
CIFAR-10,550,quantum,,10,10,completed,table1/standard_qtl/seed_550_q8_d2.csv
CIFAR-10,1,ketgpt_quantum,160.0,10,8,completed,table1/ketgpt/seed_1.csv
CIFAR-10,1,ketgpt_quantum,180.0,10,9,completed,table1/ketgpt/seed_1.csv
CIFAR-10,2026,ketgpt_quantum,160.0,6,5,flashjt_validated,table1/ketgpt/seed_2026.csv
CIFAR-10,2026,ketgpt_quantum,180.0,6,5,flashjt_validated,table1/ketgpt/seed_2026.csv
CIFAR-10,42,ketgpt_quantum,160.0,10,10,completed,table1/ketgpt/seed_42.csv
CIFAR-10,42,ketgpt_quantum,180.0,10,10,completed,table1/ketgpt/seed_42.csv
CIFAR-10,48,ketgpt_quantum,160.0,10,7,completed,table1/ketgpt/seed_48.csv
CIFAR-10,48,ketgpt_quantum,180.0,10,9,completed,table1/ketgpt/seed_48.csv
CIFAR-10,550,ketgpt_quantum,160.0,6,5,flashjt_validated,table1/ketgpt/seed_550.csv
CIFAR-10,550,ketgpt_quantum,180.0,10,10,completed,table1/ketgpt/seed_550.csv
