dataset,dataset_key,task,backbone,cache_manifest_sha256,model_name,seed,compressor_dim,epochs,batch_size,lr,train_time_sec,epochs_executed,best_epoch,stop_reason,flashjt_forecast_path,flashjt_verification_path,checkpoint_latest,checkpoint_best,checkpoint_final,accuracy,precision_macro,recall_macro,f1_macro,auc_ovr_macro,inference_time_sec_total,inference_time_ms_per_sample,total_trainable_params,head_trainable_params,quantum_params,num_qubits,circuit_depth,num_gates_approx,shots,train_circuit_evaluations_approx,test_circuit_evaluations_approx,memory_usage_mb,source_file,family,paper_model,paper_head,paper_qubits,paper_depth,paper_params,candidate_rank,ketgpt_id,accuracy_pct,train_time_h
CIFAR-10,cifar10,multiclass_10_class,Frozen ResNet18 (strict eval-mode cache),deb4201558858bf1d760dc14d0dd558c8f3cf6914e99701d3fcc7f2dcf5d955b,linear,1,8,10,16,0.001,3.2926595211029053,10,6,completed,,,/scratch/sr7849/QC_June28/ICASSP_multiseed_new_datasets/runs/cifar10/run_20260921_164946/checkpoints/table1/classical/seed_1/linear/checkpoint_latest.pt,/scratch/sr7849/QC_June28/ICASSP_multiseed_new_datasets/runs/cifar10/run_20260921_164946/checkpoints/table1/classical/seed_1/linear/checkpoint_best.pt,/scratch/sr7849/QC_June28/ICASSP_multiseed_new_datasets/runs/cifar10/run_20260921_164946/checkpoints/table1/classical/seed_1/linear/checkpoint_final.pt,0.82,0.8206391755375545,0.8177675169730824,0.816040978884575,0.980747663895485,0.0210225582122802,0.0210225582122802,4194,90,0,0,0,0,0,0,0,695.8125,table1/classical/seed_1.csv,Classical,Linear,Linear,–,–,90,,,82.0,0.000914627644750807
CIFAR-10,cifar10,multiclass_10_class,Frozen ResNet18 (strict eval-mode cache),deb4201558858bf1d760dc14d0dd558c8f3cf6914e99701d3fcc7f2dcf5d955b,matched_mlp,1,8,10,16,0.001,3.8743720054626474,10,10,completed,,,/scratch/sr7849/QC_June28/ICASSP_multiseed_new_datasets/runs/cifar10/run_20260921_164946/checkpoints/table1/classical/seed_1/matched_mlp/checkpoint_latest.pt,/scratch/sr7849/QC_June28/ICASSP_multiseed_new_datasets/runs/cifar10/run_20260921_164946/checkpoints/table1/classical/seed_1/matched_mlp/checkpoint_best.pt,/scratch/sr7849/QC_June28/ICASSP_multiseed_new_datasets/runs/cifar10/run_20260921_164946/checkpoints/table1/classical/seed_1/matched_mlp/checkpoint_final.pt,0.814,0.8146655109629769,0.8120318172490256,0.8099925649277948,0.9744438352431364,0.0227322578430175,0.0227322578430175,4266,162,0,0,0,0,0,0,0,696.640625,table1/classical/seed_1.csv,Classical,MLP,MLP,–,–,162,,,81.39999999999999,0.0010762144459618465
CIFAR-10,cifar10,multiclass_10_class,Frozen ResNet18 (strict eval-mode cache),deb4201558858bf1d760dc14d0dd558c8f3cf6914e99701d3fcc7f2dcf5d955b,linear,2026,8,10,16,0.001,28.36413741111756,6,3,flashjt_validated,/scratch/sr7849/QC_June28/ICASSP_multiseed_new_datasets/runs/cifar10/run_20260921_164946/checkpoints/table1/classical/seed_2026/linear/flashjt_forecast_epoch3.json,/scratch/sr7849/QC_June28/ICASSP_multiseed_new_datasets/runs/cifar10/run_20260921_164946/checkpoints/table1/classical/seed_2026/linear/flashjt_verification_epoch6.json,/scratch/sr7849/QC_June28/ICASSP_multiseed_new_datasets/runs/cifar10/run_20260921_164946/checkpoints/table1/classical/seed_2026/linear/checkpoint_latest.pt,/scratch/sr7849/QC_June28/ICASSP_multiseed_new_datasets/runs/cifar10/run_20260921_164946/checkpoints/table1/classical/seed_2026/linear/checkpoint_best.pt,/scratch/sr7849/QC_June28/ICASSP_multiseed_new_datasets/runs/cifar10/run_20260921_164946/checkpoints/table1/classical/seed_2026/linear/checkpoint_final.pt,0.815,0.8165561635178873,0.8146599989478036,0.8130556412345993,0.9778025108297892,0.0211682319641113,0.0211682319641113,4194,90,0,0,0,0,0,0,0,789.41015625,table1/classical/seed_2026.csv,Classical,Linear,Linear,–,–,90,,,81.5,0.007878927058643766
CIFAR-10,cifar10,multiclass_10_class,Frozen ResNet18 (strict eval-mode cache),deb4201558858bf1d760dc14d0dd558c8f3cf6914e99701d3fcc7f2dcf5d955b,matched_mlp,2026,8,10,16,0.001,28.41844916343689,6,5,flashjt_validated,/scratch/sr7849/QC_June28/ICASSP_multiseed_new_datasets/runs/cifar10/run_20260921_164946/checkpoints/table1/classical/seed_2026/matched_mlp/flashjt_forecast_epoch3.json,/scratch/sr7849/QC_June28/ICASSP_multiseed_new_datasets/runs/cifar10/run_20260921_164946/checkpoints/table1/classical/seed_2026/matched_mlp/flashjt_verification_epoch6.json,/scratch/sr7849/QC_June28/ICASSP_multiseed_new_datasets/runs/cifar10/run_20260921_164946/checkpoints/table1/classical/seed_2026/matched_mlp/checkpoint_latest.pt,/scratch/sr7849/QC_June28/ICASSP_multiseed_new_datasets/runs/cifar10/run_20260921_164946/checkpoints/table1/classical/seed_2026/matched_mlp/checkpoint_best.pt,/scratch/sr7849/QC_June28/ICASSP_multiseed_new_datasets/runs/cifar10/run_20260921_164946/checkpoints/table1/classical/seed_2026/matched_mlp/checkpoint_final.pt,0.77,0.7740126017189324,0.7653932327245113,0.765900744484928,0.9707300896857942,0.0229065418243408,0.0229065418243408,4266,162,0,0,0,0,0,0,0,794.58203125,table1/classical/seed_2026.csv,Classical,MLP,MLP,–,–,162,,,77.0,0.007894013656510247
CIFAR-10,cifar10,multiclass_10_class,Frozen ResNet18 (strict eval-mode cache),deb4201558858bf1d760dc14d0dd558c8f3cf6914e99701d3fcc7f2dcf5d955b,linear,42,8,10,16,0.001,3.2883646488189697,10,8,completed,,,/scratch/sr7849/QC_June28/ICASSP_multiseed_new_datasets/runs/cifar10/run_20260921_164946/checkpoints/table1/classical/seed_42/linear/checkpoint_latest.pt,/scratch/sr7849/QC_June28/ICASSP_multiseed_new_datasets/runs/cifar10/run_20260921_164946/checkpoints/table1/classical/seed_42/linear/checkpoint_best.pt,/scratch/sr7849/QC_June28/ICASSP_multiseed_new_datasets/runs/cifar10/run_20260921_164946/checkpoints/table1/classical/seed_42/linear/checkpoint_final.pt,0.813,0.8132454794293803,0.8104432141213576,0.8106283473016465,0.980817927933589,0.0211069583892822,0.0211069583892822,4194,90,0,0,0,0,0,0,0,695.93359375,table1/classical/seed_42.csv,Classical,Linear,Linear,–,–,90,,,81.3,0.000913434624671936
CIFAR-10,cifar10,multiclass_10_class,Frozen ResNet18 (strict eval-mode cache),deb4201558858bf1d760dc14d0dd558c8f3cf6914e99701d3fcc7f2dcf5d955b,matched_mlp,42,8,10,16,0.001,3.8865344524383545,10,10,completed,,,/scratch/sr7849/QC_June28/ICASSP_multiseed_new_datasets/runs/cifar10/run_20260921_164946/checkpoints/table1/classical/seed_42/matched_mlp/checkpoint_latest.pt,/scratch/sr7849/QC_June28/ICASSP_multiseed_new_datasets/runs/cifar10/run_20260921_164946/checkpoints/table1/classical/seed_42/matched_mlp/checkpoint_best.pt,/scratch/sr7849/QC_June28/ICASSP_multiseed_new_datasets/runs/cifar10/run_20260921_164946/checkpoints/table1/classical/seed_42/matched_mlp/checkpoint_final.pt,0.803,0.8112248644674022,0.8009773582058669,0.8026367669359452,0.9756629819732564,0.0228528976440429,0.0228528976440429,4266,162,0,0,0,0,0,0,0,697.55859375,table1/classical/seed_42.csv,Classical,MLP,MLP,–,–,162,,,80.30000000000001,0.0010795929034550984
CIFAR-10,cifar10,multiclass_10_class,Frozen ResNet18 (strict eval-mode cache),deb4201558858bf1d760dc14d0dd558c8f3cf6914e99701d3fcc7f2dcf5d955b,linear,48,8,10,16,0.001,3.277790069580078,10,10,completed,,,/scratch/sr7849/QC_June28/ICASSP_multiseed_new_datasets/runs/cifar10/run_20260921_164946/checkpoints/table1/classical/seed_48/linear/checkpoint_latest.pt,/scratch/sr7849/QC_June28/ICASSP_multiseed_new_datasets/runs/cifar10/run_20260921_164946/checkpoints/table1/classical/seed_48/linear/checkpoint_best.pt,/scratch/sr7849/QC_June28/ICASSP_multiseed_new_datasets/runs/cifar10/run_20260921_164946/checkpoints/table1/classical/seed_48/linear/checkpoint_final.pt,0.81,0.8106471317382283,0.8090062505109552,0.8074941417731486,0.9809522886634048,0.0210001468658447,0.0210001468658447,4194,90,0,0,0,0,0,0,0,696.4375,table1/classical/seed_48.csv,Classical,Linear,Linear,–,–,90,,,81.0,0.0009104972415500217
CIFAR-10,cifar10,multiclass_10_class,Frozen ResNet18 (strict eval-mode cache),deb4201558858bf1d760dc14d0dd558c8f3cf6914e99701d3fcc7f2dcf5d955b,matched_mlp,48,8,10,16,0.001,3.906760215759277,10,9,completed,,,/scratch/sr7849/QC_June28/ICASSP_multiseed_new_datasets/runs/cifar10/run_20260921_164946/checkpoints/table1/classical/seed_48/matched_mlp/checkpoint_latest.pt,/scratch/sr7849/QC_June28/ICASSP_multiseed_new_datasets/runs/cifar10/run_20260921_164946/checkpoints/table1/classical/seed_48/matched_mlp/checkpoint_best.pt,/scratch/sr7849/QC_June28/ICASSP_multiseed_new_datasets/runs/cifar10/run_20260921_164946/checkpoints/table1/classical/seed_48/matched_mlp/checkpoint_final.pt,0.821,0.8228669632813095,0.8200499059428225,0.8204141737833128,0.9761862637316276,0.022705078125,0.022705078125,4266,162,0,0,0,0,0,0,0,697.69140625,table1/classical/seed_48.csv,Classical,MLP,MLP,–,–,162,,,82.1,0.0010852111710442436
CIFAR-10,cifar10,multiclass_10_class,Frozen ResNet18 (strict eval-mode cache),deb4201558858bf1d760dc14d0dd558c8f3cf6914e99701d3fcc7f2dcf5d955b,linear,550,8,10,16,0.001,28.68274760246277,6,6,flashjt_validated,/scratch/sr7849/QC_June28/ICASSP_multiseed_new_datasets/runs/cifar10/run_20260921_164946/checkpoints/table1/classical/seed_550/linear/flashjt_forecast_epoch3.json,/scratch/sr7849/QC_June28/ICASSP_multiseed_new_datasets/runs/cifar10/run_20260921_164946/checkpoints/table1/classical/seed_550/linear/flashjt_verification_epoch6.json,/scratch/sr7849/QC_June28/ICASSP_multiseed_new_datasets/runs/cifar10/run_20260921_164946/checkpoints/table1/classical/seed_550/linear/checkpoint_latest.pt,/scratch/sr7849/QC_June28/ICASSP_multiseed_new_datasets/runs/cifar10/run_20260921_164946/checkpoints/table1/classical/seed_550/linear/checkpoint_best.pt,/scratch/sr7849/QC_June28/ICASSP_multiseed_new_datasets/runs/cifar10/run_20260921_164946/checkpoints/table1/classical/seed_550/linear/checkpoint_final.pt,0.831,0.8324645170209795,0.8293576612044706,0.8284430070205542,0.981828188851566,0.0216758251190185,0.0216758251190185,4194,90,0,0,0,0,0,0,0,789.53515625,table1/classical/seed_550.csv,Classical,Linear,Linear,–,–,90,,,83.1,0.007967429889572991
CIFAR-10,cifar10,multiclass_10_class,Frozen ResNet18 (strict eval-mode cache),deb4201558858bf1d760dc14d0dd558c8f3cf6914e99701d3fcc7f2dcf5d955b,matched_mlp,550,8,10,16,0.001,30.12883043289185,10,9,completed,/scratch/sr7849/QC_June28/ICASSP_multiseed_new_datasets/runs/cifar10/run_20260921_164946/checkpoints/table1/classical/seed_550/matched_mlp/flashjt_forecast_epoch3.json,/scratch/sr7849/QC_June28/ICASSP_multiseed_new_datasets/runs/cifar10/run_20260921_164946/checkpoints/table1/classical/seed_550/matched_mlp/flashjt_verification_epoch6.json,/scratch/sr7849/QC_June28/ICASSP_multiseed_new_datasets/runs/cifar10/run_20260921_164946/checkpoints/table1/classical/seed_550/matched_mlp/checkpoint_latest.pt,/scratch/sr7849/QC_June28/ICASSP_multiseed_new_datasets/runs/cifar10/run_20260921_164946/checkpoints/table1/classical/seed_550/matched_mlp/checkpoint_best.pt,/scratch/sr7849/QC_June28/ICASSP_multiseed_new_datasets/runs/cifar10/run_20260921_164946/checkpoints/table1/classical/seed_550/matched_mlp/checkpoint_final.pt,0.781,0.7858305086400059,0.7778787148092414,0.7781438085055897,0.9724449516441632,0.0231714248657226,0.0231714248657226,4266,162,0,0,0,0,0,0,0,793.15234375,table1/classical/seed_550.csv,Classical,MLP,MLP,–,–,162,,,78.10000000000001,0.00836911956469218
CIFAR-10,cifar10,multiclass_10_class,Frozen ResNet18 (strict eval-mode cache),deb4201558858bf1d760dc14d0dd558c8f3cf6914e99701d3fcc7f2dcf5d955b,quantum,1,4,10,16,0.001,5834.067754268646,10,10,completed,,,/scratch/sr7849/QC_June28/ICASSP_multiseed_new_datasets/runs/cifar10/run_20260921_164946/checkpoints/table1/standard_qtl/seed_1_q4_d1/q4_d1/checkpoint_latest.pt,/scratch/sr7849/QC_June28/ICASSP_multiseed_new_datasets/runs/cifar10/run_20260921_164946/checkpoints/table1/standard_qtl/seed_1_q4_d1/q4_d1/checkpoint_best.pt,/scratch/sr7849/QC_June28/ICASSP_multiseed_new_datasets/runs/cifar10/run_20260921_164946/checkpoints/table1/standard_qtl/seed_1_q4_d1/q4_d1/checkpoint_final.pt,0.322,0.2609548613833558,0.3141550642694956,0.2184960055708645,0.8446489977278855,6.116340398788452,6.116340398788452,2114,62,12,4,1,12,100,66500,63,709.48046875,table1/standard_qtl/seed_1_q4_d1.csv,Standard QTL,Standard QTL,Var.,4,1,12,,,32.2,1.620574376185735
CIFAR-10,cifar10,multiclass_10_class,Frozen ResNet18 (strict eval-mode cache),deb4201558858bf1d760dc14d0dd558c8f3cf6914e99701d3fcc7f2dcf5d955b,quantum,1,4,10,16,0.001,14130.220114707949,10,8,completed,,,/scratch/sr7849/QC_June28/ICASSP_multiseed_new_datasets/runs/cifar10/run_20260921_164946/checkpoints/table1/standard_qtl/seed_1_q4_d2/q4_d2/checkpoint_latest.pt,/scratch/sr7849/QC_June28/ICASSP_multiseed_new_datasets/runs/cifar10/run_20260921_164946/checkpoints/table1/standard_qtl/seed_1_q4_d2/q4_d2/checkpoint_best.pt,/scratch/sr7849/QC_June28/ICASSP_multiseed_new_datasets/runs/cifar10/run_20260921_164946/checkpoints/table1/standard_qtl/seed_1_q4_d2/q4_d2/checkpoint_final.pt,0.438,0.3610348975758802,0.4345078445561253,0.3538476876262055,0.8955632300595177,8.145931959152222,8.145931959152222,2126,74,24,4,2,24,100,130340,63,708.62890625,table1/standard_qtl/seed_1_q4_d2.csv,Standard QTL,Standard QTL,Var.,4,2,24,,,43.8,3.92506114297443
CIFAR-10,cifar10,multiclass_10_class,Frozen ResNet18 (strict eval-mode cache),deb4201558858bf1d760dc14d0dd558c8f3cf6914e99701d3fcc7f2dcf5d955b,quantum,1,4,10,16,0.001,41465.290301799774,10,9,completed,,,/scratch/sr7849/QC_June28/ICASSP_multiseed_new_datasets/runs/cifar10/run_20260921_164946/checkpoints/table1/standard_qtl/seed_1_q4_d4/q4_d4/checkpoint_latest.pt,/scratch/sr7849/QC_June28/ICASSP_multiseed_new_datasets/runs/cifar10/run_20260921_164946/checkpoints/table1/standard_qtl/seed_1_q4_d4/q4_d4/checkpoint_best.pt,/scratch/sr7849/QC_June28/ICASSP_multiseed_new_datasets/runs/cifar10/run_20260921_164946/checkpoints/table1/standard_qtl/seed_1_q4_d4/q4_d4/checkpoint_final.pt,0.668,0.6644908105887032,0.6624670898533516,0.6512240575981694,0.9336690148954008,12.510573863983154,12.510573863983154,2150,98,48,4,4,48,100,258020,63,712.90234375,table1/standard_qtl/seed_1_q4_d4.csv,Standard QTL,Standard QTL,Var.,4,4,48,,,66.8,11.518136194944383
CIFAR-10,cifar10,multiclass_10_class,Frozen ResNet18 (strict eval-mode cache),deb4201558858bf1d760dc14d0dd558c8f3cf6914e99701d3fcc7f2dcf5d955b,quantum,1,6,10,16,0.001,11999.226027727129,10,9,completed,,,/scratch/sr7849/QC_June28/ICASSP_multiseed_new_datasets/runs/cifar10/run_20260921_164946/checkpoints/table1/standard_qtl/seed_1_q6_d1/q6_d1/checkpoint_latest.pt,/scratch/sr7849/QC_June28/ICASSP_multiseed_new_datasets/runs/cifar10/run_20260921_164946/checkpoints/table1/standard_qtl/seed_1_q6_d1/q6_d1/checkpoint_best.pt,/scratch/sr7849/QC_June28/ICASSP_multiseed_new_datasets/runs/cifar10/run_20260921_164946/checkpoints/table1/standard_qtl/seed_1_q6_d1/q6_d1/checkpoint_final.pt,0.45,0.3917567242641483,0.4490133056522117,0.3780298439460682,0.8842135791947042,7.944677829742432,7.944677829742432,3166,88,18,6,1,18,100,98420,63,708.90234375,table1/standard_qtl/seed_1_q6_d1.csv,Standard QTL,Standard QTL,Var.,6,1,18,,,45.0,3.3331183410353136
CIFAR-10,cifar10,multiclass_10_class,Frozen ResNet18 (strict eval-mode cache),deb4201558858bf1d760dc14d0dd558c8f3cf6914e99701d3fcc7f2dcf5d955b,quantum,1,6,10,16,0.001,31567.32386112213,10,7,completed,,,/scratch/sr7849/QC_June28/ICASSP_multiseed_new_datasets/runs/cifar10/run_20260921_164946/checkpoints/table1/standard_qtl/seed_1_q6_d2/q6_d2/checkpoint_latest.pt,/scratch/sr7849/QC_June28/ICASSP_multiseed_new_datasets/runs/cifar10/run_20260921_164946/checkpoints/table1/standard_qtl/seed_1_q6_d2/q6_d2/checkpoint_best.pt,/scratch/sr7849/QC_June28/ICASSP_multiseed_new_datasets/runs/cifar10/run_20260921_164946/checkpoints/table1/standard_qtl/seed_1_q6_d2/q6_d2/checkpoint_final.pt,0.597,0.5509972596193212,0.5842701382626847,0.5380285073476118,0.9225774640605284,12.02940320968628,12.02940320968628,3184,106,36,6,2,36,100,194180,63,710.4609375,table1/standard_qtl/seed_1_q6_d2.csv,Standard QTL,Standard QTL,Var.,6,2,36,,,59.699999999999996,8.768701072533926
CIFAR-10,cifar10,multiclass_10_class,Frozen ResNet18 (strict eval-mode cache),deb4201558858bf1d760dc14d0dd558c8f3cf6914e99701d3fcc7f2dcf5d955b,quantum,1,6,10,16,0.001,94453.28894734384,10,9,completed,,,/scratch/sr7849/QC_June28/ICASSP_multiseed_new_datasets/runs/cifar10/run_20260921_164946/checkpoints/table1/standard_qtl/seed_1_q6_d4/q6_d4/checkpoint_latest.pt,/scratch/sr7849/QC_June28/ICASSP_multiseed_new_datasets/runs/cifar10/run_20260921_164946/checkpoints/table1/standard_qtl/seed_1_q6_d4/q6_d4/checkpoint_best.pt,/scratch/sr7849/QC_June28/ICASSP_multiseed_new_datasets/runs/cifar10/run_20260921_164946/checkpoints/table1/standard_qtl/seed_1_q6_d4/q6_d4/checkpoint_final.pt,0.629,0.6212354328260423,0.6333722077026245,0.6140585260555311,0.9292927240441812,18.54297471046448,18.54297471046448,3220,142,72,6,4,72,100,385700,63,717.29296875,table1/standard_qtl/seed_1_q6_d4.csv,Standard QTL,Standard QTL,Var.,6,4,72,,,62.9,26.237024707595513
CIFAR-10,cifar10,multiclass_10_class,Frozen ResNet18 (strict eval-mode cache),deb4201558858bf1d760dc14d0dd558c8f3cf6914e99701d3fcc7f2dcf5d955b,quantum,1,8,10,16,0.001,21678.833967208862,10,7,completed,,,/scratch/sr7849/QC_June28/ICASSP_multiseed_new_datasets/runs/cifar10/run_20260921_164946/checkpoints/table1/standard_qtl/seed_1_q8_d1/q8_d1/checkpoint_latest.pt,/scratch/sr7849/QC_June28/ICASSP_multiseed_new_datasets/runs/cifar10/run_20260921_164946/checkpoints/table1/standard_qtl/seed_1_q8_d1/q8_d1/checkpoint_best.pt,/scratch/sr7849/QC_June28/ICASSP_multiseed_new_datasets/runs/cifar10/run_20260921_164946/checkpoints/table1/standard_qtl/seed_1_q8_d1/q8_d1/checkpoint_final.pt,0.455,0.3375876083194774,0.4436664496905106,0.3506961580737419,0.8829743451155337,10.663665771484377,10.663665771484377,4218,114,24,8,1,24,100,130340,63,706.78515625,table1/standard_qtl/seed_1_q8_d1.csv,Standard QTL,Standard QTL,Var.,8,1,24,,,45.5,6.021898324224684
CIFAR-10,cifar10,multiclass_10_class,Frozen ResNet18 (strict eval-mode cache),deb4201558858bf1d760dc14d0dd558c8f3cf6914e99701d3fcc7f2dcf5d955b,quantum,1,8,10,16,0.001,55240.77536988258,10,10,completed,,,/scratch/sr7849/QC_June28/ICASSP_multiseed_new_datasets/runs/cifar10/run_20260921_164946/checkpoints/table1/standard_qtl/seed_1_q8_d2/q8_d2/checkpoint_latest.pt,/scratch/sr7849/QC_June28/ICASSP_multiseed_new_datasets/runs/cifar10/run_20260921_164946/checkpoints/table1/standard_qtl/seed_1_q8_d2/q8_d2/checkpoint_best.pt,/scratch/sr7849/QC_June28/ICASSP_multiseed_new_datasets/runs/cifar10/run_20260921_164946/checkpoints/table1/standard_qtl/seed_1_q8_d2/q8_d2/checkpoint_final.pt,0.684,0.6944118736357499,0.6832090525681398,0.6668126791690769,0.9504685101843596,15.06864881515503,15.06864881515503,4242,138,48,8,2,48,100,258020,63,711.75390625,table1/standard_qtl/seed_1_q8_d2.csv,Standard QTL,Standard QTL,Var.,8,2,48,,,68.4,15.344659824967385
CIFAR-10,cifar10,multiclass_10_class,Frozen ResNet18 (strict eval-mode cache),deb4201558858bf1d760dc14d0dd558c8f3cf6914e99701d3fcc7f2dcf5d955b,quantum,2026,4,10,16,0.001,6399.995356798172,10,8,completed,/scratch/sr7849/QC_June28/ICASSP_multiseed_new_datasets/runs/cifar10/run_20260921_164946/checkpoints/table1/standard_qtl/seed_2026_q4_d1/q4_d1/flashjt_forecast_epoch3.json,/scratch/sr7849/QC_June28/ICASSP_multiseed_new_datasets/runs/cifar10/run_20260921_164946/checkpoints/table1/standard_qtl/seed_2026_q4_d1/q4_d1/flashjt_verification_epoch6.json,/scratch/sr7849/QC_June28/ICASSP_multiseed_new_datasets/runs/cifar10/run_20260921_164946/checkpoints/table1/standard_qtl/seed_2026_q4_d1/q4_d1/checkpoint_latest.pt,/scratch/sr7849/QC_June28/ICASSP_multiseed_new_datasets/runs/cifar10/run_20260921_164946/checkpoints/table1/standard_qtl/seed_2026_q4_d1/q4_d1/checkpoint_best.pt,/scratch/sr7849/QC_June28/ICASSP_multiseed_new_datasets/runs/cifar10/run_20260921_164946/checkpoints/table1/standard_qtl/seed_2026_q4_d1/q4_d1/checkpoint_final.pt,0.415,0.3441569429313785,0.4058617533141145,0.326157337916534,0.8668319861271199,7.176416397094727,7.176416397094727,2114,62,12,4,1,12,100,66500,63,804.16796875,table1/standard_qtl/seed_2026_q4_d1.csv,Standard QTL,Standard QTL,Var.,4,1,12,,,41.5,1.7777764879994922
CIFAR-10,cifar10,multiclass_10_class,Frozen ResNet18 (strict eval-mode cache),deb4201558858bf1d760dc14d0dd558c8f3cf6914e99701d3fcc7f2dcf5d955b,quantum,2026,4,10,16,0.001,15113.234601974487,10,8,completed,/scratch/sr7849/QC_June28/ICASSP_multiseed_new_datasets/runs/cifar10/run_20260921_164946/checkpoints/table1/standard_qtl/seed_2026_q4_d2/q4_d2/flashjt_forecast_epoch3.json,/scratch/sr7849/QC_June28/ICASSP_multiseed_new_datasets/runs/cifar10/run_20260921_164946/checkpoints/table1/standard_qtl/seed_2026_q4_d2/q4_d2/flashjt_verification_epoch6.json,/scratch/sr7849/QC_June28/ICASSP_multiseed_new_datasets/runs/cifar10/run_20260921_164946/checkpoints/table1/standard_qtl/seed_2026_q4_d2/q4_d2/checkpoint_latest.pt,/scratch/sr7849/QC_June28/ICASSP_multiseed_new_datasets/runs/cifar10/run_20260921_164946/checkpoints/table1/standard_qtl/seed_2026_q4_d2/q4_d2/checkpoint_best.pt,/scratch/sr7849/QC_June28/ICASSP_multiseed_new_datasets/runs/cifar10/run_20260921_164946/checkpoints/table1/standard_qtl/seed_2026_q4_d2/q4_d2/checkpoint_final.pt,0.393,0.5165979230804462,0.3824471480446099,0.2913720786740438,0.8795084707386419,9.10199761390686,9.10199761390686,2126,74,24,4,2,24,100,130340,63,814.859375,table1/standard_qtl/seed_2026_q4_d2.csv,Standard QTL,Standard QTL,Var.,4,2,24,,,39.300000000000004,4.198120722770691
CIFAR-10,cifar10,multiclass_10_class,Frozen ResNet18 (strict eval-mode cache),deb4201558858bf1d760dc14d0dd558c8f3cf6914e99701d3fcc7f2dcf5d955b,quantum,2026,4,10,16,0.001,42467.18463635445,10,8,completed,/scratch/sr7849/QC_June28/ICASSP_multiseed_new_datasets/runs/cifar10/run_20260921_164946/checkpoints/table1/standard_qtl/seed_2026_q4_d4/q4_d4/flashjt_forecast_epoch3.json,/scratch/sr7849/QC_June28/ICASSP_multiseed_new_datasets/runs/cifar10/run_20260921_164946/checkpoints/table1/standard_qtl/seed_2026_q4_d4/q4_d4/flashjt_verification_epoch6.json,/scratch/sr7849/QC_June28/ICASSP_multiseed_new_datasets/runs/cifar10/run_20260921_164946/checkpoints/table1/standard_qtl/seed_2026_q4_d4/q4_d4/checkpoint_latest.pt,/scratch/sr7849/QC_June28/ICASSP_multiseed_new_datasets/runs/cifar10/run_20260921_164946/checkpoints/table1/standard_qtl/seed_2026_q4_d4/q4_d4/checkpoint_best.pt,/scratch/sr7849/QC_June28/ICASSP_multiseed_new_datasets/runs/cifar10/run_20260921_164946/checkpoints/table1/standard_qtl/seed_2026_q4_d4/q4_d4/checkpoint_final.pt,0.399,0.4270339959380678,0.4023769726359549,0.3574836631761146,0.8747607226683536,12.61819076538086,12.61819076538086,2150,98,48,4,4,48,100,258020,63,823.125,table1/standard_qtl/seed_2026_q4_d4.csv,Standard QTL,Standard QTL,Var.,4,4,48,,,39.900000000000006,11.796440176765124
CIFAR-10,cifar10,multiclass_10_class,Frozen ResNet18 (strict eval-mode cache),deb4201558858bf1d760dc14d0dd558c8f3cf6914e99701d3fcc7f2dcf5d955b,quantum,2026,6,10,16,0.001,12505.16452908516,10,8,completed,/scratch/sr7849/QC_June28/ICASSP_multiseed_new_datasets/runs/cifar10/run_20260921_164946/checkpoints/table1/standard_qtl/seed_2026_q6_d1/q6_d1/flashjt_forecast_epoch3.json,/scratch/sr7849/QC_June28/ICASSP_multiseed_new_datasets/runs/cifar10/run_20260921_164946/checkpoints/table1/standard_qtl/seed_2026_q6_d1/q6_d1/flashjt_verification_epoch6.json,/scratch/sr7849/QC_June28/ICASSP_multiseed_new_datasets/runs/cifar10/run_20260921_164946/checkpoints/table1/standard_qtl/seed_2026_q6_d1/q6_d1/checkpoint_latest.pt,/scratch/sr7849/QC_June28/ICASSP_multiseed_new_datasets/runs/cifar10/run_20260921_164946/checkpoints/table1/standard_qtl/seed_2026_q6_d1/q6_d1/checkpoint_best.pt,/scratch/sr7849/QC_June28/ICASSP_multiseed_new_datasets/runs/cifar10/run_20260921_164946/checkpoints/table1/standard_qtl/seed_2026_q6_d1/q6_d1/checkpoint_final.pt,0.458,0.4193266509449186,0.4370281096148696,0.3648762122072878,0.8728872360978382,8.429567813873291,8.429567813873291,3166,88,18,6,1,18,100,98420,63,818.0859375,table1/standard_qtl/seed_2026_q6_d1.csv,Standard QTL,Standard QTL,Var.,6,1,18,,,45.800000000000004,3.4736568136347663
CIFAR-10,cifar10,multiclass_10_class,Frozen ResNet18 (strict eval-mode cache),deb4201558858bf1d760dc14d0dd558c8f3cf6914e99701d3fcc7f2dcf5d955b,quantum,2026,6,10,16,0.001,18482.968525886536,6,6,flashjt_validated,/scratch/sr7849/QC_June28/ICASSP_multiseed_new_datasets/runs/cifar10/run_20260921_164946/checkpoints/table1/standard_qtl/seed_2026_q6_d2/q6_d2/flashjt_forecast_epoch3.json,/scratch/sr7849/QC_June28/ICASSP_multiseed_new_datasets/runs/cifar10/run_20260921_164946/checkpoints/table1/standard_qtl/seed_2026_q6_d2/q6_d2/flashjt_verification_epoch6.json,/scratch/sr7849/QC_June28/ICASSP_multiseed_new_datasets/runs/cifar10/run_20260921_164946/checkpoints/table1/standard_qtl/seed_2026_q6_d2/q6_d2/checkpoint_latest.pt,/scratch/sr7849/QC_June28/ICASSP_multiseed_new_datasets/runs/cifar10/run_20260921_164946/checkpoints/table1/standard_qtl/seed_2026_q6_d2/q6_d2/checkpoint_best.pt,/scratch/sr7849/QC_June28/ICASSP_multiseed_new_datasets/runs/cifar10/run_20260921_164946/checkpoints/table1/standard_qtl/seed_2026_q6_d2/q6_d2/checkpoint_final.pt,0.661,0.649239127730507,0.6560835767322497,0.6433336058239263,0.9358461480483404,11.367435216903688,11.367435216903688,3184,106,36,6,2,36,100,116508,63,821.9921875,table1/standard_qtl/seed_2026_q6_d2.csv,Standard QTL,Standard QTL,Var.,6,2,36,,,66.10000000000001,5.134157923857371
CIFAR-10,cifar10,multiclass_10_class,Frozen ResNet18 (strict eval-mode cache),deb4201558858bf1d760dc14d0dd558c8f3cf6914e99701d3fcc7f2dcf5d955b,quantum,2026,6,10,16,0.001,54214.91411972046,6,6,flashjt_validated,/scratch/sr7849/QC_June28/ICASSP_multiseed_new_datasets/runs/cifar10/run_20260921_164946/checkpoints/table1/standard_qtl/seed_2026_q6_d4/q6_d4/flashjt_forecast_epoch3.json,/scratch/sr7849/QC_June28/ICASSP_multiseed_new_datasets/runs/cifar10/run_20260921_164946/checkpoints/table1/standard_qtl/seed_2026_q6_d4/q6_d4/flashjt_verification_epoch6.json,/scratch/sr7849/QC_June28/ICASSP_multiseed_new_datasets/runs/cifar10/run_20260921_164946/checkpoints/table1/standard_qtl/seed_2026_q6_d4/q6_d4/checkpoint_latest.pt,/scratch/sr7849/QC_June28/ICASSP_multiseed_new_datasets/runs/cifar10/run_20260921_164946/checkpoints/table1/standard_qtl/seed_2026_q6_d4/q6_d4/checkpoint_best.pt,/scratch/sr7849/QC_June28/ICASSP_multiseed_new_datasets/runs/cifar10/run_20260921_164946/checkpoints/table1/standard_qtl/seed_2026_q6_d4/q6_d4/checkpoint_final.pt,0.423,0.4242681521330164,0.4103424923774647,0.3401423180034579,0.8873223445947198,17.848244190216064,17.848244190216064,3220,142,72,6,4,72,100,231420,63,852.94921875,table1/standard_qtl/seed_2026_q6_d4.csv,Standard QTL,Standard QTL,Var.,6,4,72,,,42.3,15.059698366589016
CIFAR-10,cifar10,multiclass_10_class,Frozen ResNet18 (strict eval-mode cache),deb4201558858bf1d760dc14d0dd558c8f3cf6914e99701d3fcc7f2dcf5d955b,quantum,2026,8,10,16,0.001,21608.006945848465,10,9,completed,/scratch/sr7849/QC_June28/ICASSP_multiseed_new_datasets/runs/cifar10/run_20260921_164946/checkpoints/table1/standard_qtl/seed_2026_q8_d1/q8_d1/flashjt_forecast_epoch3.json,/scratch/sr7849/QC_June28/ICASSP_multiseed_new_datasets/runs/cifar10/run_20260921_164946/checkpoints/table1/standard_qtl/seed_2026_q8_d1/q8_d1/flashjt_verification_epoch6.json,/scratch/sr7849/QC_June28/ICASSP_multiseed_new_datasets/runs/cifar10/run_20260921_164946/checkpoints/table1/standard_qtl/seed_2026_q8_d1/q8_d1/checkpoint_latest.pt,/scratch/sr7849/QC_June28/ICASSP_multiseed_new_datasets/runs/cifar10/run_20260921_164946/checkpoints/table1/standard_qtl/seed_2026_q8_d1/q8_d1/checkpoint_best.pt,/scratch/sr7849/QC_June28/ICASSP_multiseed_new_datasets/runs/cifar10/run_20260921_164946/checkpoints/table1/standard_qtl/seed_2026_q8_d1/q8_d1/checkpoint_final.pt,0.505,0.4306631277011524,0.4833172520261224,0.4256178768882108,0.9188377384081896,10.681146144866943,10.681146144866943,4218,114,24,8,1,24,100,130340,63,818.421875,table1/standard_qtl/seed_2026_q8_d1.csv,Standard QTL,Standard QTL,Var.,8,1,24,,,50.5,6.002224151624573
CIFAR-10,cifar10,multiclass_10_class,Frozen ResNet18 (strict eval-mode cache),deb4201558858bf1d760dc14d0dd558c8f3cf6914e99701d3fcc7f2dcf5d955b,quantum,2026,8,10,16,0.001,32698.10250854492,6,4,flashjt_validated,/scratch/sr7849/QC_June28/ICASSP_multiseed_new_datasets/runs/cifar10/run_20260921_164946/checkpoints/table1/standard_qtl/seed_2026_q8_d2/q8_d2/flashjt_forecast_epoch3.json,/scratch/sr7849/QC_June28/ICASSP_multiseed_new_datasets/runs/cifar10/run_20260921_164946/checkpoints/table1/standard_qtl/seed_2026_q8_d2/q8_d2/flashjt_verification_epoch6.json,/scratch/sr7849/QC_June28/ICASSP_multiseed_new_datasets/runs/cifar10/run_20260921_164946/checkpoints/table1/standard_qtl/seed_2026_q8_d2/q8_d2/checkpoint_latest.pt,/scratch/sr7849/QC_June28/ICASSP_multiseed_new_datasets/runs/cifar10/run_20260921_164946/checkpoints/table1/standard_qtl/seed_2026_q8_d2/q8_d2/checkpoint_best.pt,/scratch/sr7849/QC_June28/ICASSP_multiseed_new_datasets/runs/cifar10/run_20260921_164946/checkpoints/table1/standard_qtl/seed_2026_q8_d2/q8_d2/checkpoint_final.pt,0.596,0.6213336745371066,0.5960145156340758,0.5692409458277016,0.9285768173450684,14.956534385681152,14.956534385681152,4242,138,48,8,2,48,100,154812,63,844.171875,table1/standard_qtl/seed_2026_q8_d2.csv,Standard QTL,Standard QTL,Var.,8,2,48,,,59.599999999999994,9.082806252373588
CIFAR-10,cifar10,multiclass_10_class,Frozen ResNet18 (strict eval-mode cache),deb4201558858bf1d760dc14d0dd558c8f3cf6914e99701d3fcc7f2dcf5d955b,quantum,42,4,10,16,0.001,6021.736639738083,10,10,completed,,,/scratch/sr7849/QC_June28/ICASSP_multiseed_new_datasets/runs/cifar10/run_20260921_164946/checkpoints/table1/standard_qtl/seed_42_q4_d1/q4_d1/checkpoint_latest.pt,/scratch/sr7849/QC_June28/ICASSP_multiseed_new_datasets/runs/cifar10/run_20260921_164946/checkpoints/table1/standard_qtl/seed_42_q4_d1/q4_d1/checkpoint_best.pt,/scratch/sr7849/QC_June28/ICASSP_multiseed_new_datasets/runs/cifar10/run_20260921_164946/checkpoints/table1/standard_qtl/seed_42_q4_d1/q4_d1/checkpoint_final.pt,0.486,0.4689312259614125,0.4834805782216103,0.4262996331519122,0.8805507490186782,6.174288034439087,6.174288034439087,2114,62,12,4,1,12,100,66500,63,710.28515625,table1/standard_qtl/seed_42_q4_d1.csv,Standard QTL,Standard QTL,Var.,4,1,12,,,48.6,1.6727046221494675
CIFAR-10,cifar10,multiclass_10_class,Frozen ResNet18 (strict eval-mode cache),deb4201558858bf1d760dc14d0dd558c8f3cf6914e99701d3fcc7f2dcf5d955b,quantum,42,4,10,16,0.001,14691.56298327446,10,10,completed,,,/scratch/sr7849/QC_June28/ICASSP_multiseed_new_datasets/runs/cifar10/run_20260921_164946/checkpoints/table1/standard_qtl/seed_42_q4_d2/q4_d2/checkpoint_latest.pt,/scratch/sr7849/QC_June28/ICASSP_multiseed_new_datasets/runs/cifar10/run_20260921_164946/checkpoints/table1/standard_qtl/seed_42_q4_d2/q4_d2/checkpoint_best.pt,/scratch/sr7849/QC_June28/ICASSP_multiseed_new_datasets/runs/cifar10/run_20260921_164946/checkpoints/table1/standard_qtl/seed_42_q4_d2/q4_d2/checkpoint_final.pt,0.443,0.4056869030540516,0.433979667662544,0.4035646822578043,0.9008762235944788,8.530665636062622,8.530665636062622,2126,74,24,4,2,24,100,130340,63,710.63671875,table1/standard_qtl/seed_42_q4_d2.csv,Standard QTL,Standard QTL,Var.,4,2,24,,,44.3,4.080989717576239
CIFAR-10,cifar10,multiclass_10_class,Frozen ResNet18 (strict eval-mode cache),deb4201558858bf1d760dc14d0dd558c8f3cf6914e99701d3fcc7f2dcf5d955b,quantum,42,4,10,16,0.001,42750.342806339264,10,10,completed,,,/scratch/sr7849/QC_June28/ICASSP_multiseed_new_datasets/runs/cifar10/run_20260921_164946/checkpoints/table1/standard_qtl/seed_42_q4_d4/q4_d4/checkpoint_latest.pt,/scratch/sr7849/QC_June28/ICASSP_multiseed_new_datasets/runs/cifar10/run_20260921_164946/checkpoints/table1/standard_qtl/seed_42_q4_d4/q4_d4/checkpoint_best.pt,/scratch/sr7849/QC_June28/ICASSP_multiseed_new_datasets/runs/cifar10/run_20260921_164946/checkpoints/table1/standard_qtl/seed_42_q4_d4/q4_d4/checkpoint_final.pt,0.497,0.496566979780926,0.4972413390597675,0.4500546431382723,0.8916010923092221,12.574455976486206,12.574455976486206,2150,98,48,4,4,48,100,258020,63,715.07421875,table1/standard_qtl/seed_42_q4_d4.csv,Standard QTL,Standard QTL,Var.,4,4,48,,,49.7,11.875095223983129
CIFAR-10,cifar10,multiclass_10_class,Frozen ResNet18 (strict eval-mode cache),deb4201558858bf1d760dc14d0dd558c8f3cf6914e99701d3fcc7f2dcf5d955b,quantum,42,6,10,16,0.001,12365.289328336716,10,10,completed,,,/scratch/sr7849/QC_June28/ICASSP_multiseed_new_datasets/runs/cifar10/run_20260921_164946/checkpoints/table1/standard_qtl/seed_42_q6_d1/q6_d1/checkpoint_latest.pt,/scratch/sr7849/QC_June28/ICASSP_multiseed_new_datasets/runs/cifar10/run_20260921_164946/checkpoints/table1/standard_qtl/seed_42_q6_d1/q6_d1/checkpoint_best.pt,/scratch/sr7849/QC_June28/ICASSP_multiseed_new_datasets/runs/cifar10/run_20260921_164946/checkpoints/table1/standard_qtl/seed_42_q6_d1/q6_d1/checkpoint_final.pt,0.463,0.4760026623368262,0.4627216151326584,0.415012231101236,0.8990726767905158,8.135470151901245,8.135470151901245,3166,88,18,6,1,18,100,98420,63,711.046875,table1/standard_qtl/seed_42_q6_d1.csv,Standard QTL,Standard QTL,Var.,6,1,18,,,46.300000000000004,3.4348025912046434
CIFAR-10,cifar10,multiclass_10_class,Frozen ResNet18 (strict eval-mode cache),deb4201558858bf1d760dc14d0dd558c8f3cf6914e99701d3fcc7f2dcf5d955b,quantum,42,6,10,16,0.001,30807.237552404404,10,10,completed,,,/scratch/sr7849/QC_June28/ICASSP_multiseed_new_datasets/runs/cifar10/run_20260921_164946/checkpoints/table1/standard_qtl/seed_42_q6_d2/q6_d2/checkpoint_latest.pt,/scratch/sr7849/QC_June28/ICASSP_multiseed_new_datasets/runs/cifar10/run_20260921_164946/checkpoints/table1/standard_qtl/seed_42_q6_d2/q6_d2/checkpoint_best.pt,/scratch/sr7849/QC_June28/ICASSP_multiseed_new_datasets/runs/cifar10/run_20260921_164946/checkpoints/table1/standard_qtl/seed_42_q6_d2/q6_d2/checkpoint_final.pt,0.537,0.5118360474881648,0.5194420114862981,0.4874588112681185,0.9152561029534286,11.588296890258787,11.588296890258787,3184,106,36,6,2,36,100,194180,63,714.8671875,table1/standard_qtl/seed_42_q6_d2.csv,Standard QTL,Standard QTL,Var.,6,2,36,,,53.7,8.557565986779
CIFAR-10,cifar10,multiclass_10_class,Frozen ResNet18 (strict eval-mode cache),deb4201558858bf1d760dc14d0dd558c8f3cf6914e99701d3fcc7f2dcf5d955b,quantum,42,6,10,16,0.001,93297.03945922852,10,9,completed,,,/scratch/sr7849/QC_June28/ICASSP_multiseed_new_datasets/runs/cifar10/run_20260921_164946/checkpoints/table1/standard_qtl/seed_42_q6_d4/q6_d4/checkpoint_latest.pt,/scratch/sr7849/QC_June28/ICASSP_multiseed_new_datasets/runs/cifar10/run_20260921_164946/checkpoints/table1/standard_qtl/seed_42_q6_d4/q6_d4/checkpoint_best.pt,/scratch/sr7849/QC_June28/ICASSP_multiseed_new_datasets/runs/cifar10/run_20260921_164946/checkpoints/table1/standard_qtl/seed_42_q6_d4/q6_d4/checkpoint_final.pt,0.699,0.7006902828589661,0.6962962042229441,0.6799441571950786,0.9470963330040802,18.346195459365845,18.346195459365845,3220,142,72,6,4,72,100,385700,63,722.19921875,table1/standard_qtl/seed_42_q6_d4.csv,Standard QTL,Standard QTL,Var.,6,4,72,,,69.89999999999999,25.915844294230144
CIFAR-10,cifar10,multiclass_10_class,Frozen ResNet18 (strict eval-mode cache),deb4201558858bf1d760dc14d0dd558c8f3cf6914e99701d3fcc7f2dcf5d955b,quantum,42,8,10,16,0.001,21207.84443807602,10,10,completed,,,/scratch/sr7849/QC_June28/ICASSP_multiseed_new_datasets/runs/cifar10/run_20260921_164946/checkpoints/table1/standard_qtl/seed_42_q8_d1/q8_d1/checkpoint_latest.pt,/scratch/sr7849/QC_June28/ICASSP_multiseed_new_datasets/runs/cifar10/run_20260921_164946/checkpoints/table1/standard_qtl/seed_42_q8_d1/q8_d1/checkpoint_best.pt,/scratch/sr7849/QC_June28/ICASSP_multiseed_new_datasets/runs/cifar10/run_20260921_164946/checkpoints/table1/standard_qtl/seed_42_q8_d1/q8_d1/checkpoint_final.pt,0.578,0.581492895390761,0.5762657699374714,0.5361843572890111,0.9235385293884912,10.191800594329834,10.191800594329834,4218,114,24,8,1,24,100,130340,63,711.703125,table1/standard_qtl/seed_42_q8_d1.csv,Standard QTL,Standard QTL,Var.,8,1,24,,,57.8,5.891067899465561
CIFAR-10,cifar10,multiclass_10_class,Frozen ResNet18 (strict eval-mode cache),deb4201558858bf1d760dc14d0dd558c8f3cf6914e99701d3fcc7f2dcf5d955b,quantum,42,8,10,16,0.001,54480.4838616848,10,8,completed,,,/scratch/sr7849/QC_June28/ICASSP_multiseed_new_datasets/runs/cifar10/run_20260921_164946/checkpoints/table1/standard_qtl/seed_42_q8_d2/q8_d2/checkpoint_latest.pt,/scratch/sr7849/QC_June28/ICASSP_multiseed_new_datasets/runs/cifar10/run_20260921_164946/checkpoints/table1/standard_qtl/seed_42_q8_d2/q8_d2/checkpoint_best.pt,/scratch/sr7849/QC_June28/ICASSP_multiseed_new_datasets/runs/cifar10/run_20260921_164946/checkpoints/table1/standard_qtl/seed_42_q8_d2/q8_d2/checkpoint_final.pt,0.497,0.4619868419786512,0.4859550302345253,0.4330881260024865,0.9026745580661732,15.0271155834198,15.0271155834198,4242,138,48,8,2,48,100,258020,63,716.24609375,table1/standard_qtl/seed_42_q8_d2.csv,Standard QTL,Standard QTL,Var.,8,2,48,,,49.7,15.133467739356888
CIFAR-10,cifar10,multiclass_10_class,Frozen ResNet18 (strict eval-mode cache),deb4201558858bf1d760dc14d0dd558c8f3cf6914e99701d3fcc7f2dcf5d955b,quantum,48,4,10,16,0.001,6000.983423233032,10,10,completed,,,/scratch/sr7849/QC_June28/ICASSP_multiseed_new_datasets/runs/cifar10/run_20260921_164946/checkpoints/table1/standard_qtl/seed_48_q4_d1/q4_d1/checkpoint_latest.pt,/scratch/sr7849/QC_June28/ICASSP_multiseed_new_datasets/runs/cifar10/run_20260921_164946/checkpoints/table1/standard_qtl/seed_48_q4_d1/q4_d1/checkpoint_best.pt,/scratch/sr7849/QC_June28/ICASSP_multiseed_new_datasets/runs/cifar10/run_20260921_164946/checkpoints/table1/standard_qtl/seed_48_q4_d1/q4_d1/checkpoint_final.pt,0.444,0.3879659654529424,0.4401678125299318,0.3517375245405383,0.8914327525061833,6.115385055541992,6.115385055541992,2114,62,12,4,1,12,100,66500,63,710.29296875,table1/standard_qtl/seed_48_q4_d1.csv,Standard QTL,Standard QTL,Var.,4,1,12,,,44.4,1.6669398397869535
CIFAR-10,cifar10,multiclass_10_class,Frozen ResNet18 (strict eval-mode cache),deb4201558858bf1d760dc14d0dd558c8f3cf6914e99701d3fcc7f2dcf5d955b,quantum,48,4,10,16,0.001,14253.604478359222,10,7,completed,,,/scratch/sr7849/QC_June28/ICASSP_multiseed_new_datasets/runs/cifar10/run_20260921_164946/checkpoints/table1/standard_qtl/seed_48_q4_d2/q4_d2/checkpoint_latest.pt,/scratch/sr7849/QC_June28/ICASSP_multiseed_new_datasets/runs/cifar10/run_20260921_164946/checkpoints/table1/standard_qtl/seed_48_q4_d2/q4_d2/checkpoint_best.pt,/scratch/sr7849/QC_June28/ICASSP_multiseed_new_datasets/runs/cifar10/run_20260921_164946/checkpoints/table1/standard_qtl/seed_48_q4_d2/q4_d2/checkpoint_final.pt,0.485,0.4356547186676738,0.4714882596689839,0.4329225842065661,0.8990460200246257,8.249732732772827,8.249732732772827,2126,74,24,4,2,24,100,130340,63,710.76953125,table1/standard_qtl/seed_48_q4_d2.csv,Standard QTL,Standard QTL,Var.,4,2,24,,,48.5,3.9593345773220063
CIFAR-10,cifar10,multiclass_10_class,Frozen ResNet18 (strict eval-mode cache),deb4201558858bf1d760dc14d0dd558c8f3cf6914e99701d3fcc7f2dcf5d955b,quantum,48,4,10,16,0.001,42412.32570338249,10,10,completed,,,/scratch/sr7849/QC_June28/ICASSP_multiseed_new_datasets/runs/cifar10/run_20260921_164946/checkpoints/table1/standard_qtl/seed_48_q4_d4/q4_d4/checkpoint_latest.pt,/scratch/sr7849/QC_June28/ICASSP_multiseed_new_datasets/runs/cifar10/run_20260921_164946/checkpoints/table1/standard_qtl/seed_48_q4_d4/q4_d4/checkpoint_best.pt,/scratch/sr7849/QC_June28/ICASSP_multiseed_new_datasets/runs/cifar10/run_20260921_164946/checkpoints/table1/standard_qtl/seed_48_q4_d4/q4_d4/checkpoint_final.pt,0.536,0.5125978944954994,0.5294177300061118,0.4815464969881084,0.92624215545154,12.889847040176392,12.889847040176392,2150,98,48,4,4,48,100,258020,63,715.12890625,table1/standard_qtl/seed_48_q4_d4.csv,Standard QTL,Standard QTL,Var.,4,4,48,,,53.6,11.781201584272914
CIFAR-10,cifar10,multiclass_10_class,Frozen ResNet18 (strict eval-mode cache),deb4201558858bf1d760dc14d0dd558c8f3cf6914e99701d3fcc7f2dcf5d955b,quantum,48,6,10,16,0.001,12762.321254730225,10,8,completed,,,/scratch/sr7849/QC_June28/ICASSP_multiseed_new_datasets/runs/cifar10/run_20260921_164946/checkpoints/table1/standard_qtl/seed_48_q6_d1/q6_d1/checkpoint_latest.pt,/scratch/sr7849/QC_June28/ICASSP_multiseed_new_datasets/runs/cifar10/run_20260921_164946/checkpoints/table1/standard_qtl/seed_48_q6_d1/q6_d1/checkpoint_best.pt,/scratch/sr7849/QC_June28/ICASSP_multiseed_new_datasets/runs/cifar10/run_20260921_164946/checkpoints/table1/standard_qtl/seed_48_q6_d1/q6_d1/checkpoint_final.pt,0.466,0.4067356552623741,0.4578926590697533,0.4006431538619347,0.893449263140346,8.722169160842896,8.722169160842896,3166,88,18,6,1,18,100,98420,63,707.20703125,table1/standard_qtl/seed_48_q6_d1.csv,Standard QTL,Standard QTL,Var.,6,1,18,,,46.6,3.545089237425062
CIFAR-10,cifar10,multiclass_10_class,Frozen ResNet18 (strict eval-mode cache),deb4201558858bf1d760dc14d0dd558c8f3cf6914e99701d3fcc7f2dcf5d955b,quantum,48,6,10,16,0.001,31330.02207326889,10,10,completed,,,/scratch/sr7849/QC_June28/ICASSP_multiseed_new_datasets/runs/cifar10/run_20260921_164946/checkpoints/table1/standard_qtl/seed_48_q6_d2/q6_d2/checkpoint_latest.pt,/scratch/sr7849/QC_June28/ICASSP_multiseed_new_datasets/runs/cifar10/run_20260921_164946/checkpoints/table1/standard_qtl/seed_48_q6_d2/q6_d2/checkpoint_best.pt,/scratch/sr7849/QC_June28/ICASSP_multiseed_new_datasets/runs/cifar10/run_20260921_164946/checkpoints/table1/standard_qtl/seed_48_q6_d2/q6_d2/checkpoint_final.pt,0.593,0.5859641634137087,0.5956788615198236,0.5524864885626022,0.9265403419913292,11.91397762298584,11.91397762298584,3184,106,36,6,2,36,100,194180,63,715.94921875,table1/standard_qtl/seed_48_q6_d2.csv,Standard QTL,Standard QTL,Var.,6,2,36,,,59.3,8.702783909241358
CIFAR-10,cifar10,multiclass_10_class,Frozen ResNet18 (strict eval-mode cache),deb4201558858bf1d760dc14d0dd558c8f3cf6914e99701d3fcc7f2dcf5d955b,quantum,48,6,10,16,0.001,95079.59263730048,10,10,completed,,,/scratch/sr7849/QC_June28/ICASSP_multiseed_new_datasets/runs/cifar10/run_20260921_164946/checkpoints/table1/standard_qtl/seed_48_q6_d4/q6_d4/checkpoint_latest.pt,/scratch/sr7849/QC_June28/ICASSP_multiseed_new_datasets/runs/cifar10/run_20260921_164946/checkpoints/table1/standard_qtl/seed_48_q6_d4/q6_d4/checkpoint_best.pt,/scratch/sr7849/QC_June28/ICASSP_multiseed_new_datasets/runs/cifar10/run_20260921_164946/checkpoints/table1/standard_qtl/seed_48_q6_d4/q6_d4/checkpoint_final.pt,0.62,0.6094033109434966,0.6211251571514734,0.5779440199060366,0.9397080874393474,18.66097569465637,18.66097569465637,3220,142,72,6,4,72,100,385700,63,722.2109375,table1/standard_qtl/seed_48_q6_d4.csv,Standard QTL,Standard QTL,Var.,6,4,72,,,62.0,26.410997954805687
CIFAR-10,cifar10,multiclass_10_class,Frozen ResNet18 (strict eval-mode cache),deb4201558858bf1d760dc14d0dd558c8f3cf6914e99701d3fcc7f2dcf5d955b,quantum,48,8,10,16,0.001,21386.938543081284,10,10,completed,,,/scratch/sr7849/QC_June28/ICASSP_multiseed_new_datasets/runs/cifar10/run_20260921_164946/checkpoints/table1/standard_qtl/seed_48_q8_d1/q8_d1/checkpoint_latest.pt,/scratch/sr7849/QC_June28/ICASSP_multiseed_new_datasets/runs/cifar10/run_20260921_164946/checkpoints/table1/standard_qtl/seed_48_q8_d1/q8_d1/checkpoint_best.pt,/scratch/sr7849/QC_June28/ICASSP_multiseed_new_datasets/runs/cifar10/run_20260921_164946/checkpoints/table1/standard_qtl/seed_48_q8_d1/q8_d1/checkpoint_final.pt,0.485,0.3637156072914587,0.4691578780372989,0.383624933706931,0.9124351076435356,10.588894128799438,10.588894128799438,4218,114,24,8,1,24,100,130340,63,711.71484375,table1/standard_qtl/seed_48_q8_d1.csv,Standard QTL,Standard QTL,Var.,8,1,24,,,48.5,5.940816261967023
CIFAR-10,cifar10,multiclass_10_class,Frozen ResNet18 (strict eval-mode cache),deb4201558858bf1d760dc14d0dd558c8f3cf6914e99701d3fcc7f2dcf5d955b,quantum,48,8,10,16,0.001,54241.93175506592,10,10,completed,,,/scratch/sr7849/QC_June28/ICASSP_multiseed_new_datasets/runs/cifar10/run_20260921_164946/checkpoints/table1/standard_qtl/seed_48_q8_d2/q8_d2/checkpoint_latest.pt,/scratch/sr7849/QC_June28/ICASSP_multiseed_new_datasets/runs/cifar10/run_20260921_164946/checkpoints/table1/standard_qtl/seed_48_q8_d2/q8_d2/checkpoint_best.pt,/scratch/sr7849/QC_June28/ICASSP_multiseed_new_datasets/runs/cifar10/run_20260921_164946/checkpoints/table1/standard_qtl/seed_48_q8_d2/q8_d2/checkpoint_final.pt,0.672,0.6721574029675034,0.6688533191403639,0.6569584984720025,0.9490845959389628,14.649615287780762,14.649615287780762,4242,138,48,8,2,48,100,258020,63,715.05078125,table1/standard_qtl/seed_48_q8_d2.csv,Standard QTL,Standard QTL,Var.,8,2,48,,,67.2,15.067203265296088
CIFAR-10,cifar10,multiclass_10_class,Frozen ResNet18 (strict eval-mode cache),deb4201558858bf1d760dc14d0dd558c8f3cf6914e99701d3fcc7f2dcf5d955b,quantum,550,4,10,16,0.001,6109.314891815186,10,8,completed,/scratch/sr7849/QC_June28/ICASSP_multiseed_new_datasets/runs/cifar10/run_20260921_164946/checkpoints/table1/standard_qtl/seed_550_q4_d1/q4_d1/flashjt_forecast_epoch3.json,/scratch/sr7849/QC_June28/ICASSP_multiseed_new_datasets/runs/cifar10/run_20260921_164946/checkpoints/table1/standard_qtl/seed_550_q4_d1/q4_d1/flashjt_verification_epoch6.json,/scratch/sr7849/QC_June28/ICASSP_multiseed_new_datasets/runs/cifar10/run_20260921_164946/checkpoints/table1/standard_qtl/seed_550_q4_d1/q4_d1/checkpoint_latest.pt,/scratch/sr7849/QC_June28/ICASSP_multiseed_new_datasets/runs/cifar10/run_20260921_164946/checkpoints/table1/standard_qtl/seed_550_q4_d1/q4_d1/checkpoint_best.pt,/scratch/sr7849/QC_June28/ICASSP_multiseed_new_datasets/runs/cifar10/run_20260921_164946/checkpoints/table1/standard_qtl/seed_550_q4_d1/q4_d1/checkpoint_final.pt,0.306,0.2284699680733287,0.2921716470190387,0.2184863193963425,0.8249466730209216,6.460688352584839,6.460688352584839,2114,62,12,4,1,12,100,66500,63,804.890625,table1/standard_qtl/seed_550_q4_d1.csv,Standard QTL,Standard QTL,Var.,4,1,12,,,30.599999999999998,1.6970319143931072
CIFAR-10,cifar10,multiclass_10_class,Frozen ResNet18 (strict eval-mode cache),deb4201558858bf1d760dc14d0dd558c8f3cf6914e99701d3fcc7f2dcf5d955b,quantum,550,4,10,16,0.001,10401.516459941864,10,10,completed,/scratch/sr7849/QC_June28/ICASSP_multiseed_new_datasets/runs/cifar10/run_20260921_164946/checkpoints/table1/standard_qtl/seed_550_q4_d2/q4_d2/flashjt_forecast_epoch3.json,/scratch/sr7849/QC_June28/ICASSP_multiseed_new_datasets/runs/cifar10/run_20260921_164946/checkpoints/table1/standard_qtl/seed_550_q4_d2/q4_d2/flashjt_verification_epoch6.json,/scratch/sr7849/QC_June28/ICASSP_multiseed_new_datasets/runs/cifar10/run_20260921_164946/checkpoints/table1/standard_qtl/seed_550_q4_d2/q4_d2/checkpoint_latest.pt,/scratch/sr7849/QC_June28/ICASSP_multiseed_new_datasets/runs/cifar10/run_20260921_164946/checkpoints/table1/standard_qtl/seed_550_q4_d2/q4_d2/checkpoint_best.pt,/scratch/sr7849/QC_June28/ICASSP_multiseed_new_datasets/runs/cifar10/run_20260921_164946/checkpoints/table1/standard_qtl/seed_550_q4_d2/q4_d2/checkpoint_final.pt,0.39,0.3956006576874696,0.373533486357859,0.3014941207096813,0.8493381012907883,5.978674411773682,5.978674411773682,2126,74,24,4,2,24,100,130340,63,805.55078125,table1/standard_qtl/seed_550_q4_d2.csv,Standard QTL,Standard QTL,Var.,4,2,24,,,39.0,2.889310127761629
CIFAR-10,cifar10,multiclass_10_class,Frozen ResNet18 (strict eval-mode cache),deb4201558858bf1d760dc14d0dd558c8f3cf6914e99701d3fcc7f2dcf5d955b,quantum,550,4,10,16,0.001,42385.81163096428,10,9,completed,/scratch/sr7849/QC_June28/ICASSP_multiseed_new_datasets/runs/cifar10/run_20260921_164946/checkpoints/table1/standard_qtl/seed_550_q4_d4/q4_d4/flashjt_forecast_epoch3.json,/scratch/sr7849/QC_June28/ICASSP_multiseed_new_datasets/runs/cifar10/run_20260921_164946/checkpoints/table1/standard_qtl/seed_550_q4_d4/q4_d4/flashjt_verification_epoch6.json,/scratch/sr7849/QC_June28/ICASSP_multiseed_new_datasets/runs/cifar10/run_20260921_164946/checkpoints/table1/standard_qtl/seed_550_q4_d4/q4_d4/checkpoint_latest.pt,/scratch/sr7849/QC_June28/ICASSP_multiseed_new_datasets/runs/cifar10/run_20260921_164946/checkpoints/table1/standard_qtl/seed_550_q4_d4/q4_d4/checkpoint_best.pt,/scratch/sr7849/QC_June28/ICASSP_multiseed_new_datasets/runs/cifar10/run_20260921_164946/checkpoints/table1/standard_qtl/seed_550_q4_d4/q4_d4/checkpoint_final.pt,0.615,0.6192263018099645,0.6153580997631927,0.587478795196553,0.9379885759631024,12.931434869766235,12.931434869766235,2150,98,48,4,4,48,100,258020,63,823.15625,table1/standard_qtl/seed_550_q4_d4.csv,Standard QTL,Standard QTL,Var.,4,4,48,,,61.5,11.773836564156744
CIFAR-10,cifar10,multiclass_10_class,Frozen ResNet18 (strict eval-mode cache),deb4201558858bf1d760dc14d0dd558c8f3cf6914e99701d3fcc7f2dcf5d955b,quantum,550,6,10,16,0.001,11226.911640644072,9,6,early_stopping,/scratch/sr7849/QC_June28/ICASSP_multiseed_new_datasets/runs/cifar10/run_20260921_164946/checkpoints/table1/standard_qtl/seed_550_q6_d1/q6_d1/flashjt_forecast_epoch3.json,/scratch/sr7849/QC_June28/ICASSP_multiseed_new_datasets/runs/cifar10/run_20260921_164946/checkpoints/table1/standard_qtl/seed_550_q6_d1/q6_d1/flashjt_verification_epoch6.json,/scratch/sr7849/QC_June28/ICASSP_multiseed_new_datasets/runs/cifar10/run_20260921_164946/checkpoints/table1/standard_qtl/seed_550_q6_d1/q6_d1/checkpoint_latest.pt,/scratch/sr7849/QC_June28/ICASSP_multiseed_new_datasets/runs/cifar10/run_20260921_164946/checkpoints/table1/standard_qtl/seed_550_q6_d1/q6_d1/checkpoint_best.pt,/scratch/sr7849/QC_June28/ICASSP_multiseed_new_datasets/runs/cifar10/run_20260921_164946/checkpoints/table1/standard_qtl/seed_550_q6_d1/q6_d1/checkpoint_final.pt,0.493,0.4840529768047741,0.495775034807669,0.4322217154225939,0.892401601367746,8.028307914733887,8.028307914733887,3166,88,18,6,1,18,100,88578,63,808.35546875,table1/standard_qtl/seed_550_q6_d1.csv,Standard QTL,Standard QTL,Var.,6,1,18,,,49.3,3.1185865668455754
CIFAR-10,cifar10,multiclass_10_class,Frozen ResNet18 (strict eval-mode cache),deb4201558858bf1d760dc14d0dd558c8f3cf6914e99701d3fcc7f2dcf5d955b,quantum,550,6,10,16,0.001,31431.36273169517,10,9,completed,/scratch/sr7849/QC_June28/ICASSP_multiseed_new_datasets/runs/cifar10/run_20260921_164946/checkpoints/table1/standard_qtl/seed_550_q6_d2/q6_d2/flashjt_forecast_epoch3.json,/scratch/sr7849/QC_June28/ICASSP_multiseed_new_datasets/runs/cifar10/run_20260921_164946/checkpoints/table1/standard_qtl/seed_550_q6_d2/q6_d2/flashjt_verification_epoch6.json,/scratch/sr7849/QC_June28/ICASSP_multiseed_new_datasets/runs/cifar10/run_20260921_164946/checkpoints/table1/standard_qtl/seed_550_q6_d2/q6_d2/checkpoint_latest.pt,/scratch/sr7849/QC_June28/ICASSP_multiseed_new_datasets/runs/cifar10/run_20260921_164946/checkpoints/table1/standard_qtl/seed_550_q6_d2/q6_d2/checkpoint_best.pt,/scratch/sr7849/QC_June28/ICASSP_multiseed_new_datasets/runs/cifar10/run_20260921_164946/checkpoints/table1/standard_qtl/seed_550_q6_d2/q6_d2/checkpoint_final.pt,0.6,0.5636568507530393,0.5901196997657924,0.5483766700507312,0.9362416717525596,11.738945722579956,11.738945722579956,3184,106,36,6,2,36,100,194180,63,817.9296875,table1/standard_qtl/seed_550_q6_d2.csv,Standard QTL,Standard QTL,Var.,6,2,36,,,60.0,8.730934092137547
CIFAR-10,cifar10,multiclass_10_class,Frozen ResNet18 (strict eval-mode cache),deb4201558858bf1d760dc14d0dd558c8f3cf6914e99701d3fcc7f2dcf5d955b,quantum,550,6,10,16,0.001,93439.07274985312,10,10,completed,/scratch/sr7849/QC_June28/ICASSP_multiseed_new_datasets/runs/cifar10/run_20260921_164946/checkpoints/table1/standard_qtl/seed_550_q6_d4/q6_d4/flashjt_forecast_epoch3.json,/scratch/sr7849/QC_June28/ICASSP_multiseed_new_datasets/runs/cifar10/run_20260921_164946/checkpoints/table1/standard_qtl/seed_550_q6_d4/q6_d4/flashjt_verification_epoch6.json,/scratch/sr7849/QC_June28/ICASSP_multiseed_new_datasets/runs/cifar10/run_20260921_164946/checkpoints/table1/standard_qtl/seed_550_q6_d4/q6_d4/checkpoint_latest.pt,/scratch/sr7849/QC_June28/ICASSP_multiseed_new_datasets/runs/cifar10/run_20260921_164946/checkpoints/table1/standard_qtl/seed_550_q6_d4/q6_d4/checkpoint_best.pt,/scratch/sr7849/QC_June28/ICASSP_multiseed_new_datasets/runs/cifar10/run_20260921_164946/checkpoints/table1/standard_qtl/seed_550_q6_d4/q6_d4/checkpoint_final.pt,0.555,0.534886901106159,0.5571234076114095,0.5221845652827918,0.931013185785486,18.45470929145813,18.45470929145813,3220,142,72,6,4,72,100,385700,63,837.9921875,table1/standard_qtl/seed_550_q6_d4.csv,Standard QTL,Standard QTL,Var.,6,4,72,,,55.50000000000001,25.95529798607031
CIFAR-10,cifar10,multiclass_10_class,Frozen ResNet18 (strict eval-mode cache),deb4201558858bf1d760dc14d0dd558c8f3cf6914e99701d3fcc7f2dcf5d955b,quantum,550,8,10,16,0.001,21396.89042210579,10,10,completed,/scratch/sr7849/QC_June28/ICASSP_multiseed_new_datasets/runs/cifar10/run_20260921_164946/checkpoints/table1/standard_qtl/seed_550_q8_d1/q8_d1/flashjt_forecast_epoch3.json,/scratch/sr7849/QC_June28/ICASSP_multiseed_new_datasets/runs/cifar10/run_20260921_164946/checkpoints/table1/standard_qtl/seed_550_q8_d1/q8_d1/flashjt_verification_epoch6.json,/scratch/sr7849/QC_June28/ICASSP_multiseed_new_datasets/runs/cifar10/run_20260921_164946/checkpoints/table1/standard_qtl/seed_550_q8_d1/q8_d1/checkpoint_latest.pt,/scratch/sr7849/QC_June28/ICASSP_multiseed_new_datasets/runs/cifar10/run_20260921_164946/checkpoints/table1/standard_qtl/seed_550_q8_d1/q8_d1/checkpoint_best.pt,/scratch/sr7849/QC_June28/ICASSP_multiseed_new_datasets/runs/cifar10/run_20260921_164946/checkpoints/table1/standard_qtl/seed_550_q8_d1/q8_d1/checkpoint_final.pt,0.634,0.6423484102075748,0.6230643142210226,0.5909149162613332,0.9330546694504094,10.130415201187134,10.130415201187134,4218,114,24,8,1,24,100,130340,63,816.93359375,table1/standard_qtl/seed_550_q8_d1.csv,Standard QTL,Standard QTL,Var.,8,1,24,,,63.4,5.943580672807164
CIFAR-10,cifar10,multiclass_10_class,Frozen ResNet18 (strict eval-mode cache),deb4201558858bf1d760dc14d0dd558c8f3cf6914e99701d3fcc7f2dcf5d955b,quantum,550,8,10,16,0.001,54815.52009725571,10,10,completed,/scratch/sr7849/QC_June28/ICASSP_multiseed_new_datasets/runs/cifar10/run_20260921_164946/checkpoints/table1/standard_qtl/seed_550_q8_d2/q8_d2/flashjt_forecast_epoch3.json,/scratch/sr7849/QC_June28/ICASSP_multiseed_new_datasets/runs/cifar10/run_20260921_164946/checkpoints/table1/standard_qtl/seed_550_q8_d2/q8_d2/flashjt_verification_epoch6.json,/scratch/sr7849/QC_June28/ICASSP_multiseed_new_datasets/runs/cifar10/run_20260921_164946/checkpoints/table1/standard_qtl/seed_550_q8_d2/q8_d2/checkpoint_latest.pt,/scratch/sr7849/QC_June28/ICASSP_multiseed_new_datasets/runs/cifar10/run_20260921_164946/checkpoints/table1/standard_qtl/seed_550_q8_d2/q8_d2/checkpoint_best.pt,/scratch/sr7849/QC_June28/ICASSP_multiseed_new_datasets/runs/cifar10/run_20260921_164946/checkpoints/table1/standard_qtl/seed_550_q8_d2/q8_d2/checkpoint_final.pt,0.438,0.4133679629604819,0.4269194610203763,0.3673603658638514,0.8762760379219898,14.904801845550535,14.904801845550535,4242,138,48,8,2,48,100,258020,63,823.41796875,table1/standard_qtl/seed_550_q8_d2.csv,Standard QTL,Standard QTL,Var.,8,2,48,,,43.8,15.226533360348807
CIFAR-10,cifar10,multiclass_10_class,Frozen ResNet18 (strict eval-mode cache),deb4201558858bf1d760dc14d0dd558c8f3cf6914e99701d3fcc7f2dcf5d955b,ketgpt_quantum,1,8,10,16,0.001,9719.81285572052,10,8,completed,,,/scratch/sr7849/QC_June28/ICASSP_multiseed_new_datasets/runs/cifar10/run_20260921_164946/checkpoints/table1/ketgpt/seed_1/candidate_160/checkpoint_latest.pt,/scratch/sr7849/QC_June28/ICASSP_multiseed_new_datasets/runs/cifar10/run_20260921_164946/checkpoints/table1/ketgpt/seed_1/candidate_160/checkpoint_best.pt,/scratch/sr7849/QC_June28/ICASSP_multiseed_new_datasets/runs/cifar10/run_20260921_164946/checkpoints/table1/ketgpt/seed_1/candidate_160/checkpoint_final.pt,0.818,0.8179232856681441,0.8175799692649083,0.8158273517082165,0.978938510741772,17.377386808395386,17.377386808395386,4204,100,10,8,ketgpt_variable,9,100,55860,63,732.06640625,table1/ketgpt/seed_1.csv,KetGPT,KetGPT #160,Cand. #160,8,Var.,10,0.0,160.0,81.8,2.699948015477922
CIFAR-10,cifar10,multiclass_10_class,Frozen ResNet18 (strict eval-mode cache),deb4201558858bf1d760dc14d0dd558c8f3cf6914e99701d3fcc7f2dcf5d955b,ketgpt_quantum,1,8,10,16,0.001,80293.22460722923,10,9,completed,,,/scratch/sr7849/QC_June28/ICASSP_multiseed_new_datasets/runs/cifar10/run_20260921_164946/checkpoints/table1/ketgpt/seed_1/candidate_180/checkpoint_latest.pt,/scratch/sr7849/QC_June28/ICASSP_multiseed_new_datasets/runs/cifar10/run_20260921_164946/checkpoints/table1/ketgpt/seed_1/candidate_180/checkpoint_best.pt,/scratch/sr7849/QC_June28/ICASSP_multiseed_new_datasets/runs/cifar10/run_20260921_164946/checkpoints/table1/ketgpt/seed_1/candidate_180/checkpoint_final.pt,0.806,0.804962307508721,0.8028325606490776,0.8001839533780064,0.976405014247449,67.89709401130676,67.89709401130676,4252,148,58,8,ketgpt_variable,49,100,311220,63,739.67578125,table1/ketgpt/seed_1.csv,KetGPT,KetGPT #180,Cand. #180,8,Var.,58,1.0,180.0,80.60000000000001,22.30367350200812
CIFAR-10,cifar10,multiclass_10_class,Frozen ResNet18 (strict eval-mode cache),deb4201558858bf1d760dc14d0dd558c8f3cf6914e99701d3fcc7f2dcf5d955b,ketgpt_quantum,2026,8,10,16,0.001,5658.850334644318,6,5,flashjt_validated,/scratch/sr7849/QC_June28/ICASSP_multiseed_new_datasets/runs/cifar10/run_20260921_164946/checkpoints/table1/ketgpt/seed_2026/candidate_160/flashjt_forecast_epoch3.json,/scratch/sr7849/QC_June28/ICASSP_multiseed_new_datasets/runs/cifar10/run_20260921_164946/checkpoints/table1/ketgpt/seed_2026/candidate_160/flashjt_verification_epoch6.json,/scratch/sr7849/QC_June28/ICASSP_multiseed_new_datasets/runs/cifar10/run_20260921_164946/checkpoints/table1/ketgpt/seed_2026/candidate_160/checkpoint_latest.pt,/scratch/sr7849/QC_June28/ICASSP_multiseed_new_datasets/runs/cifar10/run_20260921_164946/checkpoints/table1/ketgpt/seed_2026/candidate_160/checkpoint_best.pt,/scratch/sr7849/QC_June28/ICASSP_multiseed_new_datasets/runs/cifar10/run_20260921_164946/checkpoints/table1/ketgpt/seed_2026/candidate_160/checkpoint_final.pt,0.818,0.817444961470895,0.8160683424529669,0.8150321400161789,0.9810561187207788,16.873974323272705,16.873974323272705,4204,100,10,8,ketgpt_variable,9,100,33516,63,830.58203125,table1/ketgpt/seed_2026.csv,KetGPT,KetGPT #160,Cand. #160,8,Var.,10,0.0,160.0,81.8,1.5719028707345326
CIFAR-10,cifar10,multiclass_10_class,Frozen ResNet18 (strict eval-mode cache),deb4201558858bf1d760dc14d0dd558c8f3cf6914e99701d3fcc7f2dcf5d955b,ketgpt_quantum,2026,8,10,16,0.001,47123.894748687744,6,5,flashjt_validated,/scratch/sr7849/QC_June28/ICASSP_multiseed_new_datasets/runs/cifar10/run_20260921_164946/checkpoints/table1/ketgpt/seed_2026/candidate_180/flashjt_forecast_epoch3.json,/scratch/sr7849/QC_June28/ICASSP_multiseed_new_datasets/runs/cifar10/run_20260921_164946/checkpoints/table1/ketgpt/seed_2026/candidate_180/flashjt_verification_epoch6.json,/scratch/sr7849/QC_June28/ICASSP_multiseed_new_datasets/runs/cifar10/run_20260921_164946/checkpoints/table1/ketgpt/seed_2026/candidate_180/checkpoint_latest.pt,/scratch/sr7849/QC_June28/ICASSP_multiseed_new_datasets/runs/cifar10/run_20260921_164946/checkpoints/table1/ketgpt/seed_2026/candidate_180/checkpoint_best.pt,/scratch/sr7849/QC_June28/ICASSP_multiseed_new_datasets/runs/cifar10/run_20260921_164946/checkpoints/table1/ketgpt/seed_2026/candidate_180/checkpoint_final.pt,0.794,0.7997705741319253,0.7945784043601427,0.794757128789683,0.9719284403682638,67.2706241607666,67.2706241607666,4252,148,58,8,ketgpt_variable,49,100,186732,63,852.12109375,table1/ketgpt/seed_2026.csv,KetGPT,KetGPT #180,Cand. #180,8,Var.,58,1.0,180.0,79.4,13.089970763524374
CIFAR-10,cifar10,multiclass_10_class,Frozen ResNet18 (strict eval-mode cache),deb4201558858bf1d760dc14d0dd558c8f3cf6914e99701d3fcc7f2dcf5d955b,ketgpt_quantum,42,8,10,16,0.001,9388.754595518112,10,10,completed,,,/scratch/sr7849/QC_June28/ICASSP_multiseed_new_datasets/runs/cifar10/run_20260921_164946/checkpoints/table1/ketgpt/seed_42/candidate_160/checkpoint_latest.pt,/scratch/sr7849/QC_June28/ICASSP_multiseed_new_datasets/runs/cifar10/run_20260921_164946/checkpoints/table1/ketgpt/seed_42/candidate_160/checkpoint_best.pt,/scratch/sr7849/QC_June28/ICASSP_multiseed_new_datasets/runs/cifar10/run_20260921_164946/checkpoints/table1/ketgpt/seed_42/candidate_160/checkpoint_final.pt,0.797,0.7988663781295112,0.7947085993082881,0.7948789123918099,0.9749863846357822,17.148808002471924,17.148808002471924,4204,100,10,8,ketgpt_variable,9,100,55860,63,731.95703125,table1/ketgpt/seed_42.csv,KetGPT,KetGPT #160,Cand. #160,8,Var.,10,0.0,160.0,79.7,2.60798738764392
CIFAR-10,cifar10,multiclass_10_class,Frozen ResNet18 (strict eval-mode cache),deb4201558858bf1d760dc14d0dd558c8f3cf6914e99701d3fcc7f2dcf5d955b,ketgpt_quantum,42,8,10,16,0.001,79575.18669581413,10,10,completed,,,/scratch/sr7849/QC_June28/ICASSP_multiseed_new_datasets/runs/cifar10/run_20260921_164946/checkpoints/table1/ketgpt/seed_42/candidate_180/checkpoint_latest.pt,/scratch/sr7849/QC_June28/ICASSP_multiseed_new_datasets/runs/cifar10/run_20260921_164946/checkpoints/table1/ketgpt/seed_42/candidate_180/checkpoint_best.pt,/scratch/sr7849/QC_June28/ICASSP_multiseed_new_datasets/runs/cifar10/run_20260921_164946/checkpoints/table1/ketgpt/seed_42/candidate_180/checkpoint_final.pt,0.785,0.7878448194450043,0.7819083780880312,0.7817203118914774,0.971107394522987,67.84875822067261,67.84875822067261,4252,148,58,8,ketgpt_variable,49,100,311220,63,739.546875,table1/ketgpt/seed_42.csv,KetGPT,KetGPT #180,Cand. #180,8,Var.,58,1.0,180.0,78.5,22.104218526615036
CIFAR-10,cifar10,multiclass_10_class,Frozen ResNet18 (strict eval-mode cache),deb4201558858bf1d760dc14d0dd558c8f3cf6914e99701d3fcc7f2dcf5d955b,ketgpt_quantum,48,8,10,16,0.001,9394.546461820602,10,7,completed,,,/scratch/sr7849/QC_June28/ICASSP_multiseed_new_datasets/runs/cifar10/run_20260921_164946/checkpoints/table1/ketgpt/seed_48/candidate_160/checkpoint_latest.pt,/scratch/sr7849/QC_June28/ICASSP_multiseed_new_datasets/runs/cifar10/run_20260921_164946/checkpoints/table1/ketgpt/seed_48/candidate_160/checkpoint_best.pt,/scratch/sr7849/QC_June28/ICASSP_multiseed_new_datasets/runs/cifar10/run_20260921_164946/checkpoints/table1/ketgpt/seed_48/candidate_160/checkpoint_final.pt,0.806,0.8061691562435003,0.8056114112030839,0.8042265549043854,0.9779756115594191,16.828139066696167,16.828139066696167,4204,100,10,8,ketgpt_variable,9,100,55860,63,731.44921875,table1/ketgpt/seed_48.csv,KetGPT,KetGPT #160,Cand. #160,8,Var.,10,0.0,160.0,80.60000000000001,2.609596239394612
CIFAR-10,cifar10,multiclass_10_class,Frozen ResNet18 (strict eval-mode cache),deb4201558858bf1d760dc14d0dd558c8f3cf6914e99701d3fcc7f2dcf5d955b,ketgpt_quantum,48,8,10,16,0.001,79157.98704266548,10,9,completed,,,/scratch/sr7849/QC_June28/ICASSP_multiseed_new_datasets/runs/cifar10/run_20260921_164946/checkpoints/table1/ketgpt/seed_48/candidate_180/checkpoint_latest.pt,/scratch/sr7849/QC_June28/ICASSP_multiseed_new_datasets/runs/cifar10/run_20260921_164946/checkpoints/table1/ketgpt/seed_48/candidate_180/checkpoint_best.pt,/scratch/sr7849/QC_June28/ICASSP_multiseed_new_datasets/runs/cifar10/run_20260921_164946/checkpoints/table1/ketgpt/seed_48/candidate_180/checkpoint_final.pt,0.804,0.8075317236020305,0.8016665569624106,0.8029484877779351,0.976469009935034,65.99583101272583,65.99583101272583,4252,148,58,8,ketgpt_variable,49,100,311220,63,741.33203125,table1/ketgpt/seed_48.csv,KetGPT,KetGPT #180,Cand. #180,8,Var.,58,1.0,180.0,80.4,21.988329734073744
CIFAR-10,cifar10,multiclass_10_class,Frozen ResNet18 (strict eval-mode cache),deb4201558858bf1d760dc14d0dd558c8f3cf6914e99701d3fcc7f2dcf5d955b,ketgpt_quantum,550,8,10,16,0.001,5812.63724899292,6,5,flashjt_validated,/scratch/sr7849/QC_June28/ICASSP_multiseed_new_datasets/runs/cifar10/run_20260921_164946/checkpoints/table1/ketgpt/seed_550/candidate_160/flashjt_forecast_epoch3.json,/scratch/sr7849/QC_June28/ICASSP_multiseed_new_datasets/runs/cifar10/run_20260921_164946/checkpoints/table1/ketgpt/seed_550/candidate_160/flashjt_verification_epoch6.json,/scratch/sr7849/QC_June28/ICASSP_multiseed_new_datasets/runs/cifar10/run_20260921_164946/checkpoints/table1/ketgpt/seed_550/candidate_160/checkpoint_latest.pt,/scratch/sr7849/QC_June28/ICASSP_multiseed_new_datasets/runs/cifar10/run_20260921_164946/checkpoints/table1/ketgpt/seed_550/candidate_160/checkpoint_best.pt,/scratch/sr7849/QC_June28/ICASSP_multiseed_new_datasets/runs/cifar10/run_20260921_164946/checkpoints/table1/ketgpt/seed_550/candidate_160/checkpoint_final.pt,0.808,0.8133142493894585,0.8062805757586717,0.8083375704201057,0.9764159128789084,17.246428728103638,17.246428728103638,4204,100,10,8,ketgpt_variable,9,100,33516,63,828.0078125,table1/ketgpt/seed_550.csv,KetGPT,KetGPT #160,Cand. #160,8,Var.,10,0.0,160.0,80.80000000000001,1.614621458053589
CIFAR-10,cifar10,multiclass_10_class,Frozen ResNet18 (strict eval-mode cache),deb4201558858bf1d760dc14d0dd558c8f3cf6914e99701d3fcc7f2dcf5d955b,ketgpt_quantum,550,8,10,16,0.001,79635.11673903465,10,10,completed,/scratch/sr7849/QC_June28/ICASSP_multiseed_new_datasets/runs/cifar10/run_20260921_164946/checkpoints/table1/ketgpt/seed_550/candidate_180/flashjt_forecast_epoch3.json,/scratch/sr7849/QC_June28/ICASSP_multiseed_new_datasets/runs/cifar10/run_20260921_164946/checkpoints/table1/ketgpt/seed_550/candidate_180/flashjt_verification_epoch6.json,/scratch/sr7849/QC_June28/ICASSP_multiseed_new_datasets/runs/cifar10/run_20260921_164946/checkpoints/table1/ketgpt/seed_550/candidate_180/checkpoint_latest.pt,/scratch/sr7849/QC_June28/ICASSP_multiseed_new_datasets/runs/cifar10/run_20260921_164946/checkpoints/table1/ketgpt/seed_550/candidate_180/checkpoint_best.pt,/scratch/sr7849/QC_June28/ICASSP_multiseed_new_datasets/runs/cifar10/run_20260921_164946/checkpoints/table1/ketgpt/seed_550/candidate_180/checkpoint_final.pt,0.781,0.7764100577046424,0.7790384540068447,0.7770055047786887,0.9734733994389432,67.43566632270813,67.43566632270813,4252,148,58,8,ketgpt_variable,49,100,311220,63,851.06640625,table1/ketgpt/seed_550.csv,KetGPT,KetGPT #180,Cand. #180,8,Var.,58,1.0,180.0,78.10000000000001,22.12086576084296
