Model,Head,Qub.,Dep.,Head Par.,Acc. (%),F1,AUC,Train (h),n
Classical,Linear,–,–,90,81.8 ± 0.8,0.815 ± 0.008,0.980 ± 0.002,0.00 ± 0.00,5
,MLP,–,–,162,79.8 ± 2.2,0.795 ± 0.023,0.974 ± 0.002,0.00 ± 0.00,5
Standard QTL,Var.,4,1,12,39.5 ± 7.8,0.308 ± 0.090,0.862 ± 0.027,1.69 ± 0.06,5
,Var.,4,2,24,43.0 ± 3.9,0.357 ± 0.062,0.885 ± 0.022,3.81 ± 0.53,5
,Var.,4,4,48,54.3 ± 10.5,0.506 ± 0.116,0.913 ± 0.028,11.75 ± 0.14,5
,Var.,6,1,18,46.6 ± 1.6,0.398 ± 0.027,0.888 ± 0.010,3.38 ± 0.17,5
,Var.,6,2,36,59.8 ± 4.4,0.554 ± 0.056,0.927 ± 0.009,7.98 ± 1.59,5
,Var.,6,4,72,58.5 ± 10.4,0.547 ± 0.129,0.927 ± 0.023,23.92 ± 4.95,5
,Var.,8,1,24,53.1 ± 7.3,0.457 ± 0.102,0.914 ± 0.019,5.96 ± 0.05,5
,Var.,8,2,48,57.7 ± 10.8,0.539 ± 0.134,0.921 ± 0.032,13.97 ± 2.73,5
KetGPT,Cand. #160,8,Var.,10,80.9 ± 0.9,0.808 ± 0.009,0.978 ± 0.002,2.22 ± 0.57,5
,Cand. #180,8,Var.,58,79.4 ± 1.1,0.791 ± 0.011,0.974 ± 0.002,20.32 ± 4.04,5
