dataset,candidate,component,readiness,usage,n_final_seeds,available_final_seeds,missing_final_seeds,accuracy_n,accuracy_mean,accuracy_std,precision_macro_n,precision_macro_mean,precision_macro_std,recall_macro_n,recall_macro_mean,recall_macro_std,f1_macro_n,f1_macro_mean,f1_macro_std,auc_ovr_macro_n,auc_ovr_macro_mean,auc_ovr_macro_std,train_time_sec_n,train_time_sec_mean,train_time_sec_std,inference_time_sec_n,inference_time_sec_mean,inference_time_sec_std,inference_time_ms_n,inference_time_ms_mean,inference_time_ms_std,memory_mb_n,memory_mb_mean,memory_mb_std,peak_memory_mb_n,peak_memory_mb_mean,peak_memory_mb_std,trainable_params_n,trainable_params_mean,trainable_params_std,total_params_n,total_params_mean,total_params_std,head_params_n,head_params_mean,head_params_std,gate_count_n,gate_count_mean,gate_count_std,qwc_groups_n,qwc_groups_mean,qwc_groups_std,shots_n,shots_mean,shots_std
cifar10,160,confidence_linear,ALL_5_COMPONENT_RESULTS,DIAGNOSTIC_ONLY_NOT_TABLE_II_ROUTING_ROW,5,1|42|48|550|2026,,5,0.8220000000000001,0.0038729833462074204,5,0.824265665538427,0.003511879746438653,5,0.8202891560633793,0.003932124731016234,5,0.8200562779177305,0.0037407414415284138,5,0.9812016727973104,0.0009703886902682773,5,13.27187271118164,13.69638664174582,0,,,0,,,0,,,0,,,0,,,0,,,0,,,0,,,0,,,5,0.0,0.0
cifar10,160,matched_mlp,ALL_5_COMPONENT_RESULTS,DIAGNOSTIC_ONLY_NOT_TABLE_II_ROUTING_ROW,5,1|42|48|550|2026,,5,0.7849999999999999,0.029782545223670888,5,0.7844483183760536,0.03336651099638051,5,0.7837996757493667,0.029169614110555034,5,0.7788601505373716,0.03327446804431953,5,0.9705685689201357,0.006547109135020766,5,13.65297245979309,13.399338489666663,0,,,0,,,0,,,0,,,0,,,0,,,0,,,0,,,0,,,5,0.0,0.0
cifar10,160,ketgpt_quantum,ALL_5_COMPONENT_RESULTS,DIAGNOSTIC_ONLY_NOT_TABLE_II_ROUTING_ROW,5,1|42|48|550|2026,,5,0.8204,0.007436396977031251,5,0.8215011636935067,0.007979848226618895,5,0.819228065538625,0.006821245306912333,5,0.8184986862259322,0.008022910377042999,5,0.9798804561145337,0.0018324298278517,5,8046.45972237587,2093.8505174070406,0,,,0,,,0,,,0,,,0,,,0,,,0,,,0,,,0,,,5,100.0,0.0
cifar10,180,confidence_linear,ALL_5_COMPONENT_RESULTS,DIAGNOSTIC_ONLY_NOT_TABLE_II_ROUTING_ROW,5,1|42|48|550|2026,,5,0.821,0.009772410142846005,5,0.8217700068236221,0.009606970980515224,5,0.8191183814281683,0.008826409452664842,5,0.8188705499608279,0.009634947413395763,5,0.9807898302820952,0.0015743355633769211,5,13.295144033432006,13.733674135034585,0,,,0,,,0,,,0,,,0,,,0,,,0,,,0,,,0,,,5,0.0,0.0
cifar10,180,matched_mlp,ALL_5_COMPONENT_RESULTS,DIAGNOSTIC_ONLY_NOT_TABLE_II_ROUTING_ROW,5,1|42|48|550|2026,,5,0.7782,0.03286639621254515,5,0.7769278496286132,0.036437333798379636,5,0.7763891845150607,0.03288519680018369,5,0.7709148859440587,0.038294601559098945,5,0.9702822747132256,0.006260874777735644,5,13.650267839431763,13.430557922543171,0,,,0,,,0,,,0,,,0,,,0,,,0,,,0,,,0,,,5,0.0,0.0
cifar10,180,ketgpt_quantum,ALL_5_COMPONENT_RESULTS,DIAGNOSTIC_ONLY_NOT_TABLE_II_ROUTING_ROW,5,1|42|48|550|2026,,5,0.7836000000000001,0.011717508267545633,5,0.7849904644405008,0.012236127767082841,5,0.7821239053228889,0.011714140090406056,5,0.7785916338074885,0.015272024187473112,5,0.9722984417563885,0.0016088137737522473,5,67366.93920965194,18094.450601219563,0,,,0,,,0,,,0,,,0,,,0,,,0,,,0,,,0,,,5,100.0,0.0
kmnist,160,confidence_linear,ALL_5_COMPONENT_RESULTS,DIAGNOSTIC_ONLY_NOT_TABLE_II_ROUTING_ROW,5,1|42|48|550|2026,,5,0.6768,0.04099024274141345,5,0.7015886584674563,0.03301302858818771,5,0.6788950874642901,0.039326845814940115,5,0.6773400056090025,0.03957242527263955,5,0.935268263855358,0.009107580622647802,5,11.728081703186035,11.50141078098675,0,,,0,,,0,,,0,,,0,,,0,,,0,,,0,,,0,,,5,0.0,0.0
kmnist,160,matched_mlp,ALL_5_COMPONENT_RESULTS,DIAGNOSTIC_ONLY_NOT_TABLE_II_ROUTING_ROW,5,1|42|48|550|2026,,5,0.6432,0.024232209969377555,5,0.6711741833344208,0.017462013229912306,5,0.6466599169517193,0.023756826846774253,5,0.6439174843354569,0.02493597866646007,5,0.9208104197404161,0.0066481655736464786,5,12.13758978843689,11.219865079757373,0,,,0,,,0,,,0,,,0,,,0,,,0,,,0,,,0,,,5,0.0,0.0
kmnist,160,ketgpt_quantum,ALL_5_COMPONENT_RESULTS,DIAGNOSTIC_ONLY_NOT_TABLE_II_ROUTING_ROW,5,1|42|48|550|2026,,5,0.6643999999999999,0.0377730062346115,5,0.6866601245727579,0.035470399906660975,5,0.6673881693731136,0.03662424376846395,5,0.6629597179983461,0.03618282337158597,5,0.930314938878461,0.013927475665305684,5,8255.666405630112,2172.1884474203225,0,,,0,,,0,,,0,,,0,,,0,,,0,,,0,,,0,,,5,100.0,0.0
kmnist,180,confidence_linear,INCOMPLETE_COMPONENT,DIAGNOSTIC_ONLY_NOT_TABLE_II_ROUTING_ROW,1,1,42|48|550|2026,1,0.712,,1,0.7333045541480168,,1,0.7124264768284292,,1,0.7128509987994095,,1,0.940384832389976,,1,3.444864273071289,,0,,,0,,,0,,,0,,,0,,,0,,,0,,,0,,,0,,,1,0.0,
kmnist,180,matched_mlp,INCOMPLETE_COMPONENT,DIAGNOSTIC_ONLY_NOT_TABLE_II_ROUTING_ROW,1,1,42|48|550|2026,1,0.663,,1,0.668799230822356,,1,0.6635738516252653,,1,0.6587399616016572,,1,0.9199463313604952,,1,4.073370456695557,,0,,,0,,,0,,,0,,,0,,,0,,,0,,,0,,,0,,,1,0.0,
kmnist,180,ketgpt_quantum,INCOMPLETE_COMPONENT,DIAGNOSTIC_ONLY_NOT_TABLE_II_ROUTING_ROW,1,1,42|48|550|2026,1,0.687,,1,0.6962024876171264,,1,0.6888928288868902,,1,0.6883369917723945,,1,0.9247306356595772,,1,77596.75394797325,,0,,,0,,,0,,,0,,,0,,,0,,,0,,,0,,,0,,,1,100.0,
svhn,160,confidence_linear,ALL_5_COMPONENT_RESULTS,DIAGNOSTIC_ONLY_NOT_TABLE_II_ROUTING_ROW,5,1|42|48|550|2026,,5,0.4932,0.02365797962633327,5,0.49519818284045397,0.0373228131053668,5,0.44686856375450923,0.036521023492027925,5,0.4478085758119206,0.04822584667261825,5,0.8715935306456147,0.007182193720348439,5,12.173238277435303,12.02514425518704,0,,,0,,,0,,,0,,,0,,,0,,,0,,,0,,,0,,,5,0.0,0.0
svhn,160,matched_mlp,ALL_5_COMPONENT_RESULTS,DIAGNOSTIC_ONLY_NOT_TABLE_II_ROUTING_ROW,5,1|42|48|550|2026,,5,0.45919999999999994,0.017584083712266607,5,0.4421719747416374,0.038660108693217,5,0.4039268138291744,0.025216032293794904,5,0.3938048458077306,0.02478516088365771,5,0.8550717547933917,0.008705612937060812,5,12.415568590164185,11.511538270222843,0,,,0,,,0,,,0,,,0,,,0,,,0,,,0,,,0,,,5,0.0,0.0
svhn,160,ketgpt_quantum,ALL_5_COMPONENT_RESULTS,DIAGNOSTIC_ONLY_NOT_TABLE_II_ROUTING_ROW,5,1|42|48|550|2026,,5,0.4704,0.04346607872813007,5,0.44095762990091175,0.0696238073548436,5,0.4167660527948625,0.058665239474584366,5,0.40467085044715645,0.06790932293740995,5,0.8576253082727721,0.02114236650725308,5,8853.214136123657,1702.478389275644,0,,,0,,,0,,,0,,,0,,,0,,,0,,,0,,,0,,,5,100.0,0.0
svhn,180,confidence_linear,INCOMPLETE_COMPONENT,DIAGNOSTIC_ONLY_NOT_TABLE_II_ROUTING_ROW,1,1,42|48|550|2026,1,0.496,,1,0.4893707486981082,,1,0.4577824436004473,,1,0.459099721666743,,1,0.8732752150522345,,1,3.3018722534179688,,0,,,0,,,0,,,0,,,0,,,0,,,0,,,0,,,0,,,1,0.0,
svhn,180,matched_mlp,INCOMPLETE_COMPONENT,DIAGNOSTIC_ONLY_NOT_TABLE_II_ROUTING_ROW,1,1,42|48|550|2026,1,0.443,,1,0.4031114236670279,,1,0.39183616567741,,1,0.3828139386138605,,1,0.8566163766712604,,1,3.893061876296997,,0,,,0,,,0,,,0,,,0,,,0,,,0,,,0,,,0,,,1,0.0,
svhn,180,ketgpt_quantum,INCOMPLETE_COMPONENT,DIAGNOSTIC_ONLY_NOT_TABLE_II_ROUTING_ROW,1,1,42|48|550|2026,1,0.492,,1,0.5171548049054322,,1,0.4636684145579782,,1,0.4710274068898578,,1,0.8624828122324273,,1,79379.85123372078,,0,,,0,,,0,,,0,,,0,,,0,,,0,,,0,,,0,,,1,100.0,
