dataset,table,method,readiness,training_protocol,protocol_documentation,aggregate_scope,n_final_seeds,expected_seeds,available_final_seeds,missing_final_seeds,seed_epoch_progress,accuracy_n,accuracy_mean,accuracy_std,precision_macro_n,precision_macro_mean,precision_macro_std,recall_macro_n,recall_macro_mean,recall_macro_std,f1_macro_n,f1_macro_mean,f1_macro_std,auc_ovr_macro_n,auc_ovr_macro_mean,auc_ovr_macro_std,train_time_sec_n,train_time_sec_mean,train_time_sec_std,inference_time_sec_n,inference_time_sec_mean,inference_time_sec_std,inference_time_ms_n,inference_time_ms_mean,inference_time_ms_std,memory_mb_n,memory_mb_mean,memory_mb_std,peak_memory_mb_n,peak_memory_mb_mean,peak_memory_mb_std,trainable_params_n,trainable_params_mean,trainable_params_std,total_params_n,total_params_mean,total_params_std,head_params_n,head_params_mean,head_params_std,gate_count_n,gate_count_mean,gate_count_std,qwc_groups_n,qwc_groups_mean,qwc_groups_std,shots_n,shots_mean,shots_std,accuracy_entry,precision_macro_entry,recall_macro_entry,f1_macro_entry,auc_ovr_macro_entry,train_time_hours_mean,train_time_hours_std,train_time_hours_entry,train_time_sec_entry,inference_time_sec_entry,inference_time_ms_entry,memory_mb_entry,peak_memory_mb_entry,trainable_params_entry,total_params_entry,head_params_entry,gate_count_entry,qwc_groups_entry,shots_entry
cifar10,I,standard_qtl/q6_d4,PROVISIONAL_ONLY,INCOMPLETE,Provisional aggregate over currently available final seed results only; do not use as a final paper-table value.,AVAILABLE_FINAL_SEEDS_ONLY,3,1|42|48|550|2026,1|42|48,550|2026,1:10F;42:10F;48:10F;550:NAR;2026:NAR,3.0,0.6493333333333333,0.04324735059322514,3.0,0.6437763422095016,0.0496426959103645,3.0,0.6502645230256806,0.04033217471430825,3.0,0.6239822343855488,0.05171911631118905,3.0,0.9386990481625362,0.008944592958646039,3.0,94276.64034795761,904.310512994541,0.0,,,0.0,,,0.0,,,0.0,,,0.0,,,0.0,,,0.0,,,0.0,,,0.0,,,3.0,100.0,0.0,64.93 ± 4.32,64.38 ± 4.96,65.03 ± 4.03,62.40 ± 5.17,93.87 ± 0.89,26.187955652210448,0.2511973647207058,26.19 ± 0.25,94276.64 ± 904.31,,,,,,,,,,100.00 ± 0.00
cifar10,I,standard_qtl/q8_d2,PROVISIONAL_ONLY,INCOMPLETE,Provisional aggregate over currently available final seed results only; do not use as a final paper-table value.,AVAILABLE_FINAL_SEEDS_ONLY,4,1|42|48|550|2026,1|42|48|550,2026,1:10F;42:10F;48:10F;550:10F;2026:NAR,4.0,0.5727500000000001,0.12399294334759542,4.0,0.5604810203855967,0.14347176577515033,4.0,0.5662342157408513,0.12918609489373054,4.0,0.5310549173768544,0.15348754566918288,4.0,0.9196259255278714,0.03644923366796636,4.0,54694.67777097225,433.467969232686,0.0,,,0.0,,,0.0,,,0.0,,,0.0,,,0.0,,,0.0,,,0.0,,,0.0,,,4.0,100.0,0.0,57.28 ± 12.40,56.05 ± 14.35,56.62 ± 12.92,53.11 ± 15.35,91.96 ± 3.64,15.192966047492293,0.12040776923130167,15.19 ± 0.12,54694.68 ± 433.47,,,,,,,,,,100.00 ± 0.00
kmnist,I,ketgpt/candidate_160,PROVISIONAL_ONLY,INCOMPLETE,Provisional aggregate over currently available final seed results only; do not use as a final paper-table value.,AVAILABLE_FINAL_SEEDS_ONLY,0,1|42|48|550|2026,,1|42|48|550|2026,1:10R;42:10R;48:10R;550:6R;2026:6R,,,,,,,,,,,,,,,,,,,,,,,,,,,,,,,,,,,,,,,,,,,,,,,,,,,,,,,,,,,,,,,,,,,
kmnist,I,ketgpt/candidate_180,PROVISIONAL_ONLY,INCOMPLETE,Provisional aggregate over currently available final seed results only; do not use as a final paper-table value.,AVAILABLE_FINAL_SEEDS_ONLY,0,1|42|48|550|2026,,1|42|48|550|2026,1:10R;42:4R;48:NAR;550:NAR;2026:NAR,,,,,,,,,,,,,,,,,,,,,,,,,,,,,,,,,,,,,,,,,,,,,,,,,,,,,,,,,,,,,,,,,,,
kmnist,I,standard_qtl/q4_d4,PROVISIONAL_ONLY,INCOMPLETE,Provisional aggregate over currently available final seed results only; do not use as a final paper-table value.,AVAILABLE_FINAL_SEEDS_ONLY,2,1|42|48|550|2026,1|42,48|550|2026,1:10F;42:10F;48:NAR;550:NAR;2026:NAR,2.0,0.435,0.038183766184073605,2.0,0.43616849002214564,0.03423895495205857,2.0,0.4391022614967199,0.032563028033358726,2.0,0.41401514999477246,0.040147863499163314,2.0,0.8445626476764703,0.0007568850671683718,2.0,42900.43708860874,466.4330067233071,0.0,,,0.0,,,0.0,,,0.0,,,0.0,,,0.0,,,0.0,,,0.0,,,0.0,,,2.0,100.0,0.0,43.50 ± 3.82,43.62 ± 3.42,43.91 ± 3.26,41.40 ± 4.01,84.46 ± 0.08,11.916788080169095,0.12956472408980751,11.92 ± 0.13,42900.44 ± 466.43,,,,,,,,,,100.00 ± 0.00
kmnist,I,standard_qtl/q6_d2,PROVISIONAL_ONLY,INCOMPLETE,Provisional aggregate over currently available final seed results only; do not use as a final paper-table value.,AVAILABLE_FINAL_SEEDS_ONLY,3,1|42|48|550|2026,1|42|48,550|2026,1:10F;42:10F;48:10F;550:NAR;2026:NAR,3.0,0.46666666666666673,0.06442308075009559,3.0,0.4620764022935524,0.0403542700339674,3.0,0.46939531946005625,0.06665614582118055,3.0,0.4450775976316617,0.06361961385083824,3.0,0.8519431835791759,0.02805222703841619,3.0,30936.178761879604,130.92283413997362,0.0,,,0.0,,,0.0,,,0.0,,,0.0,,,0.0,,,0.0,,,0.0,,,0.0,,,3.0,100.0,0.0,46.67 ± 6.44,46.21 ± 4.04,46.94 ± 6.67,44.51 ± 6.36,85.19 ± 2.81,8.593382989411001,0.03636745392777045,8.59 ± 0.04,30936.18 ± 130.92,,,,,,,,,,100.00 ± 0.00
kmnist,I,standard_qtl/q6_d4,PROVISIONAL_ONLY,INCOMPLETE,Provisional aggregate over currently available final seed results only; do not use as a final paper-table value.,AVAILABLE_FINAL_SEEDS_ONLY,1,1|42|48|550|2026,1,42|48|550|2026,1:10F;42:NAR;48:NAR;550:NAR;2026:NAR,1.0,0.53,,1.0,0.5515314901558901,,1.0,0.5313814952718238,,1.0,0.5311527948778205,,1.0,0.8761028821751621,,1.0,93394.55678486824,,0.0,,,0.0,,,0.0,,,0.0,,,0.0,,,0.0,,,0.0,,,0.0,,,0.0,,,1.0,100.0,,53.00,55.15,53.14,53.12,87.61,25.94293244024118,,25.94,93394.56,,,,,,,,,,100.00
kmnist,I,standard_qtl/q8_d2,PROVISIONAL_ONLY,INCOMPLETE,Provisional aggregate over currently available final seed results only; do not use as a final paper-table value.,AVAILABLE_FINAL_SEEDS_ONLY,1,1|42|48|550|2026,1,42|48|550|2026,1:10F;42:NAR;48:NAR;550:NAR;2026:NAR,1.0,0.464,,1.0,0.4752537826403741,,1.0,0.4644456774828443,,1.0,0.4411874867459516,,1.0,0.8496935913227975,,1.0,54465.2418513298,,0.0,,,0.0,,,0.0,,,0.0,,,0.0,,,0.0,,,0.0,,,0.0,,,0.0,,,1.0,100.0,,46.40,47.53,46.44,44.12,84.97,15.129233847591612,,15.13,54465.24,,,,,,,,,,100.00
svhn,I,ketgpt/candidate_160,PROVISIONAL_ONLY,INCOMPLETE,Provisional aggregate over currently available final seed results only; do not use as a final paper-table value.,AVAILABLE_FINAL_SEEDS_ONLY,0,1|42|48|550|2026,,1|42|48|550|2026,1:10R;42:10R;48:10R;550:6R;2026:10R,,,,,,,,,,,,,,,,,,,,,,,,,,,,,,,,,,,,,,,,,,,,,,,,,,,,,,,,,,,,,,,,,,,
svhn,I,ketgpt/candidate_180,PROVISIONAL_ONLY,INCOMPLETE,Provisional aggregate over currently available final seed results only; do not use as a final paper-table value.,AVAILABLE_FINAL_SEEDS_ONLY,0,1|42|48|550|2026,,1|42|48|550|2026,1:10R;42:3R;48:NAR;550:NAR;2026:NAR,,,,,,,,,,,,,,,,,,,,,,,,,,,,,,,,,,,,,,,,,,,,,,,,,,,,,,,,,,,,,,,,,,,
svhn,I,standard_qtl/q4_d4,PROVISIONAL_ONLY,INCOMPLETE,Provisional aggregate over currently available final seed results only; do not use as a final paper-table value.,AVAILABLE_FINAL_SEEDS_ONLY,2,1|42|48|550|2026,1|42,48|550|2026,1:10F;42:10F;48:NAR;550:NAR;2026:NAR,2.0,0.38,0.007071067811865481,2.0,0.35079998456542694,0.025411191965912933,2.0,0.2859386822401428,0.005697695275754831,2.0,0.23573774290429245,0.0019851549721485776,2.0,0.814487484608815,0.0006141168519762347,2.0,42587.8184119463,389.99993802876907,0.0,,,0.0,,,0.0,,,0.0,,,0.0,,,0.0,,,0.0,,,0.0,,,0.0,,,2.0,100.0,0.0,38.00 ± 0.71,35.08 ± 2.54,28.59 ± 0.57,23.57 ± 0.20,81.45 ± 0.06,11.829949558873972,0.10833331611910252,11.83 ± 0.11,42587.82 ± 390.00,,,,,,,,,,100.00 ± 0.00
svhn,I,standard_qtl/q6_d2,PROVISIONAL_ONLY,INCOMPLETE,Provisional aggregate over currently available final seed results only; do not use as a final paper-table value.,AVAILABLE_FINAL_SEEDS_ONLY,3,1|42|48|550|2026,1|42|48,550|2026,1:10F;42:10F;48:10F;550:NAR;2026:NAR,3.0,0.3526666666666667,0.04244211744639202,3.0,0.30708780301667765,0.1062108360996517,3.0,0.2911658618437068,0.04662455316014825,3.0,0.24653704380961136,0.05840082493353869,3.0,0.8050550117301777,0.024611731833703833,3.0,31226.17712163925,155.75735037054537,0.0,,,0.0,,,0.0,,,0.0,,,0.0,,,0.0,,,0.0,,,0.0,,,0.0,,,3.0,100.0,0.0,35.27 ± 4.24,30.71 ± 10.62,29.12 ± 4.66,24.65 ± 5.84,80.51 ± 2.46,8.673938089344237,0.04326593065848482,8.67 ± 0.04,31226.18 ± 155.76,,,,,,,,,,100.00 ± 0.00
svhn,I,standard_qtl/q6_d4,PROVISIONAL_ONLY,INCOMPLETE,Provisional aggregate over currently available final seed results only; do not use as a final paper-table value.,AVAILABLE_FINAL_SEEDS_ONLY,1,1|42|48|550|2026,1,42|48|550|2026,1:10F;42:NAR;48:NAR;550:NAR;2026:NAR,1.0,0.383,,1.0,0.3656927992249983,,1.0,0.2940252708962112,,1.0,0.2326278985693434,,1.0,0.8105291192743624,,1.0,93265.7031068802,,0.0,,,0.0,,,0.0,,,0.0,,,0.0,,,0.0,,,0.0,,,0.0,,,0.0,,,1.0,100.0,,38.30,36.57,29.40,23.26,81.05,25.907139751911167,,25.91,93265.70,,,,,,,,,,100.00
svhn,I,standard_qtl/q8_d2,PROVISIONAL_ONLY,INCOMPLETE,Provisional aggregate over currently available final seed results only; do not use as a final paper-table value.,AVAILABLE_FINAL_SEEDS_ONLY,2,1|42|48|550|2026,1|42,48|550|2026,1:10F;42:10F;48:NAR;550:NAR;2026:NAR,2.0,0.3635,0.010606601717798222,2.0,0.22874226656666444,0.051106469015774515,2.0,0.2619459136065476,0.010797482691197458,2.0,0.2223143405536075,0.023522573712486453,2.0,0.7862940603540423,0.007577646670780281,2.0,54333.37312555313,212.24076681879626,0.0,,,0.0,,,0.0,,,0.0,,,0.0,,,0.0,,,0.0,,,0.0,,,0.0,,,2.0,100.0,0.0,36.35 ± 1.06,22.87 ± 5.11,26.19 ± 1.08,22.23 ± 2.35,78.63 ± 0.76,15.092603645986982,0.058955768560776736,15.09 ± 0.06,54333.37 ± 212.24,,,,,,,,,,100.00 ± 0.00
