dataset,table,candidate,component,seed,seed_role,epoch,result_ready,status,flashjt_allow_stop_seen,source_file
cifar10,II_COMPONENT,160,confidence_linear,1,FULL_HISTORY,10.0,True,FINAL_COMPONENT_RESULT,False,table2/adaptive160/seed_1.csv
cifar10,II_COMPONENT,160,confidence_linear,42,FULL_HISTORY,10.0,True,FINAL_COMPONENT_RESULT,False,table2/adaptive160/seed_42.csv
cifar10,II_COMPONENT,160,confidence_linear,48,FULL_HISTORY,10.0,True,FINAL_COMPONENT_RESULT,False,table2/adaptive160/seed_48.csv
cifar10,II_COMPONENT,160,confidence_linear,550,FLASHJT_ELIGIBLE,6.0,True,FINAL_COMPONENT_RESULT,False,table2/adaptive160/seed_550.csv
cifar10,II_COMPONENT,160,confidence_linear,2026,FLASHJT_ELIGIBLE,6.0,True,FINAL_COMPONENT_RESULT,False,table2/adaptive160/seed_2026.csv
cifar10,II_COMPONENT,160,matched_mlp,1,FULL_HISTORY,10.0,True,FINAL_COMPONENT_RESULT,False,table2/adaptive160/seed_1.csv
cifar10,II_COMPONENT,160,matched_mlp,42,FULL_HISTORY,10.0,True,FINAL_COMPONENT_RESULT,False,table2/adaptive160/seed_42.csv
cifar10,II_COMPONENT,160,matched_mlp,48,FULL_HISTORY,10.0,True,FINAL_COMPONENT_RESULT,False,table2/adaptive160/seed_48.csv
cifar10,II_COMPONENT,160,matched_mlp,550,FLASHJT_ELIGIBLE,6.0,True,FINAL_COMPONENT_RESULT,False,table2/adaptive160/seed_550.csv
cifar10,II_COMPONENT,160,matched_mlp,2026,FLASHJT_ELIGIBLE,6.0,True,FINAL_COMPONENT_RESULT,False,table2/adaptive160/seed_2026.csv
cifar10,II_COMPONENT,160,ketgpt_quantum,1,FULL_HISTORY,10.0,True,FINAL_COMPONENT_RESULT,False,table2/adaptive160/seed_1.csv
cifar10,II_COMPONENT,160,ketgpt_quantum,42,FULL_HISTORY,10.0,True,FINAL_COMPONENT_RESULT,False,table2/adaptive160/seed_42.csv
cifar10,II_COMPONENT,160,ketgpt_quantum,48,FULL_HISTORY,10.0,True,FINAL_COMPONENT_RESULT,False,table2/adaptive160/seed_48.csv
cifar10,II_COMPONENT,160,ketgpt_quantum,550,FLASHJT_ELIGIBLE,6.0,True,FINAL_COMPONENT_RESULT,False,table2/adaptive160/seed_550.csv
cifar10,II_COMPONENT,160,ketgpt_quantum,2026,FLASHJT_ELIGIBLE,6.0,True,FINAL_COMPONENT_RESULT,False,table2/adaptive160/seed_2026.csv
cifar10,II_COMPONENT,180,confidence_linear,1,FULL_HISTORY,10.0,True,FINAL_COMPONENT_RESULT,False,table2/adaptive180/seed_1.csv
cifar10,II_COMPONENT,180,confidence_linear,42,FULL_HISTORY,10.0,True,FINAL_COMPONENT_RESULT,False,table2/adaptive180/seed_42.csv
cifar10,II_COMPONENT,180,confidence_linear,48,FULL_HISTORY,10.0,True,FINAL_COMPONENT_RESULT,False,table2/adaptive180/seed_48.csv
cifar10,II_COMPONENT,180,confidence_linear,550,FLASHJT_ELIGIBLE,6.0,True,FINAL_COMPONENT_RESULT,False,table2/adaptive180/seed_550.csv
cifar10,II_COMPONENT,180,confidence_linear,2026,FLASHJT_ELIGIBLE,6.0,True,FINAL_COMPONENT_RESULT,False,table2/adaptive180/seed_2026.csv
cifar10,II_COMPONENT,180,matched_mlp,1,FULL_HISTORY,10.0,True,FINAL_COMPONENT_RESULT,False,table2/adaptive180/seed_1.csv
cifar10,II_COMPONENT,180,matched_mlp,42,FULL_HISTORY,10.0,True,FINAL_COMPONENT_RESULT,False,table2/adaptive180/seed_42.csv
cifar10,II_COMPONENT,180,matched_mlp,48,FULL_HISTORY,10.0,True,FINAL_COMPONENT_RESULT,False,table2/adaptive180/seed_48.csv
cifar10,II_COMPONENT,180,matched_mlp,550,FLASHJT_ELIGIBLE,6.0,True,FINAL_COMPONENT_RESULT,False,table2/adaptive180/seed_550.csv
cifar10,II_COMPONENT,180,matched_mlp,2026,FLASHJT_ELIGIBLE,6.0,True,FINAL_COMPONENT_RESULT,False,table2/adaptive180/seed_2026.csv
cifar10,II_COMPONENT,180,ketgpt_quantum,1,FULL_HISTORY,10.0,True,FINAL_COMPONENT_RESULT,False,table2/adaptive180/seed_1.csv
cifar10,II_COMPONENT,180,ketgpt_quantum,42,FULL_HISTORY,10.0,True,FINAL_COMPONENT_RESULT,False,table2/adaptive180/seed_42.csv
cifar10,II_COMPONENT,180,ketgpt_quantum,48,FULL_HISTORY,10.0,True,FINAL_COMPONENT_RESULT,False,table2/adaptive180/seed_48.csv
cifar10,II_COMPONENT,180,ketgpt_quantum,550,FLASHJT_ELIGIBLE,6.0,True,FINAL_COMPONENT_RESULT,False,table2/adaptive180/seed_550.csv
cifar10,II_COMPONENT,180,ketgpt_quantum,2026,FLASHJT_ELIGIBLE,6.0,True,FINAL_COMPONENT_RESULT,False,table2/adaptive180/seed_2026.csv
kmnist,II_COMPONENT,160,confidence_linear,1,FULL_HISTORY,10.0,True,FINAL_COMPONENT_RESULT,False,table2/adaptive160/seed_1.csv
kmnist,II_COMPONENT,160,confidence_linear,42,FULL_HISTORY,10.0,True,FINAL_COMPONENT_RESULT,False,table2/adaptive160/seed_42.csv
kmnist,II_COMPONENT,160,confidence_linear,48,FULL_HISTORY,10.0,True,FINAL_COMPONENT_RESULT,False,table2/adaptive160/seed_48.csv
kmnist,II_COMPONENT,160,confidence_linear,550,FLASHJT_ELIGIBLE,6.0,True,FINAL_COMPONENT_RESULT,False,table2/adaptive160/seed_550.csv
kmnist,II_COMPONENT,160,confidence_linear,2026,FLASHJT_ELIGIBLE,6.0,True,FINAL_COMPONENT_RESULT,False,table2/adaptive160/seed_2026.csv
kmnist,II_COMPONENT,160,matched_mlp,1,FULL_HISTORY,10.0,True,FINAL_COMPONENT_RESULT,False,table2/adaptive160/seed_1.csv
kmnist,II_COMPONENT,160,matched_mlp,42,FULL_HISTORY,10.0,True,FINAL_COMPONENT_RESULT,False,table2/adaptive160/seed_42.csv
kmnist,II_COMPONENT,160,matched_mlp,48,FULL_HISTORY,10.0,True,FINAL_COMPONENT_RESULT,False,table2/adaptive160/seed_48.csv
kmnist,II_COMPONENT,160,matched_mlp,550,FLASHJT_ELIGIBLE,6.0,True,FINAL_COMPONENT_RESULT,False,table2/adaptive160/seed_550.csv
kmnist,II_COMPONENT,160,matched_mlp,2026,FLASHJT_ELIGIBLE,6.0,True,FINAL_COMPONENT_RESULT,False,table2/adaptive160/seed_2026.csv
kmnist,II_COMPONENT,160,ketgpt_quantum,1,FULL_HISTORY,10.0,True,FINAL_COMPONENT_RESULT,False,table2/adaptive160/seed_1.csv
kmnist,II_COMPONENT,160,ketgpt_quantum,42,FULL_HISTORY,10.0,True,FINAL_COMPONENT_RESULT,False,table2/adaptive160/seed_42.csv
kmnist,II_COMPONENT,160,ketgpt_quantum,48,FULL_HISTORY,10.0,True,FINAL_COMPONENT_RESULT,False,table2/adaptive160/seed_48.csv
kmnist,II_COMPONENT,160,ketgpt_quantum,550,FLASHJT_ELIGIBLE,6.0,True,FINAL_COMPONENT_RESULT,False,table2/adaptive160/seed_550.csv
kmnist,II_COMPONENT,160,ketgpt_quantum,2026,FLASHJT_ELIGIBLE,6.0,True,FINAL_COMPONENT_RESULT,False,table2/adaptive160/seed_2026.csv
kmnist,II_COMPONENT,180,confidence_linear,1,FULL_HISTORY,10.0,True,FINAL_COMPONENT_RESULT,False,table2/adaptive180/seed_1.csv
kmnist,II_COMPONENT,180,confidence_linear,42,FULL_HISTORY,,False,NOT_STARTED_OR_WAITING,False,
kmnist,II_COMPONENT,180,confidence_linear,48,FULL_HISTORY,,False,NOT_STARTED_OR_WAITING,False,
kmnist,II_COMPONENT,180,confidence_linear,550,FLASHJT_ELIGIBLE,,False,NOT_STARTED_OR_WAITING,False,
kmnist,II_COMPONENT,180,confidence_linear,2026,FLASHJT_ELIGIBLE,,False,NOT_STARTED_OR_WAITING,False,
kmnist,II_COMPONENT,180,matched_mlp,1,FULL_HISTORY,10.0,True,FINAL_COMPONENT_RESULT,False,table2/adaptive180/seed_1.csv
kmnist,II_COMPONENT,180,matched_mlp,42,FULL_HISTORY,,False,NOT_STARTED_OR_WAITING,False,
kmnist,II_COMPONENT,180,matched_mlp,48,FULL_HISTORY,,False,NOT_STARTED_OR_WAITING,False,
kmnist,II_COMPONENT,180,matched_mlp,550,FLASHJT_ELIGIBLE,,False,NOT_STARTED_OR_WAITING,False,
kmnist,II_COMPONENT,180,matched_mlp,2026,FLASHJT_ELIGIBLE,,False,NOT_STARTED_OR_WAITING,False,
kmnist,II_COMPONENT,180,ketgpt_quantum,1,FULL_HISTORY,10.0,True,FINAL_COMPONENT_RESULT,False,table2/adaptive180/seed_1.csv
kmnist,II_COMPONENT,180,ketgpt_quantum,42,FULL_HISTORY,,False,NOT_STARTED_OR_WAITING,False,
kmnist,II_COMPONENT,180,ketgpt_quantum,48,FULL_HISTORY,,False,NOT_STARTED_OR_WAITING,False,
kmnist,II_COMPONENT,180,ketgpt_quantum,550,FLASHJT_ELIGIBLE,,False,NOT_STARTED_OR_WAITING,False,
kmnist,II_COMPONENT,180,ketgpt_quantum,2026,FLASHJT_ELIGIBLE,,False,NOT_STARTED_OR_WAITING,False,
svhn,II_COMPONENT,160,confidence_linear,1,FULL_HISTORY,10.0,True,FINAL_COMPONENT_RESULT,False,table2/adaptive160/seed_1.csv
svhn,II_COMPONENT,160,confidence_linear,42,FULL_HISTORY,10.0,True,FINAL_COMPONENT_RESULT,False,table2/adaptive160/seed_42.csv
svhn,II_COMPONENT,160,confidence_linear,48,FULL_HISTORY,10.0,True,FINAL_COMPONENT_RESULT,False,table2/adaptive160/seed_48.csv
svhn,II_COMPONENT,160,confidence_linear,550,FLASHJT_ELIGIBLE,10.0,True,FINAL_COMPONENT_RESULT,False,table2/adaptive160/seed_550.csv
svhn,II_COMPONENT,160,confidence_linear,2026,FLASHJT_ELIGIBLE,6.0,True,FINAL_COMPONENT_RESULT,False,table2/adaptive160/seed_2026.csv
svhn,II_COMPONENT,160,matched_mlp,1,FULL_HISTORY,10.0,True,FINAL_COMPONENT_RESULT,False,table2/adaptive160/seed_1.csv
svhn,II_COMPONENT,160,matched_mlp,42,FULL_HISTORY,10.0,True,FINAL_COMPONENT_RESULT,False,table2/adaptive160/seed_42.csv
svhn,II_COMPONENT,160,matched_mlp,48,FULL_HISTORY,10.0,True,FINAL_COMPONENT_RESULT,False,table2/adaptive160/seed_48.csv
svhn,II_COMPONENT,160,matched_mlp,550,FLASHJT_ELIGIBLE,6.0,True,FINAL_COMPONENT_RESULT,False,table2/adaptive160/seed_550.csv
svhn,II_COMPONENT,160,matched_mlp,2026,FLASHJT_ELIGIBLE,6.0,True,FINAL_COMPONENT_RESULT,False,table2/adaptive160/seed_2026.csv
svhn,II_COMPONENT,160,ketgpt_quantum,1,FULL_HISTORY,10.0,True,FINAL_COMPONENT_RESULT,False,table2/adaptive160/seed_1.csv
svhn,II_COMPONENT,160,ketgpt_quantum,42,FULL_HISTORY,10.0,True,FINAL_COMPONENT_RESULT,False,table2/adaptive160/seed_42.csv
svhn,II_COMPONENT,160,ketgpt_quantum,48,FULL_HISTORY,10.0,True,FINAL_COMPONENT_RESULT,False,table2/adaptive160/seed_48.csv
svhn,II_COMPONENT,160,ketgpt_quantum,550,FLASHJT_ELIGIBLE,9.0,True,FINAL_COMPONENT_RESULT,False,table2/adaptive160/seed_550.csv
svhn,II_COMPONENT,160,ketgpt_quantum,2026,FLASHJT_ELIGIBLE,6.0,True,FINAL_COMPONENT_RESULT,False,table2/adaptive160/seed_2026.csv
svhn,II_COMPONENT,180,confidence_linear,1,FULL_HISTORY,10.0,True,FINAL_COMPONENT_RESULT,False,table2/adaptive180/seed_1.csv
svhn,II_COMPONENT,180,confidence_linear,42,FULL_HISTORY,,False,NOT_STARTED_OR_WAITING,False,
svhn,II_COMPONENT,180,confidence_linear,48,FULL_HISTORY,,False,NOT_STARTED_OR_WAITING,False,
svhn,II_COMPONENT,180,confidence_linear,550,FLASHJT_ELIGIBLE,,False,NOT_STARTED_OR_WAITING,False,
svhn,II_COMPONENT,180,confidence_linear,2026,FLASHJT_ELIGIBLE,,False,NOT_STARTED_OR_WAITING,False,
svhn,II_COMPONENT,180,matched_mlp,1,FULL_HISTORY,10.0,True,FINAL_COMPONENT_RESULT,False,table2/adaptive180/seed_1.csv
svhn,II_COMPONENT,180,matched_mlp,42,FULL_HISTORY,,False,NOT_STARTED_OR_WAITING,False,
svhn,II_COMPONENT,180,matched_mlp,48,FULL_HISTORY,,False,NOT_STARTED_OR_WAITING,False,
svhn,II_COMPONENT,180,matched_mlp,550,FLASHJT_ELIGIBLE,,False,NOT_STARTED_OR_WAITING,False,
svhn,II_COMPONENT,180,matched_mlp,2026,FLASHJT_ELIGIBLE,,False,NOT_STARTED_OR_WAITING,False,
svhn,II_COMPONENT,180,ketgpt_quantum,1,FULL_HISTORY,10.0,True,FINAL_COMPONENT_RESULT,False,table2/adaptive180/seed_1.csv
svhn,II_COMPONENT,180,ketgpt_quantum,42,FULL_HISTORY,,False,NOT_STARTED_OR_WAITING,False,
svhn,II_COMPONENT,180,ketgpt_quantum,48,FULL_HISTORY,,False,NOT_STARTED_OR_WAITING,False,
svhn,II_COMPONENT,180,ketgpt_quantum,550,FLASHJT_ELIGIBLE,,False,NOT_STARTED_OR_WAITING,False,
svhn,II_COMPONENT,180,ketgpt_quantum,2026,FLASHJT_ELIGIBLE,,False,NOT_STARTED_OR_WAITING,False,
