18064319|qstar-cifar10-cache|COMPLETED|458|2026-09-21T20:49:49|2026-09-21T20:57:27
18064358|qstar-cifar10-p1-classical|COMPLETED|23|2026-09-21T20:57:38|2026-09-21T20:58:01
18064359|qstar-cifar10-p1-classical|COMPLETED|22|2026-09-21T20:57:39|2026-09-21T20:58:01
18064320|qstar-cifar10-p1-classical|COMPLETED|22|2026-09-21T20:57:39|2026-09-21T20:58:01
18064360|qstar-cifar10-p1-standard|COMPLETED|5855|2026-09-21T20:57:39|2026-09-21T22:35:14
18064361|qstar-cifar10-p1-standard|COMPLETED|14153|2026-09-21T20:57:39|2026-09-22T00:53:32
18064362|qstar-cifar10-p1-standard|COMPLETED|41493|2026-09-21T20:57:39|2026-09-22T08:29:12
18064363|qstar-cifar10-p1-standard|COMPLETED|12022|2026-09-21T20:57:39|2026-09-22T00:18:01
18064364|qstar-cifar10-p1-standard|COMPLETED|31594|2026-09-21T20:57:39|2026-09-22T05:44:13
18064365|qstar-cifar10-p1-standard|COMPLETED|94487|2026-09-21T20:57:39|2026-09-22T23:12:26
18064366|qstar-cifar10-p1-standard|COMPLETED|21704|2026-09-21T20:57:39|2026-09-22T02:59:23
18064367|qstar-cifar10-p1-standard|COMPLETED|55271|2026-09-21T20:57:39|2026-09-22T12:18:50
18064646|qstar-cifar10-p1-standard|COMPLETED|6042|2026-09-21T22:35:25|2026-09-22T00:16:07
18065098|qstar-cifar10-p1-standard|COMPLETED|14715|2026-09-22T00:16:27|2026-09-22T04:21:42
18065102|qstar-cifar10-p1-standard|COMPLETED|42777|2026-09-22T00:18:27|2026-09-22T12:11:24
18065197|qstar-cifar10-p1-standard|COMPLETED|12389|2026-09-22T00:53:51|2026-09-22T04:20:20
18065538|qstar-cifar10-p1-standard|COMPLETED|30831|2026-09-22T02:59:33|2026-09-22T11:33:24
18065666|qstar-cifar10-p1-standard|COMPLETED|93326|2026-09-22T04:20:45|2026-09-23T06:16:11
18065668|qstar-cifar10-p1-standard|COMPLETED|21226|2026-09-22T04:21:45|2026-09-22T10:15:31
18065810|qstar-cifar10-p1-standard|COMPLETED|54505|2026-09-22T05:44:14|2026-09-22T20:52:39
18066246|qstar-cifar10-p1-standard|COMPLETED|6018|2026-09-22T08:29:13|2026-09-22T10:09:31
18067940|qstar-cifar10-p1-standard|COMPLETED|14273|2026-09-22T10:09:36|2026-09-22T14:07:29
18068156|qstar-cifar10-p1-standard|COMPLETED|42436|2026-09-22T10:15:45|2026-09-22T22:03:01
18069280|qstar-cifar10-p1-standard|COMPLETED|12782|2026-09-22T11:33:31|2026-09-22T15:06:33
18070071|qstar-cifar10-p1-standard|COMPLETED|31354|2026-09-22T12:11:45|2026-09-22T20:54:19
18070127|qstar-cifar10-p1-standard|COMPLETED|95110|2026-09-22T12:19:21|2026-09-23T14:44:31
18071343|qstar-cifar10-p1-standard|COMPLETED|21410|2026-09-22T14:08:24|2026-09-22T20:05:14
18064321|qstar-cifar10-p1-standard|COMPLETED|54268|2026-09-22T15:06:34|2026-09-23T06:11:02
18064368|qstar-cifar10-p1-ketgpt|COMPLETED|90120|2026-09-21T20:57:39|2026-09-22T21:59:39
18064369|qstar-cifar10-p1-ketgpt|COMPLETED|89071|2026-09-21T20:57:39|2026-09-22T21:42:10
18064322|qstar-cifar10-p1-ketgpt|COMPLETED|88658|2026-09-21T20:57:39|2026-09-22T21:35:17
18064370|qstar-cifar10-p1-a180|COMPLETED|80239|2026-09-21T20:57:39|2026-09-22T19:14:58
18064371|qstar-cifar10-p1-a180|COMPLETED|80857|2026-09-21T20:57:39|2026-09-22T19:25:16
18064323|qstar-cifar10-p1-a180|COMPLETED|80931|2026-09-21T20:57:39|2026-09-22T19:26:30
18064372|qstar-cifar10-p1-a160|COMPLETED|9780|2026-09-21T20:57:39|2026-09-21T23:40:39
18064373|qstar-cifar10-p1-a160|COMPLETED|9684|2026-09-21T20:57:39|2026-09-21T23:39:03
18064324|qstar-cifar10-p1-a160|COMPLETED|9394|2026-09-21T20:57:39|2026-09-21T23:34:13
18116860|qstar-cifar10-p2-classical|COMPLETED|70|2026-09-23T14:44:46|2026-09-23T14:45:56
18064325|qstar-cifar10-p2-classical|COMPLETED|68|2026-09-23T14:44:46|2026-09-23T14:45:54
18116861|qstar-cifar10-p2-standard|COMPLETED|6126|2026-09-23T14:44:46|2026-09-23T16:26:52
18116862|qstar-cifar10-p2-standard|COMPLETED|10417|2026-09-23T14:44:46|2026-09-23T17:38:23
18116863|qstar-cifar10-p2-standard|COMPLETED|42410|2026-09-23T14:44:46|2026-09-24T02:31:36
18116864|qstar-cifar10-p2-standard|COMPLETED|11245|2026-09-23T14:44:46|2026-09-23T17:52:11
18116865|qstar-cifar10-p2-standard|COMPLETED|31455|2026-09-23T14:44:46|2026-09-23T23:29:01
18116866|qstar-cifar10-p2-standard|RUNNING|51710|2026-09-23T14:44:46|Unknown
18116867|qstar-cifar10-p2-standard|COMPLETED|21418|2026-09-23T14:44:46|2026-09-23T20:41:44
18116868|qstar-cifar10-p2-standard|RUNNING|51710|2026-09-23T14:44:46|Unknown
18122766|qstar-cifar10-p2-standard|COMPLETED|6420|2026-09-23T16:26:56|2026-09-23T18:13:56
18124836|qstar-cifar10-p2-standard|COMPLETED|15136|2026-09-23T17:38:26|2026-09-23T21:50:42
18125591|qstar-cifar10-p2-standard|RUNNING|40435|2026-09-23T17:52:41|Unknown
18127306|qstar-cifar10-p2-standard|COMPLETED|12525|2026-09-23T18:14:14|2026-09-23T21:42:59
18132325|qstar-cifar10-p2-standard|COMPLETED|18506|2026-09-23T20:42:03|2026-09-24T01:50:29
18133446|qstar-cifar10-p2-standard|RUNNING|26610|2026-09-23T21:43:06|Unknown
18133576|qstar-cifar10-p2-standard|COMPLETED|21628|2026-09-23T21:51:06|2026-09-24T03:51:34
18064326|qstar-cifar10-p2-standard|RUNNING|20246|2026-09-23T23:29:10|Unknown
18116869|qstar-cifar10-p2-ketgpt|RUNNING|51710|2026-09-23T14:44:46|Unknown
18064327|qstar-cifar10-p2-ketgpt|RUNNING|51710|2026-09-23T14:44:46|Unknown
18116870|qstar-cifar10-p2-a180|COMPLETED|47986|2026-09-23T14:44:46|2026-09-24T04:04:32
18064329|qstar-cifar10-p2-a180|COMPLETED|47391|2026-09-23T14:44:46|2026-09-24T03:54:37
18116871|qstar-cifar10-p2-a160|COMPLETED|5837|2026-09-23T14:44:46|2026-09-23T16:22:03
18064330|qstar-cifar10-p2-a160|COMPLETED|5858|2026-09-23T14:44:46|2026-09-23T16:22:24
18064332|qstar-cifar10-cache|CANCELLED by 4483366|0|2026-09-21T20:51:45|2026-09-21T20:51:45
18097672|qstar-kmnist-cache|COMPLETED|451|2026-09-23T01:38:15|2026-09-23T01:45:46
18097738|qstar-kmnist-hist-classical|COMPLETED|18|2026-09-23T01:45:48|2026-09-23T01:46:06
18097739|qstar-kmnist-hist-classical|COMPLETED|18|2026-09-23T01:45:48|2026-09-23T01:46:06
18097673|qstar-kmnist-hist-classical|COMPLETED|18|2026-09-23T01:45:48|2026-09-23T01:46:06
18097753|qstar-kmnist-assist-classical|COMPLETED|33|2026-09-23T01:46:19|2026-09-23T01:46:52
18097674|qstar-kmnist-assist-classical|COMPLETED|33|2026-09-23T01:46:19|2026-09-23T01:46:52
18097740|qstar-kmnist-hist-q4d1|COMPLETED|6177|2026-09-23T01:45:48|2026-09-23T03:28:45
18099564|qstar-kmnist-hist-q4d1|COMPLETED|6266|2026-09-23T03:29:27|2026-09-23T05:13:53
18097675|qstar-kmnist-hist-q4d1|COMPLETED|6013|2026-09-23T05:14:28|2026-09-23T06:54:41
18099850|qstar-kmnist-assist-q4d1|COMPLETED|4363|2026-09-23T06:55:29|2026-09-23T08:08:12
18097676|qstar-kmnist-assist-q4d1|COMPLETED|5436|2026-09-23T06:55:29|2026-09-23T08:26:05
18097741|qstar-kmnist-hist-q4d2|COMPLETED|14946|2026-09-23T01:45:48|2026-09-23T05:54:54
18099788|qstar-kmnist-hist-q4d2|COMPLETED|14859|2026-09-23T05:55:28|2026-09-23T10:03:07
18097677|qstar-kmnist-hist-q4d2|COMPLETED|15010|2026-09-23T10:03:36|2026-09-23T14:13:46
18115258|qstar-kmnist-assist-q4d2|COMPLETED|10882|2026-09-23T14:15:17|2026-09-23T17:16:39
18097678|qstar-kmnist-assist-q4d2|COMPLETED|10536|2026-09-23T14:15:17|2026-09-23T17:10:53
18097742|qstar-kmnist-hist-q4d4|COMPLETED|43254|2026-09-23T01:45:48|2026-09-23T13:46:42
18113682|qstar-kmnist-hist-q4d4|COMPLETED|42593|2026-09-23T13:46:44|2026-09-24T01:36:37
18097679|qstar-kmnist-hist-q4d4|RUNNING|12559|2026-09-24T01:37:17|Unknown
18097743|qstar-kmnist-hist-q6d1|COMPLETED|12361|2026-09-23T01:45:48|2026-09-23T05:11:49
18099726|qstar-kmnist-hist-q6d1|COMPLETED|12383|2026-09-23T05:12:28|2026-09-23T08:38:51
18097681|qstar-kmnist-hist-q6d1|COMPLETED|12530|2026-09-23T08:39:30|2026-09-23T12:08:20
18107696|qstar-kmnist-assist-q6d1|COMPLETED|12592|2026-09-23T12:08:25|2026-09-23T15:38:17
18097682|qstar-kmnist-assist-q6d1|COMPLETED|12605|2026-09-23T12:08:25|2026-09-23T15:38:30
18097744|qstar-kmnist-hist-q6d2|COMPLETED|30908|2026-09-23T01:45:48|2026-09-23T10:20:56
18103432|qstar-kmnist-hist-q6d2|COMPLETED|30861|2026-09-23T10:21:37|2026-09-23T18:55:58
18097683|qstar-kmnist-hist-q6d2|COMPLETED|31108|2026-09-23T18:56:00|2026-09-24T03:34:28
18136779|qstar-kmnist-assist-q6d2|RUNNING|5475|2026-09-24T03:35:21|Unknown
18097684|qstar-kmnist-assist-q6d2|RUNNING|5475|2026-09-24T03:35:21|Unknown
18097745|qstar-kmnist-hist-q6d4|COMPLETED|93423|2026-09-23T01:45:48|2026-09-24T03:42:51
18136802|qstar-kmnist-hist-q6d4|RUNNING|4995|2026-09-24T03:43:21|Unknown
18097746|qstar-kmnist-hist-q8d1|COMPLETED|21457|2026-09-23T01:45:48|2026-09-23T07:43:25
18099893|qstar-kmnist-hist-q8d1|COMPLETED|21528|2026-09-23T07:43:29|2026-09-23T13:42:17
18097687|qstar-kmnist-hist-q8d1|COMPLETED|21199|2026-09-23T13:42:44|2026-09-23T19:36:03
18131179|qstar-kmnist-assist-q8d1|COMPLETED|21816|2026-09-23T19:36:04|2026-09-24T01:39:40
18097688|qstar-kmnist-assist-q8d1|COMPLETED|21445|2026-09-23T19:36:04|2026-09-24T01:33:29
18097747|qstar-kmnist-hist-q8d2|COMPLETED|54491|2026-09-23T01:45:48|2026-09-23T16:53:59
18123520|qstar-kmnist-hist-q8d2|RUNNING|43899|2026-09-23T16:54:57|Unknown
18097748|qstar-kmnist-hist-k160|COMPLETED|9439|2026-09-23T01:45:48|2026-09-23T04:23:07
18099668|qstar-kmnist-hist-k160|COMPLETED|9607|2026-09-23T04:23:28|2026-09-23T07:03:35
18097691|qstar-kmnist-hist-k160|COMPLETED|9835|2026-09-23T07:04:29|2026-09-23T09:48:24
18101499|qstar-kmnist-assist-k160|COMPLETED|5829|2026-09-23T09:48:28|2026-09-23T11:25:37
18097692|qstar-kmnist-assist-k160|COMPLETED|5734|2026-09-23T09:48:28|2026-09-23T11:24:02
18097749|qstar-kmnist-hist-k180|COMPLETED|77449|2026-09-23T01:45:48|2026-09-23T23:16:37
18134401|qstar-kmnist-hist-k180|RUNNING|20666|2026-09-23T23:22:10|Unknown
18097750|qstar-kmnist-hist-a160|COMPLETED|9366|2026-09-23T01:45:48|2026-09-23T04:21:54
18099667|qstar-kmnist-hist-a160|COMPLETED|10146|2026-09-23T04:22:28|2026-09-23T07:11:34
18097696|qstar-kmnist-hist-a160|COMPLETED|10097|2026-09-23T07:12:29|2026-09-23T10:00:46
18102457|qstar-kmnist-assist-a160|COMPLETED|6095|2026-09-23T10:01:35|2026-09-23T11:43:10
18097697|qstar-kmnist-assist-a160|COMPLETED|5873|2026-09-23T10:01:35|2026-09-23T11:39:28
18097751|qstar-kmnist-hist-a180|COMPLETED|77692|2026-09-23T01:45:48|2026-09-23T23:20:40
18134402|qstar-kmnist-hist-a180|RUNNING|20666|2026-09-23T23:22:10|Unknown
18097703|qstar-svhn-cache|COMPLETED|640|2026-09-23T01:39:15|2026-09-23T01:49:55
18097862|qstar-svhn-hist-classical|COMPLETED|40|2026-09-23T01:50:24|2026-09-23T01:51:04
18097863|qstar-svhn-hist-classical|COMPLETED|40|2026-09-23T01:50:24|2026-09-23T01:51:04
18097704|qstar-svhn-hist-classical|COMPLETED|40|2026-09-23T01:50:24|2026-09-23T01:51:04
18097992|qstar-svhn-assist-classical|COMPLETED|73|2026-09-23T01:51:38|2026-09-23T01:52:51
18097705|qstar-svhn-assist-classical|COMPLETED|75|2026-09-23T01:51:38|2026-09-23T01:52:53
18097864|qstar-svhn-hist-q4d1|COMPLETED|5917|2026-09-23T01:50:24|2026-09-23T03:29:01
18099565|qstar-svhn-hist-q4d1|COMPLETED|5962|2026-09-23T03:29:27|2026-09-23T05:08:49
18097706|qstar-svhn-hist-q4d1|COMPLETED|5985|2026-09-23T05:09:28|2026-09-23T06:49:13
18099847|qstar-svhn-assist-q4d1|COMPLETED|4598|2026-09-23T06:49:29|2026-09-23T08:06:07
18097707|qstar-svhn-assist-q4d1|COMPLETED|4407|2026-09-23T06:49:29|2026-09-23T08:02:56
18097865|qstar-svhn-hist-q4d2|COMPLETED|14469|2026-09-23T01:50:24|2026-09-23T05:51:33
18099786|qstar-svhn-hist-q4d2|COMPLETED|14794|2026-09-23T05:52:28|2026-09-23T09:59:02
18097708|qstar-svhn-hist-q4d2|COMPLETED|14773|2026-09-23T09:59:35|2026-09-23T14:05:48
18114915|qstar-svhn-assist-q4d2|COMPLETED|13020|2026-09-23T14:06:55|2026-09-23T17:43:55
18097709|qstar-svhn-assist-q4d2|COMPLETED|14358|2026-09-23T14:06:55|2026-09-23T18:06:13
18097866|qstar-svhn-hist-q4d4|COMPLETED|42908|2026-09-23T01:50:24|2026-09-23T13:45:32
18113604|qstar-svhn-hist-q4d4|COMPLETED|42335|2026-09-23T13:45:44|2026-09-24T01:31:19
18097710|qstar-svhn-hist-q4d4|RUNNING|12860|2026-09-24T01:32:16|Unknown
18097867|qstar-svhn-hist-q6d1|COMPLETED|12525|2026-09-23T01:50:24|2026-09-23T05:19:09
18099741|qstar-svhn-hist-q6d1|COMPLETED|12236|2026-09-23T05:19:28|2026-09-23T08:43:24
18097712|qstar-svhn-hist-q6d1|COMPLETED|8910|2026-09-23T08:43:30|2026-09-23T11:12:00
18106255|qstar-svhn-assist-q6d1|COMPLETED|12477|2026-09-23T11:12:41|2026-09-23T14:40:38
18097713|qstar-svhn-assist-q6d1|COMPLETED|12762|2026-09-23T11:12:41|2026-09-23T14:45:23
18097868|qstar-svhn-hist-q6d2|COMPLETED|31372|2026-09-23T01:50:24|2026-09-23T10:33:16
18104110|qstar-svhn-hist-q6d2|COMPLETED|31069|2026-09-23T10:33:37|2026-09-23T19:11:26
18097714|qstar-svhn-hist-q6d2|COMPLETED|31326|2026-09-23T19:12:00|2026-09-24T03:54:06
18136826|qstar-svhn-assist-q6d2|RUNNING|4340|2026-09-24T03:54:16|Unknown
18097715|qstar-svhn-assist-q6d2|RUNNING|4340|2026-09-24T03:54:16|Unknown
18097869|qstar-svhn-hist-q6d4|COMPLETED|93317|2026-09-23T01:50:24|2026-09-24T03:45:41
18136810|qstar-svhn-hist-q6d4|RUNNING|4815|2026-09-24T03:46:21|Unknown
18097870|qstar-svhn-hist-q8d1|COMPLETED|21238|2026-09-23T01:50:24|2026-09-23T07:44:22
18099894|qstar-svhn-hist-q8d1|COMPLETED|15146|2026-09-23T07:44:29|2026-09-23T11:56:55
18097718|qstar-svhn-hist-q8d1|COMPLETED|21727|2026-09-23T11:57:41|2026-09-23T17:59:48
18126386|qstar-svhn-assist-q8d1|COMPLETED|21052|2026-09-23T17:59:51|2026-09-23T23:50:43
18097719|qstar-svhn-assist-q8d1|COMPLETED|20927|2026-09-23T17:59:51|2026-09-23T23:48:38
18097871|qstar-svhn-hist-q8d2|COMPLETED|54532|2026-09-23T01:50:24|2026-09-23T16:59:16
18123580|qstar-svhn-hist-q8d2|RUNNING|43539|2026-09-23T17:00:57|Unknown
18097872|qstar-svhn-hist-k160|COMPLETED|9653|2026-09-23T01:50:24|2026-09-23T04:31:17
18099673|qstar-svhn-hist-k160|COMPLETED|9760|2026-09-23T04:31:18|2026-09-23T07:13:58
18097722|qstar-svhn-hist-k160|COMPLETED|10047|2026-09-23T07:14:29|2026-09-23T10:01:56
18102539|qstar-svhn-assist-k160|COMPLETED|5815|2026-09-23T10:02:06|2026-09-23T11:39:01
18097723|qstar-svhn-assist-k160|COMPLETED|9589|2026-09-23T10:02:06|2026-09-23T12:41:55
18097873|qstar-svhn-hist-k180|COMPLETED|80101|2026-09-23T01:50:24|2026-09-24T00:05:25
18134633|qstar-svhn-hist-k180|RUNNING|18025|2026-09-24T00:06:11|Unknown
18097874|qstar-svhn-hist-a160|COMPLETED|9669|2026-09-23T01:50:24|2026-09-23T04:31:33
18099675|qstar-svhn-hist-a160|COMPLETED|10130|2026-09-23T04:31:48|2026-09-23T07:20:38
18097726|qstar-svhn-hist-a160|COMPLETED|10085|2026-09-23T07:21:29|2026-09-23T10:09:34
18103349|qstar-svhn-assist-a160|COMPLETED|8584|2026-09-23T10:09:37|2026-09-23T12:32:41
18097727|qstar-svhn-assist-a160|COMPLETED|6133|2026-09-23T10:09:37|2026-09-23T11:51:50
18097875|qstar-svhn-hist-a180|COMPLETED|79496|2026-09-23T01:50:24|2026-09-23T23:55:20
18134584|qstar-svhn-hist-a180|RUNNING|18626|2026-09-23T23:56:10|Unknown
