18027064|rq1_48_50g|COMPLETED|29754|08:15:54|2026-09-19T18:54:23|2026-09-20T03:10:17|0:0|cn268
18027065|rq1_550_50g|COMPLETED|34972|09:42:52|2026-09-19T18:54:23|2026-09-20T04:37:15|0:0|dn005
18027508|ab_e6_native|COMPLETED|12663|03:31:03|2026-09-19T20:52:45|2026-09-20T00:23:48|0:0|cn223
18029304|bash|TIMEOUT|905|00:15:05|2026-09-20T01:54:24|2026-09-20T02:09:29|0:0|dn012
18029305|ivl1|FAILED|0|00:00:00|2026-09-20T01:54:55|2026-09-20T01:54:55|2:0|dn012
18029308|ivl1|COMPLETED|199|00:03:19|2026-09-20T01:57:57|2026-09-20T02:01:16|0:0|dn008
18029398|qhall_eval|COMPLETED|500|00:08:20|2026-09-20T02:05:02|2026-09-20T02:13:22|0:0|cn265
18029641|qhall_eval|COMPLETED|2638|00:43:58|2026-09-20T02:09:45|2026-09-20T02:53:43|0:0|cn268
18029650|qhall_eval|COMPLETED|873|00:14:33|2026-09-20T02:13:48|2026-09-20T02:28:21|0:0|cn276
18029738|qhall_eval|COMPLETED|1164|00:19:24|2026-09-20T02:28:30|2026-09-20T02:47:54|0:0|cn276
18029787|qhall_eval|COMPLETED|839|00:13:59|2026-09-20T02:48:15|2026-09-20T03:02:14|0:0|cn012
18029811|qhall_eval|COMPLETED|240|00:04:00|2026-09-20T02:53:50|2026-09-20T02:57:50|0:0|cn268
18029823|qhall_eval|COMPLETED|671|00:11:11|2026-09-20T02:57:54|2026-09-20T03:09:05|0:0|cn265
18029829|qhall_eval|COMPLETED|4988|01:23:08|2026-09-20T03:02:28|2026-09-20T04:25:36|0:0|cn012
18029839|qhall_eval|COMPLETED|2675|00:44:35|2026-09-20T03:09:33|2026-09-20T03:54:08|0:0|cn013
18029843|qhall_eval|COMPLETED|3609|01:00:09|2026-09-20T03:10:34|2026-09-20T04:10:43|0:0|cn265
18029940|qhall_eval|COMPLETED|928|00:15:28|2026-09-20T03:54:32|2026-09-20T04:10:00|0:0|cn013
18030002|qhall_eval|COMPLETED|503|00:08:23|2026-09-20T04:10:12|2026-09-20T04:18:35|0:0|cn013
18030005|qhall_eval|COMPLETED|403|00:06:43|2026-09-20T04:11:13|2026-09-20T04:17:56|0:0|cn265
18030018|qhall_eval|COMPLETED|3401|00:56:41|2026-09-20T04:18:18|2026-09-20T05:14:59|0:0|cn004
18030020|qhall_eval|COMPLETED|1942|00:32:22|2026-09-20T04:18:48|2026-09-20T04:51:10|0:0|cn005
18030026|qhall_eval|COMPLETED|2965|00:49:25|2026-09-20T04:25:52|2026-09-20T05:15:17|0:0|cn012
18030064|qhall_eval|COMPLETED|680|00:11:20|2026-09-20T04:51:16|2026-09-20T05:02:36|0:0|cn005
18029387|qhall_eval|COMPLETED|342|00:05:42|2026-09-20T05:02:52|2026-09-20T05:08:34|0:0|cn001
18030101|qhall_eval|COMPLETED|8|00:00:08|2026-09-20T05:14:29|2026-09-20T05:14:37|0:0|cn001
18030102|qhall_eval|COMPLETED|7|00:00:07|2026-09-20T05:14:29|2026-09-20T05:14:36|0:0|cn003
18030104|qhall_eval|COMPLETED|7|00:00:07|2026-09-20T05:14:59|2026-09-20T05:15:06|0:0|cn001
18030105|qhall_eval|COMPLETED|6|00:00:06|2026-09-20T05:14:59|2026-09-20T05:15:05|0:0|cn003
18030106|qhall_eval|COMPLETED|7|00:00:07|2026-09-20T05:14:59|2026-09-20T05:15:06|0:0|cn004
18030107|qhall_eval|COMPLETED|6|00:00:06|2026-09-20T05:15:30|2026-09-20T05:15:36|0:0|cn003
18030108|qhall_eval|COMPLETED|5|00:00:05|2026-09-20T05:15:30|2026-09-20T05:15:35|0:0|cn004
18030109|qhall_eval|COMPLETED|6|00:00:06|2026-09-20T05:15:30|2026-09-20T05:15:36|0:0|cn005
18030316|idef3_smoke|COMPLETED|228|00:03:48|2026-09-20T07:30:12|2026-09-20T07:34:00|0:0|dn005
18030342|idef3_smoke|COMPLETED|61|00:01:01|2026-09-20T07:53:52|2026-09-20T07:54:53|0:0|dn005
18030343|idef3_smoke|COMPLETED|49|00:00:49|2026-09-20T07:53:52|2026-09-20T07:54:41|0:0|dn008
18030365|idef3_large|CANCELLED by 4483366|3|00:00:03|2026-09-20T08:02:25|2026-09-20T08:02:28|0:0|dn005
18030367|idef3_smoke|COMPLETED|101|00:01:41|2026-09-20T08:02:56|2026-09-20T08:04:37|0:0|dn005
18030374|idef3_smoke|COMPLETED|27|00:00:27|2026-09-20T08:05:26|2026-09-20T08:05:53|0:0|dn005
18030383|qhall_eval|COMPLETED|1054|00:17:34|2026-09-20T08:12:59|2026-09-20T08:30:33|0:0|cn002
18030384|qhall_eval|COMPLETED|5115|01:25:15|2026-09-20T08:12:59|2026-09-20T09:38:14|0:0|cn003
18030385|qhall_eval|COMPLETED|3251|00:54:11|2026-09-20T08:12:59|2026-09-20T09:07:10|0:0|cn004
18030428|qhall_eval|COMPLETED|4667|01:17:47|2026-09-20T08:30:37|2026-09-20T09:48:24|0:0|cn002
18030530|qhall_eval|COMPLETED|1229|00:20:29|2026-09-20T09:07:23|2026-09-20T09:27:52|0:0|cn004
18030623|qhall_eval|COMPLETED|744|00:12:24|2026-09-20T09:28:09|2026-09-20T09:40:33|0:0|cn001
18030664|qhall_eval|COMPLETED|1151|00:19:11|2026-09-20T09:38:44|2026-09-20T09:57:55|0:0|cn003
18030673|qhall_eval|COMPLETED|6461|01:47:41|2026-09-20T09:40:45|2026-09-20T11:28:26|0:0|cn001
18030708|qhall_eval|COMPLETED|3960|01:06:00|2026-09-20T09:48:50|2026-09-20T10:54:50|0:0|cn002
18030740|qhall_eval|COMPLETED|6099|01:41:39|2026-09-20T09:58:24|2026-09-20T11:40:03|0:0|cn003
18030946|qhall_eval|COMPLETED|1355|00:22:35|2026-09-20T10:54:52|2026-09-20T11:17:27|0:0|cn002
18031197|qhall_eval|COMPLETED|739|00:12:19|2026-09-20T11:17:36|2026-09-20T11:29:55|0:0|cn002
18031570|qhall_eval|COMPLETED|887|00:14:47|2026-09-20T11:28:55|2026-09-20T11:43:42|0:0|cn001
18031574|qhall_eval|COMPLETED|4998|01:23:18|2026-09-20T11:29:58|2026-09-20T12:53:16|0:0|cn002
18031599|qhall_eval|COMPLETED|3157|00:52:37|2026-09-20T11:40:14|2026-09-20T12:32:51|0:0|cn003
18031615|qhall_eval|COMPLETED|4753|01:19:13|2026-09-20T11:43:51|2026-09-20T13:03:04|0:0|cn001
18032330|qhall_eval|COMPLETED|1068|00:17:48|2026-09-20T12:33:15|2026-09-20T12:51:03|0:0|cn001
18030382|qhall_eval|COMPLETED|567|00:09:27|2026-09-20T12:51:14|2026-09-20T13:00:41|0:0|cn001
18057552|interactive|FAILED|4|00:00:04|2026-09-21T18:39:41|2026-09-21T18:39:45|2:0|cn052
18057554|interactive|FAILED|3|00:00:03|2026-09-21T18:40:41|2026-09-21T18:40:44|2:0|cn052
18057556|interactive|FAILED|3|00:00:03|2026-09-21T18:40:41|2026-09-21T18:40:44|2:0|cn052
18064304|qhall_a100_primary|FAILED|6|00:00:06|2026-09-21T20:48:33|2026-09-21T20:48:39|2:0|cn268
18064319|qstar-cifar10-cache|COMPLETED|458|00:07:38|2026-09-21T20:49:49|2026-09-21T20:57:27|0:0|cn228
18064358|qstar-cifar10-p1-classical|COMPLETED|23|00:00:23|2026-09-21T20:57:38|2026-09-21T20:58:01|0:0|cn228
18064359|qstar-cifar10-p1-classical|COMPLETED|22|00:00:22|2026-09-21T20:57:39|2026-09-21T20:58:01|0:0|cn228
18064320|qstar-cifar10-p1-classical|COMPLETED|22|00:00:22|2026-09-21T20:57:39|2026-09-21T20:58:01|0:0|cn228
18064360|qstar-cifar10-p1-standard|COMPLETED|5855|01:37:35|2026-09-21T20:57:39|2026-09-21T22:35:14|0:0|cn147
18064361|qstar-cifar10-p1-standard|COMPLETED|14153|03:55:53|2026-09-21T20:57:39|2026-09-22T00:53:32|0:0|cn147
18064362|qstar-cifar10-p1-standard|COMPLETED|41493|11:31:33|2026-09-21T20:57:39|2026-09-22T08:29:12|0:0|cn147
18064363|qstar-cifar10-p1-standard|COMPLETED|12022|03:20:22|2026-09-21T20:57:39|2026-09-22T00:18:01|0:0|cn147
18064364|qstar-cifar10-p1-standard|COMPLETED|31594|08:46:34|2026-09-21T20:57:39|2026-09-22T05:44:13|0:0|cn148
18064365|qstar-cifar10-p1-standard|COMPLETED|94487|1-02:14:47|2026-09-21T20:57:39|2026-09-22T23:12:26|0:0|cn148
18064366|qstar-cifar10-p1-standard|COMPLETED|21704|06:01:44|2026-09-21T20:57:39|2026-09-22T02:59:23|0:0|cn148
18064367|qstar-cifar10-p1-standard|COMPLETED|55271|15:21:11|2026-09-21T20:57:39|2026-09-22T12:18:50|0:0|cn148
18064646|qstar-cifar10-p1-standard|COMPLETED|6042|01:40:42|2026-09-21T22:35:25|2026-09-22T00:16:07|0:0|cn228
18065098|qstar-cifar10-p1-standard|COMPLETED|14715|04:05:15|2026-09-22T00:16:27|2026-09-22T04:21:42|0:0|cn226
18065102|qstar-cifar10-p1-standard|COMPLETED|42777|11:52:57|2026-09-22T00:18:27|2026-09-22T12:11:24|0:0|cn226
18065197|qstar-cifar10-p1-standard|COMPLETED|12389|03:26:29|2026-09-22T00:53:51|2026-09-22T04:20:20|0:0|cn228
18065538|qstar-cifar10-p1-standard|COMPLETED|30831|08:33:51|2026-09-22T02:59:33|2026-09-22T11:33:24|0:0|cn225
18065666|qstar-cifar10-p1-standard|COMPLETED|93326|1-01:55:26|2026-09-22T04:20:45|2026-09-23T06:16:11|0:0|cn226
18065668|qstar-cifar10-p1-standard|COMPLETED|21226|05:53:46|2026-09-22T04:21:45|2026-09-22T10:15:31|0:0|cn226
18065810|qstar-cifar10-p1-standard|COMPLETED|54505|15:08:25|2026-09-22T05:44:14|2026-09-22T20:52:39|0:0|cn226
18066246|qstar-cifar10-p1-standard|COMPLETED|6018|01:40:18|2026-09-22T08:29:13|2026-09-22T10:09:31|0:0|cn228
18067940|qstar-cifar10-p1-standard|COMPLETED|14273|03:57:53|2026-09-22T10:09:36|2026-09-22T14:07:29|0:0|cn228
18068156|qstar-cifar10-p1-standard|COMPLETED|42436|11:47:16|2026-09-22T10:15:45|2026-09-22T22:03:01|0:0|cn226
18069280|qstar-cifar10-p1-standard|COMPLETED|12782|03:33:02|2026-09-22T11:33:31|2026-09-22T15:06:33|0:0|cn056
18070071|qstar-cifar10-p1-standard|COMPLETED|31354|08:42:34|2026-09-22T12:11:45|2026-09-22T20:54:19|0:0|cn226
18070127|qstar-cifar10-p1-standard|COMPLETED|95110|1-02:25:10|2026-09-22T12:19:21|2026-09-23T14:44:31|0:0|cn077
18071343|qstar-cifar10-p1-standard|COMPLETED|21410|05:56:50|2026-09-22T14:08:24|2026-09-22T20:05:14|0:0|cn228
18064321|qstar-cifar10-p1-standard|COMPLETED|54268|15:04:28|2026-09-22T15:06:34|2026-09-23T06:11:02|0:0|cn056
18064368|qstar-cifar10-p1-ketgpt|COMPLETED|90120|1-01:02:00|2026-09-21T20:57:39|2026-09-22T21:59:39|0:0|cn148
18064369|qstar-cifar10-p1-ketgpt|COMPLETED|89071|1-00:44:31|2026-09-21T20:57:39|2026-09-22T21:42:10|0:0|cn148
18064322|qstar-cifar10-p1-ketgpt|COMPLETED|88658|1-00:37:38|2026-09-21T20:57:39|2026-09-22T21:35:17|0:0|cn055
18064370|qstar-cifar10-p1-a180|COMPLETED|80239|22:17:19|2026-09-21T20:57:39|2026-09-22T19:14:58|0:0|cn055
18064371|qstar-cifar10-p1-a180|COMPLETED|80857|22:27:37|2026-09-21T20:57:39|2026-09-22T19:25:16|0:0|cn149
18064323|qstar-cifar10-p1-a180|COMPLETED|80931|22:28:51|2026-09-21T20:57:39|2026-09-22T19:26:30|0:0|cn149
18064372|qstar-cifar10-p1-a160|COMPLETED|9780|02:43:00|2026-09-21T20:57:39|2026-09-21T23:40:39|0:0|cn149
18064373|qstar-cifar10-p1-a160|COMPLETED|9684|02:41:24|2026-09-21T20:57:39|2026-09-21T23:39:03|0:0|cn059
18064324|qstar-cifar10-p1-a160|COMPLETED|9394|02:36:34|2026-09-21T20:57:39|2026-09-21T23:34:13|0:0|cn077
18116860|qstar-cifar10-p2-classical|COMPLETED|70|00:01:10|2026-09-23T14:44:46|2026-09-23T14:45:56|0:0|cn080
18064325|qstar-cifar10-p2-classical|COMPLETED|68|00:01:08|2026-09-23T14:44:46|2026-09-23T14:45:54|0:0|cn081
18116861|qstar-cifar10-p2-standard|COMPLETED|6126|01:42:06|2026-09-23T14:44:46|2026-09-23T16:26:52|0:0|cn018
18116862|qstar-cifar10-p2-standard|COMPLETED|10417|02:53:37|2026-09-23T14:44:46|2026-09-23T17:38:23|0:0|cn082
18116863|qstar-cifar10-p2-standard|COMPLETED|42410|11:46:50|2026-09-23T14:44:46|2026-09-24T02:31:36|0:0|cn153
18116864|qstar-cifar10-p2-standard|COMPLETED|11245|03:07:25|2026-09-23T14:44:46|2026-09-23T17:52:11|0:0|cn019
18116865|qstar-cifar10-p2-standard|COMPLETED|31455|08:44:15|2026-09-23T14:44:46|2026-09-23T23:29:01|0:0|cn085
18116866|qstar-cifar10-p2-standard|RUNNING|51677|14:21:17|2026-09-23T14:44:46|Unknown|0:0|cn122
18116867|qstar-cifar10-p2-standard|COMPLETED|21418|05:56:58|2026-09-23T14:44:46|2026-09-23T20:41:44|0:0|cn159
18116868|qstar-cifar10-p2-standard|RUNNING|51677|14:21:17|2026-09-23T14:44:46|Unknown|0:0|cn024
18122766|qstar-cifar10-p2-standard|COMPLETED|6420|01:47:00|2026-09-23T16:26:56|2026-09-23T18:13:56|0:0|cn056
18124836|qstar-cifar10-p2-standard|COMPLETED|15136|04:12:16|2026-09-23T17:38:26|2026-09-23T21:50:42|0:0|cn155
18125591|qstar-cifar10-p2-standard|RUNNING|40402|11:13:22|2026-09-23T17:52:41|Unknown|0:0|cn077
18127306|qstar-cifar10-p2-standard|COMPLETED|12525|03:28:45|2026-09-23T18:14:14|2026-09-23T21:42:59|0:0|cn055
18132325|qstar-cifar10-p2-standard|COMPLETED|18506|05:08:26|2026-09-23T20:42:03|2026-09-24T01:50:29|0:0|cn119
18133446|qstar-cifar10-p2-standard|RUNNING|26577|07:22:57|2026-09-23T21:43:06|Unknown|0:0|cn119
18133576|qstar-cifar10-p2-standard|COMPLETED|21628|06:00:28|2026-09-23T21:51:06|2026-09-24T03:51:34|0:0|cn150
18064326|qstar-cifar10-p2-standard|RUNNING|20213|05:36:53|2026-09-23T23:29:10|Unknown|0:0|cn079
18116869|qstar-cifar10-p2-ketgpt|RUNNING|51677|14:21:17|2026-09-23T14:44:46|Unknown|0:0|cn024
18064327|qstar-cifar10-p2-ketgpt|RUNNING|51677|14:21:17|2026-09-23T14:44:46|Unknown|0:0|cn067
18116870|qstar-cifar10-p2-a180|COMPLETED|47986|13:19:46|2026-09-23T14:44:46|2026-09-24T04:04:32|0:0|cn090
18064329|qstar-cifar10-p2-a180|COMPLETED|47391|13:09:51|2026-09-23T14:44:46|2026-09-24T03:54:37|0:0|cn101
18116871|qstar-cifar10-p2-a160|COMPLETED|5837|01:37:17|2026-09-23T14:44:46|2026-09-23T16:22:03|0:0|cn124
18064330|qstar-cifar10-p2-a160|COMPLETED|5858|01:37:38|2026-09-23T14:44:46|2026-09-23T16:22:24|0:0|cn124
18064332|qstar-cifar10-cache|CANCELLED by 4483366|0|00:00:00|2026-09-21T20:51:45|2026-09-21T20:51:45|0:0|None assigned
18064349|qhall_a100_primary|COMPLETED|2892|00:48:12|2026-09-21T21:01:33|2026-09-21T21:49:45|0:0|cn268
18078311|amber-smoke|COMPLETED|318|00:05:18|2026-09-22T19:35:05|2026-09-22T19:40:23|0:0|cn266
18078440|amber-gen|FAILED|1|00:00:01|2026-09-22T20:06:14|2026-09-22T20:06:15|1:0|cn267
18078441|amber-gen|FAILED|1|00:00:01|2026-09-22T20:06:14|2026-09-22T20:06:15|1:0|cn267
18078442|amber-gen|FAILED|1|00:00:01|2026-09-22T20:06:14|2026-09-22T20:06:15|1:0|cn268
18078446|amber-gen|FAILED|0|00:00:00|2026-09-22T20:06:45|2026-09-22T20:06:45|1:0|cn267
18078447|amber-gen|FAILED|0|00:00:00|2026-09-22T20:06:45|2026-09-22T20:06:45|1:0|cn267
18078448|amber-gen|FAILED|0|00:00:00|2026-09-22T20:06:45|2026-09-22T20:06:45|1:0|cn268
18078449|amber-gen|FAILED|0|00:00:00|2026-09-22T20:07:15|2026-09-22T20:07:15|1:0|cn257
18078450|amber-gen|FAILED|0|00:00:00|2026-09-22T20:07:15|2026-09-22T20:07:15|1:0|cn267
18078438|amber-gen|FAILED|0|00:00:00|2026-09-22T20:07:15|2026-09-22T20:07:15|1:0|cn267
18078473|amber-sm256|COMPLETED|388|00:06:28|2026-09-22T20:10:17|2026-09-22T20:16:45|0:0|cn009
18078694|amber-sm512|COMPLETED|365|00:06:05|2026-09-22T20:33:46|2026-09-22T20:39:51|0:0|cn267
18078718|amber-gen|COMPLETED|10070|02:47:50|2026-09-22T20:42:46|2026-09-22T23:30:36|0:0|cn267
18078719|amber-gen|COMPLETED|35080|09:44:40|2026-09-22T20:42:46|2026-09-23T06:27:26|0:0|cn268
18078720|amber-gen|COMPLETED|13983|03:53:03|2026-09-22T20:42:46|2026-09-23T00:35:49|0:0|cn268
18092702|amber-gen|COMPLETED|6653|01:50:53|2026-09-22T23:32:30|2026-09-23T01:23:23|0:0|cn267
18095519|amber-gen|COMPLETED|35841|09:57:21|2026-09-23T00:35:49|2026-09-23T10:33:10|0:0|cn258
18097286|amber-gen|COMPLETED|11512|03:11:52|2026-09-23T01:23:41|2026-09-23T04:35:33|0:0|cn253
18099678|amber-gen|COMPLETED|10114|02:48:34|2026-09-23T04:35:34|2026-09-23T07:24:08|0:0|cn253
18099831|amber-gen|COMPLETED|36725|10:12:05|2026-09-23T06:27:26|2026-09-23T16:39:31|0:0|cn016
18078717|amber-gen|COMPLETED|14430|04:00:30|2026-09-23T07:24:15|2026-09-23T11:24:45|0:0|cn001
18097672|qstar-kmnist-cache|COMPLETED|451|00:07:31|2026-09-23T01:38:15|2026-09-23T01:45:46|0:0|cn146
18097738|qstar-kmnist-hist-classical|COMPLETED|18|00:00:18|2026-09-23T01:45:48|2026-09-23T01:46:06|0:0|cn228
18097739|qstar-kmnist-hist-classical|COMPLETED|18|00:00:18|2026-09-23T01:45:48|2026-09-23T01:46:06|0:0|cn146
18097673|qstar-kmnist-hist-classical|COMPLETED|18|00:00:18|2026-09-23T01:45:48|2026-09-23T01:46:06|0:0|cn146
18097753|qstar-kmnist-assist-classical|COMPLETED|33|00:00:33|2026-09-23T01:46:19|2026-09-23T01:46:52|0:0|cn228
18097674|qstar-kmnist-assist-classical|COMPLETED|33|00:00:33|2026-09-23T01:46:19|2026-09-23T01:46:52|0:0|cn146
18097740|qstar-kmnist-hist-q4d1|COMPLETED|6177|01:42:57|2026-09-23T01:45:48|2026-09-23T03:28:45|0:0|cn077
18099564|qstar-kmnist-hist-q4d1|COMPLETED|6266|01:44:26|2026-09-23T03:29:27|2026-09-23T05:13:53|0:0|cn055
18097675|qstar-kmnist-hist-q4d1|COMPLETED|6013|01:40:13|2026-09-23T05:14:28|2026-09-23T06:54:41|0:0|cn119
18099850|qstar-kmnist-assist-q4d1|COMPLETED|4363|01:12:43|2026-09-23T06:55:29|2026-09-23T08:08:12|0:0|cn082
18097676|qstar-kmnist-assist-q4d1|COMPLETED|5436|01:30:36|2026-09-23T06:55:29|2026-09-23T08:26:05|0:0|cn119
18097741|qstar-kmnist-hist-q4d2|COMPLETED|14946|04:09:06|2026-09-23T01:45:48|2026-09-23T05:54:54|0:0|cn078
18099788|qstar-kmnist-hist-q4d2|COMPLETED|14859|04:07:39|2026-09-23T05:55:28|2026-09-23T10:03:07|0:0|cn078
18097677|qstar-kmnist-hist-q4d2|COMPLETED|15010|04:10:10|2026-09-23T10:03:36|2026-09-23T14:13:46|0:0|cn077
18115258|qstar-kmnist-assist-q4d2|COMPLETED|10882|03:01:22|2026-09-23T14:15:17|2026-09-23T17:16:39|0:0|cn082
18097678|qstar-kmnist-assist-q4d2|COMPLETED|10536|02:55:36|2026-09-23T14:15:17|2026-09-23T17:10:53|0:0|cn082
18097742|qstar-kmnist-hist-q4d4|COMPLETED|43254|12:00:54|2026-09-23T01:45:48|2026-09-23T13:46:42|0:0|cn080
18113682|qstar-kmnist-hist-q4d4|COMPLETED|42593|11:49:53|2026-09-23T13:46:44|2026-09-24T01:36:37|0:0|cn019
18097679|qstar-kmnist-hist-q4d4|RUNNING|12526|03:28:46|2026-09-24T01:37:17|Unknown|0:0|cn019
18097743|qstar-kmnist-hist-q6d1|COMPLETED|12361|03:26:01|2026-09-23T01:45:48|2026-09-23T05:11:49|0:0|cn147
18099726|qstar-kmnist-hist-q6d1|COMPLETED|12383|03:26:23|2026-09-23T05:12:28|2026-09-23T08:38:51|0:0|cn147
18097681|qstar-kmnist-hist-q6d1|COMPLETED|12530|03:28:50|2026-09-23T08:39:30|2026-09-23T12:08:20|0:0|cn018
18107696|qstar-kmnist-assist-q6d1|COMPLETED|12592|03:29:52|2026-09-23T12:08:25|2026-09-23T15:38:17|0:0|cn146
18097682|qstar-kmnist-assist-q6d1|COMPLETED|12605|03:30:05|2026-09-23T12:08:25|2026-09-23T15:38:30|0:0|cn146
18097744|qstar-kmnist-hist-q6d2|COMPLETED|30908|08:35:08|2026-09-23T01:45:48|2026-09-23T10:20:56|0:0|cn147
18103432|qstar-kmnist-hist-q6d2|COMPLETED|30861|08:34:21|2026-09-23T10:21:37|2026-09-23T18:55:58|0:0|cn147
18097683|qstar-kmnist-hist-q6d2|COMPLETED|31108|08:38:28|2026-09-23T18:56:00|2026-09-24T03:34:28|0:0|cn226
18136779|qstar-kmnist-assist-q6d2|RUNNING|5442|01:30:42|2026-09-24T03:35:21|Unknown|0:0|cn226
18097684|qstar-kmnist-assist-q6d2|RUNNING|5442|01:30:42|2026-09-24T03:35:21|Unknown|0:0|cn199
18097745|qstar-kmnist-hist-q6d4|COMPLETED|93423|1-01:57:03|2026-09-23T01:45:48|2026-09-24T03:42:51|0:0|cn199
18136802|qstar-kmnist-hist-q6d4|RUNNING|4962|01:22:42|2026-09-24T03:43:21|Unknown|0:0|cn100
18097746|qstar-kmnist-hist-q8d1|COMPLETED|21457|05:57:37|2026-09-23T01:45:48|2026-09-23T07:43:25|0:0|cn199
18099893|qstar-kmnist-hist-q8d1|COMPLETED|21528|05:58:48|2026-09-23T07:43:29|2026-09-23T13:42:17|0:0|cn080
18097687|qstar-kmnist-hist-q8d1|COMPLETED|21199|05:53:19|2026-09-23T13:42:44|2026-09-23T19:36:03|0:0|cn152
18131179|qstar-kmnist-assist-q8d1|COMPLETED|21816|06:03:36|2026-09-23T19:36:04|2026-09-24T01:39:40|0:0|cn060
18097688|qstar-kmnist-assist-q8d1|COMPLETED|21445|05:57:25|2026-09-23T19:36:04|2026-09-24T01:33:29|0:0|cn199
18097747|qstar-kmnist-hist-q8d2|COMPLETED|54491|15:08:11|2026-09-23T01:45:48|2026-09-23T16:53:59|0:0|cn199
18123520|qstar-kmnist-hist-q8d2|RUNNING|43866|12:11:06|2026-09-23T16:54:57|Unknown|0:0|cn228
18097748|qstar-kmnist-hist-k160|COMPLETED|9439|02:37:19|2026-09-23T01:45:48|2026-09-23T04:23:07|0:0|cn083
18099668|qstar-kmnist-hist-k160|COMPLETED|9607|02:40:07|2026-09-23T04:23:28|2026-09-23T07:03:35|0:0|cn077
18097691|qstar-kmnist-hist-k160|COMPLETED|9835|02:43:55|2026-09-23T07:04:29|2026-09-23T09:48:24|0:0|cn077
18101499|qstar-kmnist-assist-k160|COMPLETED|5829|01:37:09|2026-09-23T09:48:28|2026-09-23T11:25:37|0:0|cn019
18097692|qstar-kmnist-assist-k160|COMPLETED|5734|01:35:34|2026-09-23T09:48:28|2026-09-23T11:24:02|0:0|cn083
18097749|qstar-kmnist-hist-k180|COMPLETED|77449|21:30:49|2026-09-23T01:45:48|2026-09-23T23:16:37|0:0|cn119
18134401|qstar-kmnist-hist-k180|RUNNING|20633|05:43:53|2026-09-23T23:22:10|Unknown|0:0|cn121
18097750|qstar-kmnist-hist-a160|COMPLETED|9366|02:36:06|2026-09-23T01:45:48|2026-09-23T04:21:54|0:0|cn119
18099667|qstar-kmnist-hist-a160|COMPLETED|10146|02:49:06|2026-09-23T04:22:28|2026-09-23T07:11:34|0:0|cn077
18097696|qstar-kmnist-hist-a160|COMPLETED|10097|02:48:17|2026-09-23T07:12:29|2026-09-23T10:00:46|0:0|cn077
18102457|qstar-kmnist-assist-a160|COMPLETED|6095|01:41:35|2026-09-23T10:01:35|2026-09-23T11:43:10|0:0|cn077
18097697|qstar-kmnist-assist-a160|COMPLETED|5873|01:37:53|2026-09-23T10:01:35|2026-09-23T11:39:28|0:0|cn146
18097751|qstar-kmnist-hist-a180|COMPLETED|77692|21:34:52|2026-09-23T01:45:48|2026-09-23T23:20:40|0:0|cn119
18134402|qstar-kmnist-hist-a180|RUNNING|20633|05:43:53|2026-09-23T23:22:10|Unknown|0:0|cn158
18097703|qstar-svhn-cache|COMPLETED|640|00:10:40|2026-09-23T01:39:15|2026-09-23T01:49:55|0:0|cn146
18097862|qstar-svhn-hist-classical|COMPLETED|40|00:00:40|2026-09-23T01:50:24|2026-09-23T01:51:04|0:0|cn149
18097863|qstar-svhn-hist-classical|COMPLETED|40|00:00:40|2026-09-23T01:50:24|2026-09-23T01:51:04|0:0|cn055
18097704|qstar-svhn-hist-classical|COMPLETED|40|00:00:40|2026-09-23T01:50:24|2026-09-23T01:51:04|0:0|cn055
18097992|qstar-svhn-assist-classical|COMPLETED|73|00:01:13|2026-09-23T01:51:38|2026-09-23T01:52:51|0:0|cn150
18097705|qstar-svhn-assist-classical|COMPLETED|75|00:01:15|2026-09-23T01:51:38|2026-09-23T01:52:53|0:0|cn058
18097864|qstar-svhn-hist-q4d1|COMPLETED|5917|01:38:37|2026-09-23T01:50:24|2026-09-23T03:29:01|0:0|cn119
18099565|qstar-svhn-hist-q4d1|COMPLETED|5962|01:39:22|2026-09-23T03:29:27|2026-09-23T05:08:49|0:0|cn055
18097706|qstar-svhn-hist-q4d1|COMPLETED|5985|01:39:45|2026-09-23T05:09:28|2026-09-23T06:49:13|0:0|cn119
18099847|qstar-svhn-assist-q4d1|COMPLETED|4598|01:16:38|2026-09-23T06:49:29|2026-09-23T08:06:07|0:0|cn082
18097707|qstar-svhn-assist-q4d1|COMPLETED|4407|01:13:27|2026-09-23T06:49:29|2026-09-23T08:02:56|0:0|cn082
18097865|qstar-svhn-hist-q4d2|COMPLETED|14469|04:01:09|2026-09-23T01:50:24|2026-09-23T05:51:33|0:0|cn150
18099786|qstar-svhn-hist-q4d2|COMPLETED|14794|04:06:34|2026-09-23T05:52:28|2026-09-23T09:59:02|0:0|cn146
18097708|qstar-svhn-hist-q4d2|COMPLETED|14773|04:06:13|2026-09-23T09:59:35|2026-09-23T14:05:48|0:0|cn077
18114915|qstar-svhn-assist-q4d2|COMPLETED|13020|03:37:00|2026-09-23T14:06:55|2026-09-23T17:43:55|0:0|cn119
18097709|qstar-svhn-assist-q4d2|COMPLETED|14358|03:59:18|2026-09-23T14:06:55|2026-09-23T18:06:13|0:0|cn119
18097866|qstar-svhn-hist-q4d4|COMPLETED|42908|11:55:08|2026-09-23T01:50:24|2026-09-23T13:45:32|0:0|cn150
18113604|qstar-svhn-hist-q4d4|COMPLETED|42335|11:45:35|2026-09-23T13:45:44|2026-09-24T01:31:19|0:0|cn150
18097710|qstar-svhn-hist-q4d4|RUNNING|12827|03:33:47|2026-09-24T01:32:16|Unknown|0:0|cn058
18097867|qstar-svhn-hist-q6d1|COMPLETED|12525|03:28:45|2026-09-23T01:50:24|2026-09-23T05:19:09|0:0|cn150
18099741|qstar-svhn-hist-q6d1|COMPLETED|12236|03:23:56|2026-09-23T05:19:28|2026-09-23T08:43:24|0:0|cn119
18097712|qstar-svhn-hist-q6d1|COMPLETED|8910|02:28:30|2026-09-23T08:43:30|2026-09-23T11:12:00|0:0|cn082
18106255|qstar-svhn-assist-q6d1|COMPLETED|12477|03:27:57|2026-09-23T11:12:41|2026-09-23T14:40:38|0:0|cn019
18097713|qstar-svhn-assist-q6d1|COMPLETED|12762|03:32:42|2026-09-23T11:12:41|2026-09-23T14:45:23|0:0|cn019
18097868|qstar-svhn-hist-q6d2|COMPLETED|31372|08:42:52|2026-09-23T01:50:24|2026-09-23T10:33:16|0:0|cn150
18104110|qstar-svhn-hist-q6d2|COMPLETED|31069|08:37:49|2026-09-23T10:33:37|2026-09-23T19:11:26|0:0|cn150
18097714|qstar-svhn-hist-q6d2|COMPLETED|31326|08:42:06|2026-09-23T19:12:00|2026-09-24T03:54:06|0:0|cn226
18136826|qstar-svhn-assist-q6d2|RUNNING|4307|01:11:47|2026-09-24T03:54:16|Unknown|0:0|cn226
18097715|qstar-svhn-assist-q6d2|RUNNING|4307|01:11:47|2026-09-24T03:54:16|Unknown|0:0|cn019
18097869|qstar-svhn-hist-q6d4|COMPLETED|93317|1-01:55:17|2026-09-23T01:50:24|2026-09-24T03:45:41|0:0|cn018
18136810|qstar-svhn-hist-q6d4|RUNNING|4782|01:19:42|2026-09-24T03:46:21|Unknown|0:0|cn018
18097870|qstar-svhn-hist-q8d1|COMPLETED|21238|05:53:58|2026-09-23T01:50:24|2026-09-23T07:44:22|0:0|cn018
18099894|qstar-svhn-hist-q8d1|COMPLETED|15146|04:12:26|2026-09-23T07:44:29|2026-09-23T11:56:55|0:0|cn082
18097718|qstar-svhn-hist-q8d1|COMPLETED|21727|06:02:07|2026-09-23T11:57:41|2026-09-23T17:59:48|0:0|cn077
18126386|qstar-svhn-assist-q8d1|COMPLETED|21052|05:50:52|2026-09-23T17:59:51|2026-09-23T23:50:43|0:0|cn077
18097719|qstar-svhn-assist-q8d1|COMPLETED|20927|05:48:47|2026-09-23T17:59:51|2026-09-23T23:48:38|0:0|cn077
18097871|qstar-svhn-hist-q8d2|COMPLETED|54532|15:08:52|2026-09-23T01:50:24|2026-09-23T16:59:16|0:0|cn018
18123580|qstar-svhn-hist-q8d2|RUNNING|43506|12:05:06|2026-09-23T17:00:57|Unknown|0:0|cn150
18097872|qstar-svhn-hist-k160|COMPLETED|9653|02:40:53|2026-09-23T01:50:24|2026-09-23T04:31:17|0:0|cn018
18099673|qstar-svhn-hist-k160|COMPLETED|9760|02:42:40|2026-09-23T04:31:18|2026-09-23T07:13:58|0:0|cn077
18097722|qstar-svhn-hist-k160|COMPLETED|10047|02:47:27|2026-09-23T07:14:29|2026-09-23T10:01:56|0:0|cn077
18102539|qstar-svhn-assist-k160|COMPLETED|5815|01:36:55|2026-09-23T10:02:06|2026-09-23T11:39:01|0:0|cn152
18097723|qstar-svhn-assist-k160|COMPLETED|9589|02:39:49|2026-09-23T10:02:06|2026-09-23T12:41:55|0:0|cn152
18097873|qstar-svhn-hist-k180|COMPLETED|80101|22:15:01|2026-09-23T01:50:24|2026-09-24T00:05:25|0:0|cn018
18134633|qstar-svhn-hist-k180|RUNNING|17992|04:59:52|2026-09-24T00:06:11|Unknown|0:0|cn152
18097874|qstar-svhn-hist-a160|COMPLETED|9669|02:41:09|2026-09-23T01:50:24|2026-09-23T04:31:33|0:0|cn201
18099675|qstar-svhn-hist-a160|COMPLETED|10130|02:48:50|2026-09-23T04:31:48|2026-09-23T07:20:38|0:0|cn077
18097726|qstar-svhn-hist-a160|COMPLETED|10085|02:48:05|2026-09-23T07:21:29|2026-09-23T10:09:34|0:0|cn077
18103349|qstar-svhn-assist-a160|COMPLETED|8584|02:23:04|2026-09-23T10:09:37|2026-09-23T12:32:41|0:0|cn153
18097727|qstar-svhn-assist-a160|COMPLETED|6133|01:42:13|2026-09-23T10:09:37|2026-09-23T11:51:50|0:0|cn077
18097875|qstar-svhn-hist-a180|COMPLETED|79496|22:04:56|2026-09-23T01:50:24|2026-09-23T23:55:20|0:0|cn201
18134584|qstar-svhn-hist-a180|RUNNING|18593|05:09:53|2026-09-23T23:56:10|Unknown|0:0|cn055
18131746|amber-len|COMPLETED|590|00:09:50|2026-09-23T20:16:31|2026-09-23T20:26:21|0:0|cn005
18132025|amber-len|COMPLETED|688|00:11:28|2026-09-23T20:26:35|2026-09-23T20:38:03|0:0|cn005
18127203|amber-len|COMPLETED|583|00:09:43|2026-09-23T20:34:00|2026-09-23T20:43:43|0:0|cn013
18136340|amb1024-probe|COMPLETED|1283|00:21:23|2026-09-24T01:35:11|2026-09-24T01:56:34|0:0|cn265
18136343|amb1024-probe|COMPLETED|681|00:11:21|2026-09-24T01:36:03|2026-09-24T01:47:24|0:0|cn005
18136364|amb1024-probe|COMPLETED|2793|00:46:33|2026-09-24T01:43:05|2026-09-24T02:29:38|0:0|cn015
18136376|amb1024-probe|COMPLETED|885|00:14:45|2026-09-24T01:47:24|2026-09-24T02:02:09|0:0|cn005
18136410|amb1024-probe|COMPLETED|1947|00:32:27|2026-09-24T01:56:34|2026-09-24T02:29:01|0:0|cn006
18136334|amb1024-probe|COMPLETED|773|00:12:53|2026-09-24T02:02:09|2026-09-24T02:15:02|0:0|cn005
18136335|amb1024-check|COMPLETED|0|00:00:00|2026-09-24T02:30:20|2026-09-24T02:30:20|0:0|cn226
18136510|amb1024-full|RUNNING|9343|02:35:43|2026-09-24T02:30:20|Unknown|0:0|cn006
18136511|amb1024-full|RUNNING|9343|02:35:43|2026-09-24T02:30:20|Unknown|0:0|cn267
18136514|amb1024-full|RUNNING|9304|02:35:04|2026-09-24T02:30:59|Unknown|0:0|cn265
