dataset,method,n_completed_timed_seeds,completed_seeds,mean_wallclock_h,std_wallclock_h,min_wallclock_h,max_wallclock_h,time_source
kmnist,adaptive/candidate_160,5,1|42|48|550|2026,2.3098333333333336,0.5977783134549438,1.631388888888889,2.8183333333333334,SLURM_ELAPSEDRAW_EXACT
kmnist,adaptive/candidate_180,1,1,21.58111111111111,,21.58111111111111,21.58111111111111,SLURM_ELAPSEDRAW_EXACT
kmnist,ketgpt/candidate_160,5,1|42|48|550|2026,2.246888888888889,0.5864494284239395,1.5927777777777778,2.7319444444444443,SLURM_ELAPSEDRAW_EXACT
kmnist,ketgpt/candidate_180,1,1,21.51361111111111,,21.51361111111111,21.51361111111111,SLURM_ELAPSEDRAW_EXACT
kmnist,standard_qtl/q4_d1,5,1|42|48|550|2026,1.5697222222222222,0.21921199010304673,1.2119444444444445,1.7405555555555556,SLURM_ELAPSEDRAW_EXACT
kmnist,standard_qtl/q4_d2,5,1|42|48|550|2026,3.679611111111111,0.6445411086507522,2.9266666666666667,4.169444444444444,SLURM_ELAPSEDRAW_EXACT
kmnist,standard_qtl/q4_d4,2,1|42,11.923194444444444,0.12983266176786412,11.831388888888888,12.015,SLURM_ELAPSEDRAW_EXACT
kmnist,standard_qtl/q6_d1,5,1|42|48|550|2026,3.4706111111111113,0.032044168013910315,3.433611111111111,3.501388888888889,SLURM_ELAPSEDRAW_EXACT
kmnist,standard_qtl/q6_d2,3,1|42|48,8.599722222222223,0.03643339093892703,8.5725,8.641111111111112,SLURM_ELAPSEDRAW_EXACT
kmnist,standard_qtl/q6_d4,1,1,25.950833333333332,,25.950833333333332,25.950833333333332,SLURM_ELAPSEDRAW_EXACT
kmnist,standard_qtl/q8_d1,5,1|42|48|550|2026,5.969166666666667,0.06141182326748657,5.8886111111111115,6.06,SLURM_ELAPSEDRAW_EXACT
kmnist,standard_qtl/q8_d2,1,1,15.136388888888888,,15.136388888888888,15.136388888888888,SLURM_ELAPSEDRAW_EXACT
svhn,adaptive/candidate_160,5,1|42|48|550|2026,2.4778333333333338,0.466108106532496,1.7036111111111112,2.813888888888889,SLURM_ELAPSEDRAW_EXACT
svhn,adaptive/candidate_180,1,1,22.08222222222222,,22.08222222222222,22.08222222222222,SLURM_ELAPSEDRAW_EXACT
svhn,ketgpt/candidate_160,5,1|42|48|550|2026,2.4924444444444442,0.4927652666581639,1.6152777777777778,2.7908333333333335,SLURM_ELAPSEDRAW_EXACT
svhn,ketgpt/candidate_180,1,1,22.25027777777778,,22.25027777777778,22.25027777777778,SLURM_ELAPSEDRAW_EXACT
svhn,standard_qtl/q4_d1,5,1|42|48|550|2026,1.492722222222222,0.2218390272525231,1.2241666666666666,1.6625,SLURM_ELAPSEDRAW_EXACT
svhn,standard_qtl/q4_d2,5,1|42|48|550|2026,3.9674444444444448,0.2030159750145568,3.6166666666666667,4.109444444444445,SLURM_ELAPSEDRAW_EXACT
svhn,standard_qtl/q4_d4,2,1|42,11.839305555555555,0.1125478293388582,11.759722222222223,11.918888888888889,SLURM_ELAPSEDRAW_EXACT
svhn,standard_qtl/q6_d1,5,1|42|48|550|2026,3.2727777777777773,0.44897804910735545,2.475,3.545,SLURM_ELAPSEDRAW_EXACT
svhn,standard_qtl/q6_d2,3,1|42|48,8.68212962962963,0.045357235438068196,8.630277777777778,8.714444444444444,SLURM_ELAPSEDRAW_EXACT
svhn,standard_qtl/q6_d4,1,1,25.921388888888888,,25.921388888888888,25.921388888888888,SLURM_ELAPSEDRAW_EXACT
svhn,standard_qtl/q8_d1,5,1|42|48|550|2026,5.560555555555555,0.7612441844331773,4.207222222222223,6.035277777777778,SLURM_ELAPSEDRAW_EXACT
svhn,standard_qtl/q8_d2,2,1|42,15.103194444444444,0.06305035465580092,15.05861111111111,15.147777777777778,SLURM_ELAPSEDRAW_EXACT
