dataset,method,seed,seed_role,manifest_key,parent_job_id,array_task_id,job_id,job_id_raw,job_name,state,elapsed_raw_sec,elapsed,elapsed_min,elapsed_h,start,end,exit_code,node,time_source,table1_time_usable,timing_note
kmnist,classical_bundle,1,FULL_HISTORY,hist_classical,18097673,0,18097673_0,18097738,qstar-kmnist-hist-classical,COMPLETED,18.0,00:00:18,0.3,0.005,2026-09-23T01:45:48,2026-09-23T01:46:06,0:0,cn228,SLURM_ELAPSEDRAW_EXACT,False,Bundled allocation contains multiple classical heads; use script-reported per-model train_time_sec instead.
kmnist,classical_bundle,42,FULL_HISTORY,hist_classical,18097673,1,18097673_1,18097739,qstar-kmnist-hist-classical,COMPLETED,18.0,00:00:18,0.3,0.005,2026-09-23T01:45:48,2026-09-23T01:46:06,0:0,cn146,SLURM_ELAPSEDRAW_EXACT,False,Bundled allocation contains multiple classical heads; use script-reported per-model train_time_sec instead.
kmnist,classical_bundle,48,FULL_HISTORY,hist_classical,18097673,2,18097673_2,18097673,qstar-kmnist-hist-classical,COMPLETED,18.0,00:00:18,0.3,0.005,2026-09-23T01:45:48,2026-09-23T01:46:06,0:0,cn146,SLURM_ELAPSEDRAW_EXACT,False,Bundled allocation contains multiple classical heads; use script-reported per-model train_time_sec instead.
kmnist,classical_bundle,550,FLASHJT_ELIGIBLE,assist_classical,18097674,3,18097674_3,18097753,qstar-kmnist-assist-classical,COMPLETED,33.0,00:00:33,0.55,0.009166666666666667,2026-09-23T01:46:19,2026-09-23T01:46:52,0:0,cn228,SLURM_ELAPSEDRAW_EXACT,False,Bundled allocation contains multiple classical heads; use script-reported per-model train_time_sec instead.
kmnist,classical_bundle,2026,FLASHJT_ELIGIBLE,assist_classical,18097674,4,18097674_4,18097674,qstar-kmnist-assist-classical,COMPLETED,33.0,00:00:33,0.55,0.009166666666666667,2026-09-23T01:46:19,2026-09-23T01:46:52,0:0,cn146,SLURM_ELAPSEDRAW_EXACT,False,Bundled allocation contains multiple classical heads; use script-reported per-model train_time_sec instead.
kmnist,standard_qtl/q4_d1,1,FULL_HISTORY,hist_standard_q4d1,18097675,0,18097675_0,18097740,qstar-kmnist-hist-q4d1,COMPLETED,6177.0,01:42:57,102.95,1.7158333333333333,2026-09-23T01:45:48,2026-09-23T03:28:45,0:0,cn077,SLURM_ELAPSEDRAW_EXACT,True,Exact Slurm elapsed wall-clock for this dataset/method/seed allocation.
kmnist,standard_qtl/q4_d1,42,FULL_HISTORY,hist_standard_q4d1,18097675,1,18097675_1,18099564,qstar-kmnist-hist-q4d1,COMPLETED,6266.0,01:44:26,104.43333333333334,1.7405555555555556,2026-09-23T03:29:27,2026-09-23T05:13:53,0:0,cn055,SLURM_ELAPSEDRAW_EXACT,True,Exact Slurm elapsed wall-clock for this dataset/method/seed allocation.
kmnist,standard_qtl/q4_d1,48,FULL_HISTORY,hist_standard_q4d1,18097675,2,18097675_2,18097675,qstar-kmnist-hist-q4d1,COMPLETED,6013.0,01:40:13,100.21666666666667,1.6702777777777778,2026-09-23T05:14:28,2026-09-23T06:54:41,0:0,cn119,SLURM_ELAPSEDRAW_EXACT,True,Exact Slurm elapsed wall-clock for this dataset/method/seed allocation.
kmnist,standard_qtl/q4_d1,550,FLASHJT_ELIGIBLE,assist_standard_q4d1,18097676,3,18097676_3,18099850,qstar-kmnist-assist-q4d1,COMPLETED,4363.0,01:12:43,72.71666666666667,1.2119444444444445,2026-09-23T06:55:29,2026-09-23T08:08:12,0:0,cn082,SLURM_ELAPSEDRAW_EXACT,True,Exact Slurm elapsed wall-clock for this dataset/method/seed allocation.
kmnist,standard_qtl/q4_d1,2026,FLASHJT_ELIGIBLE,assist_standard_q4d1,18097676,4,18097676_4,18097676,qstar-kmnist-assist-q4d1,COMPLETED,5436.0,01:30:36,90.6,1.51,2026-09-23T06:55:29,2026-09-23T08:26:05,0:0,cn119,SLURM_ELAPSEDRAW_EXACT,True,Exact Slurm elapsed wall-clock for this dataset/method/seed allocation.
kmnist,standard_qtl/q4_d2,1,FULL_HISTORY,hist_standard_q4d2,18097677,0,18097677_0,18097741,qstar-kmnist-hist-q4d2,COMPLETED,14946.0,04:09:06,249.1,4.151666666666666,2026-09-23T01:45:48,2026-09-23T05:54:54,0:0,cn078,SLURM_ELAPSEDRAW_EXACT,True,Exact Slurm elapsed wall-clock for this dataset/method/seed allocation.
kmnist,standard_qtl/q4_d2,42,FULL_HISTORY,hist_standard_q4d2,18097677,1,18097677_1,18099788,qstar-kmnist-hist-q4d2,COMPLETED,14859.0,04:07:39,247.65,4.1275,2026-09-23T05:55:28,2026-09-23T10:03:07,0:0,cn078,SLURM_ELAPSEDRAW_EXACT,True,Exact Slurm elapsed wall-clock for this dataset/method/seed allocation.
kmnist,standard_qtl/q4_d2,48,FULL_HISTORY,hist_standard_q4d2,18097677,2,18097677_2,18097677,qstar-kmnist-hist-q4d2,COMPLETED,15010.0,04:10:10,250.16666666666666,4.169444444444444,2026-09-23T10:03:36,2026-09-23T14:13:46,0:0,cn077,SLURM_ELAPSEDRAW_EXACT,True,Exact Slurm elapsed wall-clock for this dataset/method/seed allocation.
kmnist,standard_qtl/q4_d2,550,FLASHJT_ELIGIBLE,assist_standard_q4d2,18097678,3,18097678_3,18115258,qstar-kmnist-assist-q4d2,COMPLETED,10882.0,03:01:22,181.36666666666667,3.022777777777778,2026-09-23T14:15:17,2026-09-23T17:16:39,0:0,cn082,SLURM_ELAPSEDRAW_EXACT,True,Exact Slurm elapsed wall-clock for this dataset/method/seed allocation.
kmnist,standard_qtl/q4_d2,2026,FLASHJT_ELIGIBLE,assist_standard_q4d2,18097678,4,18097678_4,18097678,qstar-kmnist-assist-q4d2,COMPLETED,10536.0,02:55:36,175.6,2.9266666666666667,2026-09-23T14:15:17,2026-09-23T17:10:53,0:0,cn082,SLURM_ELAPSEDRAW_EXACT,True,Exact Slurm elapsed wall-clock for this dataset/method/seed allocation.
kmnist,standard_qtl/q4_d4,1,FULL_HISTORY,hist_standard_q4d4,18097679,0,18097679_0,18097742,qstar-kmnist-hist-q4d4,COMPLETED,43254.0,12:00:54,720.9,12.015,2026-09-23T01:45:48,2026-09-23T13:46:42,0:0,cn080,SLURM_ELAPSEDRAW_EXACT,True,Exact Slurm elapsed wall-clock for this dataset/method/seed allocation.
kmnist,standard_qtl/q4_d4,42,FULL_HISTORY,hist_standard_q4d4,18097679,1,18097679_1,18113682,qstar-kmnist-hist-q4d4,COMPLETED,42593.0,11:49:53,709.8833333333333,11.831388888888888,2026-09-23T13:46:44,2026-09-24T01:36:37,0:0,cn019,SLURM_ELAPSEDRAW_EXACT,True,Exact Slurm elapsed wall-clock for this dataset/method/seed allocation.
kmnist,standard_qtl/q4_d4,48,FULL_HISTORY,hist_standard_q4d4,18097679,2,18097679_2,18097679,qstar-kmnist-hist-q4d4,RUNNING,24491.0,06:48:11,408.18333333333334,6.803055555555556,2026-09-24T01:37:17,Unknown,0:0,cn019,SLURM_ELAPSEDRAW_EXACT,True,Exact Slurm elapsed wall-clock for this dataset/method/seed allocation.
kmnist,standard_qtl/q6_d1,1,FULL_HISTORY,hist_standard_q6d1,18097681,0,18097681_0,18097743,qstar-kmnist-hist-q6d1,COMPLETED,12361.0,03:26:01,206.01666666666668,3.433611111111111,2026-09-23T01:45:48,2026-09-23T05:11:49,0:0,cn147,SLURM_ELAPSEDRAW_EXACT,True,Exact Slurm elapsed wall-clock for this dataset/method/seed allocation.
kmnist,standard_qtl/q6_d1,42,FULL_HISTORY,hist_standard_q6d1,18097681,1,18097681_1,18099726,qstar-kmnist-hist-q6d1,COMPLETED,12383.0,03:26:23,206.38333333333333,3.439722222222222,2026-09-23T05:12:28,2026-09-23T08:38:51,0:0,cn147,SLURM_ELAPSEDRAW_EXACT,True,Exact Slurm elapsed wall-clock for this dataset/method/seed allocation.
kmnist,standard_qtl/q6_d1,48,FULL_HISTORY,hist_standard_q6d1,18097681,2,18097681_2,18097681,qstar-kmnist-hist-q6d1,COMPLETED,12530.0,03:28:50,208.83333333333334,3.4805555555555556,2026-09-23T08:39:30,2026-09-23T12:08:20,0:0,cn018,SLURM_ELAPSEDRAW_EXACT,True,Exact Slurm elapsed wall-clock for this dataset/method/seed allocation.
kmnist,standard_qtl/q6_d1,550,FLASHJT_ELIGIBLE,assist_standard_q6d1,18097682,3,18097682_3,18107696,qstar-kmnist-assist-q6d1,COMPLETED,12592.0,03:29:52,209.86666666666667,3.497777777777778,2026-09-23T12:08:25,2026-09-23T15:38:17,0:0,cn146,SLURM_ELAPSEDRAW_EXACT,True,Exact Slurm elapsed wall-clock for this dataset/method/seed allocation.
kmnist,standard_qtl/q6_d1,2026,FLASHJT_ELIGIBLE,assist_standard_q6d1,18097682,4,18097682_4,18097682,qstar-kmnist-assist-q6d1,COMPLETED,12605.0,03:30:05,210.08333333333334,3.501388888888889,2026-09-23T12:08:25,2026-09-23T15:38:30,0:0,cn146,SLURM_ELAPSEDRAW_EXACT,True,Exact Slurm elapsed wall-clock for this dataset/method/seed allocation.
kmnist,standard_qtl/q6_d2,1,FULL_HISTORY,hist_standard_q6d2,18097683,0,18097683_0,18097744,qstar-kmnist-hist-q6d2,COMPLETED,30908.0,08:35:08,515.1333333333333,8.585555555555555,2026-09-23T01:45:48,2026-09-23T10:20:56,0:0,cn147,SLURM_ELAPSEDRAW_EXACT,True,Exact Slurm elapsed wall-clock for this dataset/method/seed allocation.
kmnist,standard_qtl/q6_d2,42,FULL_HISTORY,hist_standard_q6d2,18097683,1,18097683_1,18103432,qstar-kmnist-hist-q6d2,COMPLETED,30861.0,08:34:21,514.35,8.5725,2026-09-23T10:21:37,2026-09-23T18:55:58,0:0,cn147,SLURM_ELAPSEDRAW_EXACT,True,Exact Slurm elapsed wall-clock for this dataset/method/seed allocation.
kmnist,standard_qtl/q6_d2,48,FULL_HISTORY,hist_standard_q6d2,18097683,2,18097683_2,18097683,qstar-kmnist-hist-q6d2,COMPLETED,31108.0,08:38:28,518.4666666666667,8.641111111111112,2026-09-23T18:56:00,2026-09-24T03:34:28,0:0,cn226,SLURM_ELAPSEDRAW_EXACT,True,Exact Slurm elapsed wall-clock for this dataset/method/seed allocation.
kmnist,standard_qtl/q6_d2,550,FLASHJT_ELIGIBLE,assist_standard_q6d2,18097684,3,18097684_3,18136779,qstar-kmnist-assist-q6d2,RUNNING,17407.0,04:50:07,290.1166666666667,4.835277777777778,2026-09-24T03:35:21,Unknown,0:0,cn226,SLURM_ELAPSEDRAW_EXACT,True,Exact Slurm elapsed wall-clock for this dataset/method/seed allocation.
kmnist,standard_qtl/q6_d2,2026,FLASHJT_ELIGIBLE,assist_standard_q6d2,18097684,4,18097684_4,18097684,qstar-kmnist-assist-q6d2,RUNNING,17407.0,04:50:07,290.1166666666667,4.835277777777778,2026-09-24T03:35:21,Unknown,0:0,cn199,SLURM_ELAPSEDRAW_EXACT,True,Exact Slurm elapsed wall-clock for this dataset/method/seed allocation.
kmnist,standard_qtl/q6_d4,1,FULL_HISTORY,hist_standard_q6d4,18097685,0,18097685_0,18097745,qstar-kmnist-hist-q6d4,COMPLETED,93423.0,1-01:57:03,1557.05,25.950833333333332,2026-09-23T01:45:48,2026-09-24T03:42:51,0:0,cn199,SLURM_ELAPSEDRAW_EXACT,True,Exact Slurm elapsed wall-clock for this dataset/method/seed allocation.
kmnist,standard_qtl/q6_d4,42,FULL_HISTORY,hist_standard_q6d4,18097685,1,18097685_1,18136802,qstar-kmnist-hist-q6d4,RUNNING,16927.0,04:42:07,282.1166666666667,4.701944444444444,2026-09-24T03:43:21,Unknown,0:0,cn100,SLURM_ELAPSEDRAW_EXACT,True,Exact Slurm elapsed wall-clock for this dataset/method/seed allocation.
kmnist,standard_qtl/q8_d1,1,FULL_HISTORY,hist_standard_q8d1,18097687,0,18097687_0,18097746,qstar-kmnist-hist-q8d1,COMPLETED,21457.0,05:57:37,357.6166666666667,5.960277777777778,2026-09-23T01:45:48,2026-09-23T07:43:25,0:0,cn199,SLURM_ELAPSEDRAW_EXACT,True,Exact Slurm elapsed wall-clock for this dataset/method/seed allocation.
kmnist,standard_qtl/q8_d1,42,FULL_HISTORY,hist_standard_q8d1,18097687,1,18097687_1,18099893,qstar-kmnist-hist-q8d1,COMPLETED,21528.0,05:58:48,358.8,5.98,2026-09-23T07:43:29,2026-09-23T13:42:17,0:0,cn080,SLURM_ELAPSEDRAW_EXACT,True,Exact Slurm elapsed wall-clock for this dataset/method/seed allocation.
kmnist,standard_qtl/q8_d1,48,FULL_HISTORY,hist_standard_q8d1,18097687,2,18097687_2,18097687,qstar-kmnist-hist-q8d1,COMPLETED,21199.0,05:53:19,353.31666666666666,5.8886111111111115,2026-09-23T13:42:44,2026-09-23T19:36:03,0:0,cn152,SLURM_ELAPSEDRAW_EXACT,True,Exact Slurm elapsed wall-clock for this dataset/method/seed allocation.
kmnist,standard_qtl/q8_d1,550,FLASHJT_ELIGIBLE,assist_standard_q8d1,18097688,3,18097688_3,18131179,qstar-kmnist-assist-q8d1,COMPLETED,21816.0,06:03:36,363.6,6.06,2026-09-23T19:36:04,2026-09-24T01:39:40,0:0,cn060,SLURM_ELAPSEDRAW_EXACT,True,Exact Slurm elapsed wall-clock for this dataset/method/seed allocation.
kmnist,standard_qtl/q8_d1,2026,FLASHJT_ELIGIBLE,assist_standard_q8d1,18097688,4,18097688_4,18097688,qstar-kmnist-assist-q8d1,COMPLETED,21445.0,05:57:25,357.4166666666667,5.956944444444445,2026-09-23T19:36:04,2026-09-24T01:33:29,0:0,cn199,SLURM_ELAPSEDRAW_EXACT,True,Exact Slurm elapsed wall-clock for this dataset/method/seed allocation.
kmnist,standard_qtl/q8_d2,1,FULL_HISTORY,hist_standard_q8d2,18097689,0,18097689_0,18097747,qstar-kmnist-hist-q8d2,COMPLETED,54491.0,15:08:11,908.1833333333333,15.136388888888888,2026-09-23T01:45:48,2026-09-23T16:53:59,0:0,cn199,SLURM_ELAPSEDRAW_EXACT,True,Exact Slurm elapsed wall-clock for this dataset/method/seed allocation.
kmnist,standard_qtl/q8_d2,42,FULL_HISTORY,hist_standard_q8d2,18097689,1,18097689_1,18123520,qstar-kmnist-hist-q8d2,RUNNING,55831.0,15:30:31,930.5166666666667,15.508611111111112,2026-09-23T16:54:57,Unknown,0:0,cn228,SLURM_ELAPSEDRAW_EXACT,True,Exact Slurm elapsed wall-clock for this dataset/method/seed allocation.
kmnist,ketgpt/candidate_160,1,FULL_HISTORY,hist_ketgpt160,18097691,0,18097691_0,18097748,qstar-kmnist-hist-k160,COMPLETED,9439.0,02:37:19,157.31666666666666,2.6219444444444444,2026-09-23T01:45:48,2026-09-23T04:23:07,0:0,cn083,SLURM_ELAPSEDRAW_EXACT,True,Exact Slurm elapsed wall-clock for this dataset/method/seed allocation.
kmnist,ketgpt/candidate_160,42,FULL_HISTORY,hist_ketgpt160,18097691,1,18097691_1,18099668,qstar-kmnist-hist-k160,COMPLETED,9607.0,02:40:07,160.11666666666667,2.6686111111111113,2026-09-23T04:23:28,2026-09-23T07:03:35,0:0,cn077,SLURM_ELAPSEDRAW_EXACT,True,Exact Slurm elapsed wall-clock for this dataset/method/seed allocation.
kmnist,ketgpt/candidate_160,48,FULL_HISTORY,hist_ketgpt160,18097691,2,18097691_2,18097691,qstar-kmnist-hist-k160,COMPLETED,9835.0,02:43:55,163.91666666666666,2.7319444444444443,2026-09-23T07:04:29,2026-09-23T09:48:24,0:0,cn077,SLURM_ELAPSEDRAW_EXACT,True,Exact Slurm elapsed wall-clock for this dataset/method/seed allocation.
kmnist,ketgpt/candidate_160,550,FLASHJT_ELIGIBLE,assist_ketgpt160,18097692,3,18097692_3,18101499,qstar-kmnist-assist-k160,COMPLETED,5829.0,01:37:09,97.15,1.6191666666666666,2026-09-23T09:48:28,2026-09-23T11:25:37,0:0,cn019,SLURM_ELAPSEDRAW_EXACT,True,Exact Slurm elapsed wall-clock for this dataset/method/seed allocation.
kmnist,ketgpt/candidate_160,2026,FLASHJT_ELIGIBLE,assist_ketgpt160,18097692,4,18097692_4,18097692,qstar-kmnist-assist-k160,COMPLETED,5734.0,01:35:34,95.56666666666666,1.5927777777777778,2026-09-23T09:48:28,2026-09-23T11:24:02,0:0,cn083,SLURM_ELAPSEDRAW_EXACT,True,Exact Slurm elapsed wall-clock for this dataset/method/seed allocation.
kmnist,ketgpt/candidate_180,1,FULL_HISTORY,hist_ketgpt180,18097694,0,18097694_0,18097749,qstar-kmnist-hist-k180,COMPLETED,77449.0,21:30:49,1290.8166666666666,21.51361111111111,2026-09-23T01:45:48,2026-09-23T23:16:37,0:0,cn119,SLURM_ELAPSEDRAW_EXACT,True,Exact Slurm elapsed wall-clock for this dataset/method/seed allocation.
kmnist,ketgpt/candidate_180,42,FULL_HISTORY,hist_ketgpt180,18097694,1,18097694_1,18134401,qstar-kmnist-hist-k180,RUNNING,32598.0,09:03:18,543.3,9.055,2026-09-23T23:22:10,Unknown,0:0,cn121,SLURM_ELAPSEDRAW_EXACT,True,Exact Slurm elapsed wall-clock for this dataset/method/seed allocation.
kmnist,adaptive/candidate_160,1,FULL_HISTORY,hist_adaptive160,18097696,0,18097696_0,18097750,qstar-kmnist-hist-a160,COMPLETED,9366.0,02:36:06,156.1,2.6016666666666666,2026-09-23T01:45:48,2026-09-23T04:21:54,0:0,cn119,SLURM_ELAPSEDRAW_EXACT,True,Exact Slurm elapsed wall-clock for this dataset/method/seed allocation.
kmnist,adaptive/candidate_160,42,FULL_HISTORY,hist_adaptive160,18097696,1,18097696_1,18099667,qstar-kmnist-hist-a160,COMPLETED,10146.0,02:49:06,169.1,2.8183333333333334,2026-09-23T04:22:28,2026-09-23T07:11:34,0:0,cn077,SLURM_ELAPSEDRAW_EXACT,True,Exact Slurm elapsed wall-clock for this dataset/method/seed allocation.
kmnist,adaptive/candidate_160,48,FULL_HISTORY,hist_adaptive160,18097696,2,18097696_2,18097696,qstar-kmnist-hist-a160,COMPLETED,10097.0,02:48:17,168.28333333333333,2.8047222222222223,2026-09-23T07:12:29,2026-09-23T10:00:46,0:0,cn077,SLURM_ELAPSEDRAW_EXACT,True,Exact Slurm elapsed wall-clock for this dataset/method/seed allocation.
kmnist,adaptive/candidate_160,550,FLASHJT_ELIGIBLE,assist_adaptive160,18097697,3,18097697_3,18102457,qstar-kmnist-assist-a160,COMPLETED,6095.0,01:41:35,101.58333333333333,1.6930555555555555,2026-09-23T10:01:35,2026-09-23T11:43:10,0:0,cn077,SLURM_ELAPSEDRAW_EXACT,True,Exact Slurm elapsed wall-clock for this dataset/method/seed allocation.
kmnist,adaptive/candidate_160,2026,FLASHJT_ELIGIBLE,assist_adaptive160,18097697,4,18097697_4,18097697,qstar-kmnist-assist-a160,COMPLETED,5873.0,01:37:53,97.88333333333334,1.631388888888889,2026-09-23T10:01:35,2026-09-23T11:39:28,0:0,cn146,SLURM_ELAPSEDRAW_EXACT,True,Exact Slurm elapsed wall-clock for this dataset/method/seed allocation.
kmnist,adaptive/candidate_180,1,FULL_HISTORY,hist_adaptive180,18097699,0,18097699_0,18097751,qstar-kmnist-hist-a180,COMPLETED,77692.0,21:34:52,1294.8666666666666,21.58111111111111,2026-09-23T01:45:48,2026-09-23T23:20:40,0:0,cn119,SLURM_ELAPSEDRAW_EXACT,True,Exact Slurm elapsed wall-clock for this dataset/method/seed allocation.
kmnist,adaptive/candidate_180,42,FULL_HISTORY,hist_adaptive180,18097699,1,18097699_1,18134402,qstar-kmnist-hist-a180,RUNNING,32598.0,09:03:18,543.3,9.055,2026-09-23T23:22:10,Unknown,0:0,cn158,SLURM_ELAPSEDRAW_EXACT,True,Exact Slurm elapsed wall-clock for this dataset/method/seed allocation.
svhn,classical_bundle,1,FULL_HISTORY,hist_classical,18097704,0,18097704_0,18097862,qstar-svhn-hist-classical,COMPLETED,40.0,00:00:40,0.6666666666666666,0.011111111111111112,2026-09-23T01:50:24,2026-09-23T01:51:04,0:0,cn149,SLURM_ELAPSEDRAW_EXACT,False,Bundled allocation contains multiple classical heads; use script-reported per-model train_time_sec instead.
svhn,classical_bundle,42,FULL_HISTORY,hist_classical,18097704,1,18097704_1,18097863,qstar-svhn-hist-classical,COMPLETED,40.0,00:00:40,0.6666666666666666,0.011111111111111112,2026-09-23T01:50:24,2026-09-23T01:51:04,0:0,cn055,SLURM_ELAPSEDRAW_EXACT,False,Bundled allocation contains multiple classical heads; use script-reported per-model train_time_sec instead.
svhn,classical_bundle,48,FULL_HISTORY,hist_classical,18097704,2,18097704_2,18097704,qstar-svhn-hist-classical,COMPLETED,40.0,00:00:40,0.6666666666666666,0.011111111111111112,2026-09-23T01:50:24,2026-09-23T01:51:04,0:0,cn055,SLURM_ELAPSEDRAW_EXACT,False,Bundled allocation contains multiple classical heads; use script-reported per-model train_time_sec instead.
svhn,classical_bundle,550,FLASHJT_ELIGIBLE,assist_classical,18097705,3,18097705_3,18097992,qstar-svhn-assist-classical,COMPLETED,73.0,00:01:13,1.2166666666666666,0.020277777777777777,2026-09-23T01:51:38,2026-09-23T01:52:51,0:0,cn150,SLURM_ELAPSEDRAW_EXACT,False,Bundled allocation contains multiple classical heads; use script-reported per-model train_time_sec instead.
svhn,classical_bundle,2026,FLASHJT_ELIGIBLE,assist_classical,18097705,4,18097705_4,18097705,qstar-svhn-assist-classical,COMPLETED,75.0,00:01:15,1.25,0.020833333333333332,2026-09-23T01:51:38,2026-09-23T01:52:53,0:0,cn058,SLURM_ELAPSEDRAW_EXACT,False,Bundled allocation contains multiple classical heads; use script-reported per-model train_time_sec instead.
svhn,standard_qtl/q4_d1,1,FULL_HISTORY,hist_standard_q4d1,18097706,0,18097706_0,18097864,qstar-svhn-hist-q4d1,COMPLETED,5917.0,01:38:37,98.61666666666666,1.6436111111111111,2026-09-23T01:50:24,2026-09-23T03:29:01,0:0,cn119,SLURM_ELAPSEDRAW_EXACT,True,Exact Slurm elapsed wall-clock for this dataset/method/seed allocation.
svhn,standard_qtl/q4_d1,42,FULL_HISTORY,hist_standard_q4d1,18097706,1,18097706_1,18099565,qstar-svhn-hist-q4d1,COMPLETED,5962.0,01:39:22,99.36666666666666,1.656111111111111,2026-09-23T03:29:27,2026-09-23T05:08:49,0:0,cn055,SLURM_ELAPSEDRAW_EXACT,True,Exact Slurm elapsed wall-clock for this dataset/method/seed allocation.
svhn,standard_qtl/q4_d1,48,FULL_HISTORY,hist_standard_q4d1,18097706,2,18097706_2,18097706,qstar-svhn-hist-q4d1,COMPLETED,5985.0,01:39:45,99.75,1.6625,2026-09-23T05:09:28,2026-09-23T06:49:13,0:0,cn119,SLURM_ELAPSEDRAW_EXACT,True,Exact Slurm elapsed wall-clock for this dataset/method/seed allocation.
svhn,standard_qtl/q4_d1,550,FLASHJT_ELIGIBLE,assist_standard_q4d1,18097707,3,18097707_3,18099847,qstar-svhn-assist-q4d1,COMPLETED,4598.0,01:16:38,76.63333333333334,1.2772222222222223,2026-09-23T06:49:29,2026-09-23T08:06:07,0:0,cn082,SLURM_ELAPSEDRAW_EXACT,True,Exact Slurm elapsed wall-clock for this dataset/method/seed allocation.
svhn,standard_qtl/q4_d1,2026,FLASHJT_ELIGIBLE,assist_standard_q4d1,18097707,4,18097707_4,18097707,qstar-svhn-assist-q4d1,COMPLETED,4407.0,01:13:27,73.45,1.2241666666666666,2026-09-23T06:49:29,2026-09-23T08:02:56,0:0,cn082,SLURM_ELAPSEDRAW_EXACT,True,Exact Slurm elapsed wall-clock for this dataset/method/seed allocation.
svhn,standard_qtl/q4_d2,1,FULL_HISTORY,hist_standard_q4d2,18097708,0,18097708_0,18097865,qstar-svhn-hist-q4d2,COMPLETED,14469.0,04:01:09,241.15,4.019166666666667,2026-09-23T01:50:24,2026-09-23T05:51:33,0:0,cn150,SLURM_ELAPSEDRAW_EXACT,True,Exact Slurm elapsed wall-clock for this dataset/method/seed allocation.
svhn,standard_qtl/q4_d2,42,FULL_HISTORY,hist_standard_q4d2,18097708,1,18097708_1,18099786,qstar-svhn-hist-q4d2,COMPLETED,14794.0,04:06:34,246.56666666666666,4.109444444444445,2026-09-23T05:52:28,2026-09-23T09:59:02,0:0,cn146,SLURM_ELAPSEDRAW_EXACT,True,Exact Slurm elapsed wall-clock for this dataset/method/seed allocation.
svhn,standard_qtl/q4_d2,48,FULL_HISTORY,hist_standard_q4d2,18097708,2,18097708_2,18097708,qstar-svhn-hist-q4d2,COMPLETED,14773.0,04:06:13,246.21666666666667,4.103611111111111,2026-09-23T09:59:35,2026-09-23T14:05:48,0:0,cn077,SLURM_ELAPSEDRAW_EXACT,True,Exact Slurm elapsed wall-clock for this dataset/method/seed allocation.
svhn,standard_qtl/q4_d2,550,FLASHJT_ELIGIBLE,assist_standard_q4d2,18097709,3,18097709_3,18114915,qstar-svhn-assist-q4d2,COMPLETED,13020.0,03:37:00,217.0,3.6166666666666667,2026-09-23T14:06:55,2026-09-23T17:43:55,0:0,cn119,SLURM_ELAPSEDRAW_EXACT,True,Exact Slurm elapsed wall-clock for this dataset/method/seed allocation.
svhn,standard_qtl/q4_d2,2026,FLASHJT_ELIGIBLE,assist_standard_q4d2,18097709,4,18097709_4,18097709,qstar-svhn-assist-q4d2,COMPLETED,14358.0,03:59:18,239.3,3.9883333333333333,2026-09-23T14:06:55,2026-09-23T18:06:13,0:0,cn119,SLURM_ELAPSEDRAW_EXACT,True,Exact Slurm elapsed wall-clock for this dataset/method/seed allocation.
svhn,standard_qtl/q4_d4,1,FULL_HISTORY,hist_standard_q4d4,18097710,0,18097710_0,18097866,qstar-svhn-hist-q4d4,COMPLETED,42908.0,11:55:08,715.1333333333333,11.918888888888889,2026-09-23T01:50:24,2026-09-23T13:45:32,0:0,cn150,SLURM_ELAPSEDRAW_EXACT,True,Exact Slurm elapsed wall-clock for this dataset/method/seed allocation.
svhn,standard_qtl/q4_d4,42,FULL_HISTORY,hist_standard_q4d4,18097710,1,18097710_1,18113604,qstar-svhn-hist-q4d4,COMPLETED,42335.0,11:45:35,705.5833333333334,11.759722222222223,2026-09-23T13:45:44,2026-09-24T01:31:19,0:0,cn150,SLURM_ELAPSEDRAW_EXACT,True,Exact Slurm elapsed wall-clock for this dataset/method/seed allocation.
svhn,standard_qtl/q4_d4,48,FULL_HISTORY,hist_standard_q4d4,18097710,2,18097710_2,18097710,qstar-svhn-hist-q4d4,RUNNING,24792.0,06:53:12,413.2,6.886666666666667,2026-09-24T01:32:16,Unknown,0:0,cn058,SLURM_ELAPSEDRAW_EXACT,True,Exact Slurm elapsed wall-clock for this dataset/method/seed allocation.
svhn,standard_qtl/q6_d1,1,FULL_HISTORY,hist_standard_q6d1,18097712,0,18097712_0,18097867,qstar-svhn-hist-q6d1,COMPLETED,12525.0,03:28:45,208.75,3.4791666666666665,2026-09-23T01:50:24,2026-09-23T05:19:09,0:0,cn150,SLURM_ELAPSEDRAW_EXACT,True,Exact Slurm elapsed wall-clock for this dataset/method/seed allocation.
svhn,standard_qtl/q6_d1,42,FULL_HISTORY,hist_standard_q6d1,18097712,1,18097712_1,18099741,qstar-svhn-hist-q6d1,COMPLETED,12236.0,03:23:56,203.93333333333334,3.398888888888889,2026-09-23T05:19:28,2026-09-23T08:43:24,0:0,cn119,SLURM_ELAPSEDRAW_EXACT,True,Exact Slurm elapsed wall-clock for this dataset/method/seed allocation.
svhn,standard_qtl/q6_d1,48,FULL_HISTORY,hist_standard_q6d1,18097712,2,18097712_2,18097712,qstar-svhn-hist-q6d1,COMPLETED,8910.0,02:28:30,148.5,2.475,2026-09-23T08:43:30,2026-09-23T11:12:00,0:0,cn082,SLURM_ELAPSEDRAW_EXACT,True,Exact Slurm elapsed wall-clock for this dataset/method/seed allocation.
svhn,standard_qtl/q6_d1,550,FLASHJT_ELIGIBLE,assist_standard_q6d1,18097713,3,18097713_3,18106255,qstar-svhn-assist-q6d1,COMPLETED,12477.0,03:27:57,207.95,3.4658333333333333,2026-09-23T11:12:41,2026-09-23T14:40:38,0:0,cn019,SLURM_ELAPSEDRAW_EXACT,True,Exact Slurm elapsed wall-clock for this dataset/method/seed allocation.
svhn,standard_qtl/q6_d1,2026,FLASHJT_ELIGIBLE,assist_standard_q6d1,18097713,4,18097713_4,18097713,qstar-svhn-assist-q6d1,COMPLETED,12762.0,03:32:42,212.7,3.545,2026-09-23T11:12:41,2026-09-23T14:45:23,0:0,cn019,SLURM_ELAPSEDRAW_EXACT,True,Exact Slurm elapsed wall-clock for this dataset/method/seed allocation.
svhn,standard_qtl/q6_d2,1,FULL_HISTORY,hist_standard_q6d2,18097714,0,18097714_0,18097868,qstar-svhn-hist-q6d2,COMPLETED,31372.0,08:42:52,522.8666666666667,8.714444444444444,2026-09-23T01:50:24,2026-09-23T10:33:16,0:0,cn150,SLURM_ELAPSEDRAW_EXACT,True,Exact Slurm elapsed wall-clock for this dataset/method/seed allocation.
svhn,standard_qtl/q6_d2,42,FULL_HISTORY,hist_standard_q6d2,18097714,1,18097714_1,18104110,qstar-svhn-hist-q6d2,COMPLETED,31069.0,08:37:49,517.8166666666667,8.630277777777778,2026-09-23T10:33:37,2026-09-23T19:11:26,0:0,cn150,SLURM_ELAPSEDRAW_EXACT,True,Exact Slurm elapsed wall-clock for this dataset/method/seed allocation.
svhn,standard_qtl/q6_d2,48,FULL_HISTORY,hist_standard_q6d2,18097714,2,18097714_2,18097714,qstar-svhn-hist-q6d2,COMPLETED,31326.0,08:42:06,522.1,8.701666666666666,2026-09-23T19:12:00,2026-09-24T03:54:06,0:0,cn226,SLURM_ELAPSEDRAW_EXACT,True,Exact Slurm elapsed wall-clock for this dataset/method/seed allocation.
svhn,standard_qtl/q6_d2,550,FLASHJT_ELIGIBLE,assist_standard_q6d2,18097715,3,18097715_3,18136826,qstar-svhn-assist-q6d2,RUNNING,16272.0,04:31:12,271.2,4.52,2026-09-24T03:54:16,Unknown,0:0,cn226,SLURM_ELAPSEDRAW_EXACT,True,Exact Slurm elapsed wall-clock for this dataset/method/seed allocation.
svhn,standard_qtl/q6_d2,2026,FLASHJT_ELIGIBLE,assist_standard_q6d2,18097715,4,18097715_4,18097715,qstar-svhn-assist-q6d2,RUNNING,16272.0,04:31:12,271.2,4.52,2026-09-24T03:54:16,Unknown,0:0,cn019,SLURM_ELAPSEDRAW_EXACT,True,Exact Slurm elapsed wall-clock for this dataset/method/seed allocation.
svhn,standard_qtl/q6_d4,1,FULL_HISTORY,hist_standard_q6d4,18097716,0,18097716_0,18097869,qstar-svhn-hist-q6d4,COMPLETED,93317.0,1-01:55:17,1555.2833333333333,25.921388888888888,2026-09-23T01:50:24,2026-09-24T03:45:41,0:0,cn018,SLURM_ELAPSEDRAW_EXACT,True,Exact Slurm elapsed wall-clock for this dataset/method/seed allocation.
svhn,standard_qtl/q6_d4,42,FULL_HISTORY,hist_standard_q6d4,18097716,1,18097716_1,18136810,qstar-svhn-hist-q6d4,RUNNING,16747.0,04:39:07,279.1166666666667,4.651944444444444,2026-09-24T03:46:21,Unknown,0:0,cn018,SLURM_ELAPSEDRAW_EXACT,True,Exact Slurm elapsed wall-clock for this dataset/method/seed allocation.
svhn,standard_qtl/q8_d1,1,FULL_HISTORY,hist_standard_q8d1,18097718,0,18097718_0,18097870,qstar-svhn-hist-q8d1,COMPLETED,21238.0,05:53:58,353.96666666666664,5.899444444444445,2026-09-23T01:50:24,2026-09-23T07:44:22,0:0,cn018,SLURM_ELAPSEDRAW_EXACT,True,Exact Slurm elapsed wall-clock for this dataset/method/seed allocation.
svhn,standard_qtl/q8_d1,42,FULL_HISTORY,hist_standard_q8d1,18097718,1,18097718_1,18099894,qstar-svhn-hist-q8d1,COMPLETED,15146.0,04:12:26,252.43333333333334,4.207222222222223,2026-09-23T07:44:29,2026-09-23T11:56:55,0:0,cn082,SLURM_ELAPSEDRAW_EXACT,True,Exact Slurm elapsed wall-clock for this dataset/method/seed allocation.
svhn,standard_qtl/q8_d1,48,FULL_HISTORY,hist_standard_q8d1,18097718,2,18097718_2,18097718,qstar-svhn-hist-q8d1,COMPLETED,21727.0,06:02:07,362.1166666666667,6.035277777777778,2026-09-23T11:57:41,2026-09-23T17:59:48,0:0,cn077,SLURM_ELAPSEDRAW_EXACT,True,Exact Slurm elapsed wall-clock for this dataset/method/seed allocation.
svhn,standard_qtl/q8_d1,550,FLASHJT_ELIGIBLE,assist_standard_q8d1,18097719,3,18097719_3,18126386,qstar-svhn-assist-q8d1,COMPLETED,21052.0,05:50:52,350.8666666666667,5.847777777777778,2026-09-23T17:59:51,2026-09-23T23:50:43,0:0,cn077,SLURM_ELAPSEDRAW_EXACT,True,Exact Slurm elapsed wall-clock for this dataset/method/seed allocation.
svhn,standard_qtl/q8_d1,2026,FLASHJT_ELIGIBLE,assist_standard_q8d1,18097719,4,18097719_4,18097719,qstar-svhn-assist-q8d1,COMPLETED,20927.0,05:48:47,348.78333333333336,5.813055555555556,2026-09-23T17:59:51,2026-09-23T23:48:38,0:0,cn077,SLURM_ELAPSEDRAW_EXACT,True,Exact Slurm elapsed wall-clock for this dataset/method/seed allocation.
svhn,standard_qtl/q8_d2,1,FULL_HISTORY,hist_standard_q8d2,18097720,0,18097720_0,18097871,qstar-svhn-hist-q8d2,COMPLETED,54532.0,15:08:52,908.8666666666667,15.147777777777778,2026-09-23T01:50:24,2026-09-23T16:59:16,0:0,cn018,SLURM_ELAPSEDRAW_EXACT,True,Exact Slurm elapsed wall-clock for this dataset/method/seed allocation.
svhn,standard_qtl/q8_d2,42,FULL_HISTORY,hist_standard_q8d2,18097720,1,18097720_1,18123580,qstar-svhn-hist-q8d2,COMPLETED,54211.0,15:03:31,903.5166666666667,15.05861111111111,2026-09-23T17:00:57,2026-09-24T08:04:28,0:0,cn150,SLURM_ELAPSEDRAW_EXACT,True,Exact Slurm elapsed wall-clock for this dataset/method/seed allocation.
svhn,standard_qtl/q8_d2,48,FULL_HISTORY,hist_standard_q8d2,18097720,2,18097720_2,18097720,qstar-svhn-hist-q8d2,RUNNING,1201.0,00:20:01,20.016666666666666,0.33361111111111114,2026-09-24T08:05:27,Unknown,0:0,cn148,SLURM_ELAPSEDRAW_EXACT,True,Exact Slurm elapsed wall-clock for this dataset/method/seed allocation.
svhn,ketgpt/candidate_160,1,FULL_HISTORY,hist_ketgpt160,18097722,0,18097722_0,18097872,qstar-svhn-hist-k160,COMPLETED,9653.0,02:40:53,160.88333333333333,2.681388888888889,2026-09-23T01:50:24,2026-09-23T04:31:17,0:0,cn018,SLURM_ELAPSEDRAW_EXACT,True,Exact Slurm elapsed wall-clock for this dataset/method/seed allocation.
svhn,ketgpt/candidate_160,42,FULL_HISTORY,hist_ketgpt160,18097722,1,18097722_1,18099673,qstar-svhn-hist-k160,COMPLETED,9760.0,02:42:40,162.66666666666666,2.7111111111111112,2026-09-23T04:31:18,2026-09-23T07:13:58,0:0,cn077,SLURM_ELAPSEDRAW_EXACT,True,Exact Slurm elapsed wall-clock for this dataset/method/seed allocation.
svhn,ketgpt/candidate_160,48,FULL_HISTORY,hist_ketgpt160,18097722,2,18097722_2,18097722,qstar-svhn-hist-k160,COMPLETED,10047.0,02:47:27,167.45,2.7908333333333335,2026-09-23T07:14:29,2026-09-23T10:01:56,0:0,cn077,SLURM_ELAPSEDRAW_EXACT,True,Exact Slurm elapsed wall-clock for this dataset/method/seed allocation.
svhn,ketgpt/candidate_160,550,FLASHJT_ELIGIBLE,assist_ketgpt160,18097723,3,18097723_3,18102539,qstar-svhn-assist-k160,COMPLETED,5815.0,01:36:55,96.91666666666667,1.6152777777777778,2026-09-23T10:02:06,2026-09-23T11:39:01,0:0,cn152,SLURM_ELAPSEDRAW_EXACT,True,Exact Slurm elapsed wall-clock for this dataset/method/seed allocation.
svhn,ketgpt/candidate_160,2026,FLASHJT_ELIGIBLE,assist_ketgpt160,18097723,4,18097723_4,18097723,qstar-svhn-assist-k160,COMPLETED,9589.0,02:39:49,159.81666666666666,2.663611111111111,2026-09-23T10:02:06,2026-09-23T12:41:55,0:0,cn152,SLURM_ELAPSEDRAW_EXACT,True,Exact Slurm elapsed wall-clock for this dataset/method/seed allocation.
svhn,ketgpt/candidate_180,1,FULL_HISTORY,hist_ketgpt180,18097724,0,18097724_0,18097873,qstar-svhn-hist-k180,COMPLETED,80101.0,22:15:01,1335.0166666666667,22.25027777777778,2026-09-23T01:50:24,2026-09-24T00:05:25,0:0,cn018,SLURM_ELAPSEDRAW_EXACT,True,Exact Slurm elapsed wall-clock for this dataset/method/seed allocation.
svhn,ketgpt/candidate_180,42,FULL_HISTORY,hist_ketgpt180,18097724,1,18097724_1,18134633,qstar-svhn-hist-k180,RUNNING,29957.0,08:19:17,499.28333333333336,8.321388888888889,2026-09-24T00:06:11,Unknown,0:0,cn152,SLURM_ELAPSEDRAW_EXACT,True,Exact Slurm elapsed wall-clock for this dataset/method/seed allocation.
svhn,adaptive/candidate_160,1,FULL_HISTORY,hist_adaptive160,18097726,0,18097726_0,18097874,qstar-svhn-hist-a160,COMPLETED,9669.0,02:41:09,161.15,2.6858333333333335,2026-09-23T01:50:24,2026-09-23T04:31:33,0:0,cn201,SLURM_ELAPSEDRAW_EXACT,True,Exact Slurm elapsed wall-clock for this dataset/method/seed allocation.
svhn,adaptive/candidate_160,42,FULL_HISTORY,hist_adaptive160,18097726,1,18097726_1,18099675,qstar-svhn-hist-a160,COMPLETED,10130.0,02:48:50,168.83333333333334,2.813888888888889,2026-09-23T04:31:48,2026-09-23T07:20:38,0:0,cn077,SLURM_ELAPSEDRAW_EXACT,True,Exact Slurm elapsed wall-clock for this dataset/method/seed allocation.
svhn,adaptive/candidate_160,48,FULL_HISTORY,hist_adaptive160,18097726,2,18097726_2,18097726,qstar-svhn-hist-a160,COMPLETED,10085.0,02:48:05,168.08333333333334,2.801388888888889,2026-09-23T07:21:29,2026-09-23T10:09:34,0:0,cn077,SLURM_ELAPSEDRAW_EXACT,True,Exact Slurm elapsed wall-clock for this dataset/method/seed allocation.
svhn,adaptive/candidate_160,550,FLASHJT_ELIGIBLE,assist_adaptive160,18097727,3,18097727_3,18103349,qstar-svhn-assist-a160,COMPLETED,8584.0,02:23:04,143.06666666666666,2.3844444444444446,2026-09-23T10:09:37,2026-09-23T12:32:41,0:0,cn153,SLURM_ELAPSEDRAW_EXACT,True,Exact Slurm elapsed wall-clock for this dataset/method/seed allocation.
svhn,adaptive/candidate_160,2026,FLASHJT_ELIGIBLE,assist_adaptive160,18097727,4,18097727_4,18097727,qstar-svhn-assist-a160,COMPLETED,6133.0,01:42:13,102.21666666666667,1.7036111111111112,2026-09-23T10:09:37,2026-09-23T11:51:50,0:0,cn077,SLURM_ELAPSEDRAW_EXACT,True,Exact Slurm elapsed wall-clock for this dataset/method/seed allocation.
svhn,adaptive/candidate_180,1,FULL_HISTORY,hist_adaptive180,18097728,0,18097728_0,18097875,qstar-svhn-hist-a180,COMPLETED,79496.0,22:04:56,1324.9333333333334,22.08222222222222,2026-09-23T01:50:24,2026-09-23T23:55:20,0:0,cn201,SLURM_ELAPSEDRAW_EXACT,True,Exact Slurm elapsed wall-clock for this dataset/method/seed allocation.
svhn,adaptive/candidate_180,42,FULL_HISTORY,hist_adaptive180,18097728,1,18097728_1,18134584,qstar-svhn-hist-a180,RUNNING,30558.0,08:29:18,509.3,8.488333333333333,2026-09-23T23:56:10,Unknown,0:0,cn055,SLURM_ELAPSEDRAW_EXACT,True,Exact Slurm elapsed wall-clock for this dataset/method/seed allocation.
