dataset,task,backbone,experiment_type,model_name,threshold,low_count,low_pct,routed_to_classical_pct,routed_to_quantum_pct,avg_shots_per_sample,train_time_sec,inference_time_sec_total,inference_time_ms_per_sample,total_trainable_params,head_trainable_params,quantum_params,num_qubits,circuit_depth,num_gates_approx,shots,train_circuit_evaluations_approx,test_circuit_evaluations_approx,memory_usage_mb,accuracy,precision_macro,recall_macro,f1_macro,auc_ovr_macro,seed
FashionMNIST,multiclass_10_class,Frozen ResNet18,fixed,confidence_linear,,,,100.0,0.0,0.0,3925.238230705261,72.77902746200562,72.77902746200562,4194,90,0,0,0,0,0,0,0,956.00390625,0.804,0.804635669141047,0.8069778218399005,0.7977426290563704,0.9764584960671184,550
FashionMNIST,multiclass_10_class,Frozen ResNet18,fixed,matched_mlp,,,,100.0,0.0,0.0,3931.593170166016,73.94766736030579,73.94766736030579,4266,162,0,0,0,0,0,0,0,956.00390625,0.787,0.7946277212760144,0.7878602383715637,0.78185349138398,0.9740678318761172,550
FashionMNIST,multiclass_10_class,Frozen ResNet18,fixed,ketgpt_quantum,,,,0.0,100.0,100.0,82283.66998386383,140.04724645614624,140.04724645614624,4252,148,58,8,ketgpt_variable,49,100,311220,0,956.00390625,0.805,0.8150523538508081,0.8064020370710729,0.8060649303800943,0.9737640148242496,550
FashionMNIST,multiclass_10_class,Frozen ResNet18,low_confidence_only,matched_mlp_on_low_conf,0.7,344.0,34.4,34.4,0.0,0.0,3931.593170166016,73.94766736030579,73.94766736030579,4266,162,0,0,0,0,0,0,0,956.00390625,0.5377906976744186,0.5650933824872673,0.5848109721234434,0.5486127709611525,0.9220892871868654,550
FashionMNIST,multiclass_10_class,Frozen ResNet18,low_confidence_only,ketgpt_quantum_on_low_conf,0.7,344.0,34.4,0.0,34.4,34.4,82283.66998386383,140.04724645614624,140.04724645614624,4252,148,58,8,ketgpt_variable,49,100,311220,0,956.00390625,0.5930232558139535,0.6445096278919807,0.6301801447517048,0.6145430647114283,0.919991993342704,550
FashionMNIST,multiclass_10_class,Frozen ResNet18,adaptive_full,adaptive_classical,0.7,344.0,34.4,34.4,0.0,0.0,7856.831400871277,98.2170250339508,98.2170250339508,8460,252,0,0,0,0,0,0,0,956.00390625,0.798,0.8012171242036781,0.7992090208540964,0.7906591461705537,0.9742758215361343,550
FashionMNIST,multiclass_10_class,Frozen ResNet18,adaptive_full,adaptive_ketgpt_qtl,0.7,344.0,34.4,65.6,34.4,34.4,86208.90821456909,120.95528024291993,120.95528024291993,8446,238,58,8,ketgpt_variable,49,100,311220,21,956.00390625,0.817,0.8249894647222413,0.8197388900469248,0.8185325312014404,0.9749727284126024,550
FashionMNIST,multiclass_10_class,Frozen ResNet18,low_confidence_only,matched_mlp_on_low_conf,0.8,492.0,49.2,49.2,0.0,0.0,3931.593170166016,73.94766736030579,73.94766736030579,4266,162,0,0,0,0,0,0,0,956.00390625,0.6178861788617886,0.6322674248073467,0.647512746234668,0.6115292493981374,0.9375018799084204,550
FashionMNIST,multiclass_10_class,Frozen ResNet18,low_confidence_only,ketgpt_quantum_on_low_conf,0.8,492.0,49.2,0.0,49.2,49.2,82283.66998386383,140.04724645614624,140.04724645614624,4252,148,58,8,ketgpt_variable,49,100,311220,0,956.00390625,0.6686991869918699,0.6828587972296583,0.6833952174788963,0.6665733098684585,0.9376169859690632,550
FashionMNIST,multiclass_10_class,Frozen ResNet18,adaptive_full,adaptive_classical,0.8,492.0,49.2,49.2,0.0,0.0,7856.831400871277,109.16127980327607,109.16127980327607,8460,252,0,0,0,0,0,0,0,956.00390625,0.793,0.7994933774345121,0.793899066777764,0.7873227609383713,0.9741683507293905,550
FashionMNIST,multiclass_10_class,Frozen ResNet18,adaptive_full,adaptive_ketgpt_qtl,0.8,492.0,49.2,50.8,49.2,49.2,86208.90821456909,141.68227271842957,141.68227271842957,8446,238,58,8,ketgpt_variable,49,100,311220,30,956.00390625,0.818,0.826802477539925,0.8204353981890955,0.8197579346376906,0.9750435707319364,550
FashionMNIST,multiclass_10_class,Frozen ResNet18,low_confidence_only,matched_mlp_on_low_conf,0.9,658.0,65.8,65.8,0.0,0.0,3931.593170166016,73.94766736030579,73.94766736030579,4266,162,0,0,0,0,0,0,0,956.00390625,0.6838905775075987,0.6777258113945576,0.6996288382202565,0.6682644819955664,0.95308903026837,550
FashionMNIST,multiclass_10_class,Frozen ResNet18,low_confidence_only,ketgpt_quantum_on_low_conf,0.9,658.0,65.8,0.0,65.8,65.8,82283.66998386383,140.04724645614624,140.04724645614624,4252,148,58,8,ketgpt_variable,49,100,311220,0,956.00390625,0.7173252279635258,0.7163566823498297,0.7035678243294247,0.6931867695671912,0.9516692914794328,550
FashionMNIST,multiclass_10_class,Frozen ResNet18,adaptive_full,adaptive_classical,0.9,658.0,65.8,65.8,0.0,0.0,7856.831400871277,121.4365925850868,121.4365925850868,8460,252,0,0,0,0,0,0,0,956.00390625,0.788,0.79566115617147,0.788935507188768,0.7829472944132669,0.9738911951579564,550
FashionMNIST,multiclass_10_class,Frozen ResNet18,adaptive_full,adaptive_ketgpt_qtl,0.9,658.0,65.8,34.2,65.8,65.8,86208.90821456909,164.93011563014983,164.93011563014983,8446,238,58,8,ketgpt_variable,49,100,311220,41,956.00390625,0.81,0.8204781935086045,0.8118072631507326,0.81155260939112,0.9740314414749272,550
