dataset,table,method,candidate,threshold,readiness,training_protocol,protocol_documentation,aggregate_scope,n_final_seeds,available_final_seeds,missing_final_seeds,accuracy_n,accuracy_mean,accuracy_std,precision_macro_n,precision_macro_mean,precision_macro_std,recall_macro_n,recall_macro_mean,recall_macro_std,f1_macro_n,f1_macro_mean,f1_macro_std,auc_ovr_macro_n,auc_ovr_macro_mean,auc_ovr_macro_std,train_time_sec_n,train_time_sec_mean,train_time_sec_std,inference_time_sec_n,inference_time_sec_mean,inference_time_sec_std,inference_time_ms_n,inference_time_ms_mean,inference_time_ms_std,memory_mb_n,memory_mb_mean,memory_mb_std,peak_memory_mb_n,peak_memory_mb_mean,peak_memory_mb_std,trainable_params_n,trainable_params_mean,trainable_params_std,total_params_n,total_params_mean,total_params_std,head_params_n,head_params_mean,head_params_std,gate_count_n,gate_count_mean,gate_count_std,qwc_groups_n,qwc_groups_mean,qwc_groups_std,shots_n,shots_mean,shots_std,accuracy_entry,precision_macro_entry,recall_macro_entry,f1_macro_entry,auc_ovr_macro_entry
cifar10,II,candidate_160|threshold_0.70|adaptive_classical,160,0.7,TABLE_READY,COMPLETE_EPOCH_UNKNOWN,All five final results exist; one or more final epochs could not be resolved.,FINAL_5_SEED,5,1|42|48|550|2026,,5,0.8166,0.01517563837207513,5,0.8167947520458358,0.0164825195033525,5,0.8147287578570772,0.014763456757813638,5,0.8133950197069627,0.01526325877650099,5,0.9768797328699719,0.002538606180502671,5,26.92484517097473,27.095724390261996,0,,,0,,,0,,,0,,,0,,,0,,,0,,,0,,,0,,,5,0.0,0.0,81.66 ± 1.52,81.68 ± 1.65,81.47 ± 1.48,81.34 ± 1.53,97.69 ± 0.25
cifar10,II,candidate_160|threshold_0.70|adaptive_ketgpt_qtl,160,0.7,TABLE_READY,COMPLETE_EPOCH_UNKNOWN,All five final results exist; one or more final epochs could not be resolved.,FINAL_5_SEED,5,1|42|48|550|2026,,5,0.8288,0.00825832912882504,5,0.8288246555993265,0.00994275850704408,5,0.8273385081193692,0.00783417798883805,5,0.8266433458812923,0.00910639049772395,5,0.9804978097088426,0.00080092434590853,5,8059.731595087052,2080.185660554077,0,,,0,,,0,,,0,,,0,,,0,,,0,,,0,,,0,,,5,100.0,0.0,82.88 ± 0.83,82.88 ± 0.99,82.73 ± 0.78,82.66 ± 0.91,98.05 ± 0.08
cifar10,II,candidate_160|threshold_0.70|ketgpt_quantum_on_low_conf,160,0.7,TABLE_READY,COMPLETE_EPOCH_UNKNOWN,All five final results exist; one or more final epochs could not be resolved.,FINAL_5_SEED,5,1|42|48|550|2026,,5,0.5964963262183202,0.02956170269598569,5,0.5989289278053567,0.03508161665135621,5,0.5969494470264797,0.028427819149494344,5,0.5916881921539983,0.03053652144155175,5,0.929644953055622,0.005528609297969931,5,8046.45972237587,2093.8505174070406,0,,,0,,,0,,,0,,,0,,,0,,,0,,,0,,,0,,,5,100.0,0.0,59.65 ± 2.96,59.89 ± 3.51,59.69 ± 2.84,59.17 ± 3.05,92.96 ± 0.55
cifar10,II,candidate_160|threshold_0.70|matched_mlp_on_low_conf,160,0.7,TABLE_READY,COMPLETE_EPOCH_UNKNOWN,All five final results exist; one or more final epochs could not be resolved.,FINAL_5_SEED,5,1|42|48|550|2026,,5,0.5546023890841687,0.05066963232314236,5,0.5689264021184559,0.05043838375594583,5,0.5590046914779091,0.051157352567320895,5,0.5520744226737355,0.04954018548355594,5,0.9128782076971245,0.016649863466829874,5,13.65297245979309,13.399338489666663,0,,,0,,,0,,,0,,,0,,,0,,,0,,,0,,,0,,,5,0.0,0.0,55.46 ± 5.07,56.89 ± 5.04,55.90 ± 5.12,55.21 ± 4.95,91.29 ± 1.66
cifar10,II,candidate_160|threshold_0.80|adaptive_classical,160,0.8,TABLE_READY,COMPLETE_EPOCH_UNKNOWN,All five final results exist; one or more final epochs could not be resolved.,FINAL_5_SEED,5,1|42|48|550|2026,,5,0.8076000000000001,0.020767763480933597,5,0.808017563438461,0.0228599244015858,5,0.8056128285455628,0.02034524181764683,5,0.8037387991085007,0.02168177203210702,5,0.9757882132270878,0.00343766727601754,5,26.92484517097473,27.095724390261996,0,,,0,,,0,,,0,,,0,,,0,,,0,,,0,,,0,,,5,0.0,0.0,80.76 ± 2.08,80.80 ± 2.29,80.56 ± 2.03,80.37 ± 2.17,97.58 ± 0.34
cifar10,II,candidate_160|threshold_0.80|adaptive_ketgpt_qtl,160,0.8,TABLE_READY,COMPLETE_EPOCH_UNKNOWN,All five final results exist; one or more final epochs could not be resolved.,FINAL_5_SEED,5,1|42|48|550|2026,,5,0.8272,0.009497368056467021,5,0.8275113724565919,0.009789100129125889,5,0.8257879903041226,0.008837152429498547,5,0.8249436083425333,0.01001121058889718,5,0.98077164573619,0.000855464380377422,5,8059.731595087052,2080.185660554077,0,,,0,,,0,,,0,,,0,,,0,,,0,,,0,,,0,,,5,100.0,0.0,82.72 ± 0.95,82.75 ± 0.98,82.58 ± 0.88,82.49 ± 1.00,98.08 ± 0.09
cifar10,II,candidate_160|threshold_0.80|ketgpt_quantum_on_low_conf,160,0.8,TABLE_READY,COMPLETE_EPOCH_UNKNOWN,All five final results exist; one or more final epochs could not be resolved.,FINAL_5_SEED,5,1|42|48|550|2026,,5,0.6510713202402953,0.037211880882711816,5,0.6584466153715035,0.0417328113506075,5,0.6590893068363,0.03452115839022308,5,0.6524863139845135,0.03711094906924736,5,0.9450533442393965,0.010258666675912872,5,8046.45972237587,2093.8505174070406,0,,,0,,,0,,,0,,,0,,,0,,,0,,,0,,,0,,,5,100.0,0.0,65.11 ± 3.72,65.84 ± 4.17,65.91 ± 3.45,65.25 ± 3.71,94.51 ± 1.03
cifar10,II,candidate_160|threshold_0.80|matched_mlp_on_low_conf,160,0.8,TABLE_READY,COMPLETE_EPOCH_UNKNOWN,All five final results exist; one or more final epochs could not be resolved.,FINAL_5_SEED,5,1|42|48|550|2026,,5,0.6036911540558151,0.06071988294415616,5,0.6176551464398675,0.059893715374405056,5,0.6140091339037121,0.05984821729847332,5,0.6081323468094735,0.059483827418444386,5,0.9285523983441548,0.01672039725222765,5,13.65297245979309,13.399338489666663,0,,,0,,,0,,,0,,,0,,,0,,,0,,,0,,,0,,,5,0.0,0.0,60.37 ± 6.07,61.77 ± 5.99,61.40 ± 5.98,60.81 ± 5.95,92.86 ± 1.67
cifar10,II,candidate_160|threshold_0.90|adaptive_classical,160,0.9,TABLE_READY,COMPLETE_EPOCH_UNKNOWN,All five final results exist; one or more final epochs could not be resolved.,FINAL_5_SEED,5,1|42|48|550|2026,,5,0.7956,0.031173706869732372,5,0.795627432245487,0.034595989740546076,5,0.7940112005043899,0.030437621557284845,5,0.790732081536561,0.034430463191502884,5,0.9739680301610045,0.00534294627090801,5,26.92484517097473,27.095724390261996,0,,,0,,,0,,,0,,,0,,,0,,,0,,,0,,,0,,,5,0.0,0.0,79.56 ± 3.12,79.56 ± 3.46,79.40 ± 3.04,79.07 ± 3.44,97.40 ± 0.53
cifar10,II,candidate_160|threshold_0.90|adaptive_ketgpt_qtl,160,0.9,TABLE_READY,COMPLETE_EPOCH_UNKNOWN,All five final results exist; one or more final epochs could not be resolved.,FINAL_5_SEED,5,1|42|48|550|2026,,5,0.8219999999999998,0.008573214099741095,5,0.8229408123083626,0.009271107856247919,5,0.8207552001719252,0.007979262631752962,5,0.8199889526062878,0.009235451465988758,5,0.9807095697386392,0.0016390447765377556,5,8059.731595087052,2080.185660554077,0,,,0,,,0,,,0,,,0,,,0,,,0,,,0,,,0,,,5,100.0,0.0,82.20 ± 0.86,82.29 ± 0.93,82.08 ± 0.80,82.00 ± 0.92,98.07 ± 0.16
cifar10,II,candidate_160|threshold_0.90|ketgpt_quantum_on_low_conf,160,0.9,TABLE_READY,COMPLETE_EPOCH_UNKNOWN,All five final results exist; one or more final epochs could not be resolved.,FINAL_5_SEED,5,1|42|48|550|2026,,5,0.7216431747023275,0.04824900392851478,5,0.7280494098774802,0.04960656345894593,5,0.7262126422246393,0.044228456623113324,5,0.7234693629525054,0.0464386389567947,5,0.960888599517862,0.010359678109524232,5,8046.45972237587,2093.8505174070406,0,,,0,,,0,,,0,,,0,,,0,,,0,,,0,,,0,,,5,100.0,0.0,72.16 ± 4.82,72.80 ± 4.96,72.62 ± 4.42,72.35 ± 4.64,96.09 ± 1.04
cifar10,II,candidate_160|threshold_0.90|matched_mlp_on_low_conf,160,0.9,TABLE_READY,COMPLETE_EPOCH_UNKNOWN,All five final results exist; one or more final epochs could not be resolved.,FINAL_5_SEED,5,1|42|48|550|2026,,5,0.678837859286847,0.06650807831018837,5,0.6921950676092807,0.06375259545523128,5,0.6875179889114004,0.05834304651625324,5,0.683024257684759,0.061589659594044964,5,0.9468309609037273,0.015102479895091692,5,13.65297245979309,13.399338489666663,0,,,0,,,0,,,0,,,0,,,0,,,0,,,0,,,0,,,5,0.0,0.0,67.88 ± 6.65,69.22 ± 6.38,68.75 ± 5.83,68.30 ± 6.16,94.68 ± 1.51
cifar10,II,candidate_180|threshold_0.70|adaptive_classical,180,0.7,TABLE_READY,COMPLETE_EPOCH_UNKNOWN,All five final results exist; one or more final epochs could not be resolved.,FINAL_5_SEED,5,1|42|48|550|2026,,5,0.8046,0.029082640870457394,5,0.8044260898443213,0.029849814536636453,5,0.8030089756843287,0.02943783186576275,5,0.799684325737718,0.03212761835925039,5,0.9748389740809198,0.004961429878177226,5,26.94541187286377,27.164227244336846,0,,,0,,,0,,,0,,,0,,,0,,,0,,,0,,,0,,,5,0.0,0.0,80.46 ± 2.91,80.44 ± 2.98,80.30 ± 2.94,79.97 ± 3.21,97.48 ± 0.50
cifar10,II,candidate_180|threshold_0.70|adaptive_ketgpt_qtl,180,0.7,TABLE_READY,COMPLETE_EPOCH_UNKNOWN,All five final results exist; one or more final epochs could not be resolved.,FINAL_5_SEED,5,1|42|48|550|2026,,5,0.8048,0.013330416347586417,5,0.8054550603870224,0.01319903938415371,5,0.8034289345554415,0.012756954512424425,5,0.8012328496886886,0.01513461748940808,5,0.9772484258204376,0.0014081029655179007,5,67380.23435368537,18080.718192913784,0,,,0,,,0,,,0,,,0,,,0,,,0,,,0,,,0,,,5,100.0,0.0,80.48 ± 1.33,80.55 ± 1.32,80.34 ± 1.28,80.12 ± 1.51,97.72 ± 0.14
cifar10,II,candidate_180|threshold_0.70|ketgpt_quantum_on_low_conf,180,0.7,TABLE_READY,COMPLETE_EPOCH_UNKNOWN,All five final results exist; one or more final epochs could not be resolved.,FINAL_5_SEED,5,1|42|48|550|2026,,5,0.5629855096055454,0.05423654860930733,5,0.5790121814422806,0.05652654748706867,5,0.5841077693196434,0.05551909737689935,5,0.5685887200468797,0.05571035688680267,5,0.9220402453120169,0.02018197610483185,5,67366.93920965194,18094.450601219563,0,,,0,,,0,,,0,,,0,,,0,,,0,,,0,,,0,,,5,100.0,0.0,56.30 ± 5.42,57.90 ± 5.65,58.41 ± 5.55,56.86 ± 5.57,92.20 ± 2.02
cifar10,II,candidate_180|threshold_0.70|matched_mlp_on_low_conf,180,0.7,TABLE_READY,COMPLETE_EPOCH_UNKNOWN,All five final results exist; one or more final epochs could not be resolved.,FINAL_5_SEED,5,1|42|48|550|2026,,5,0.5668724293949087,0.06305396420919647,5,0.5831938768765925,0.06216924409326709,5,0.5907847392281985,0.06573222707934546,5,0.5741302279090489,0.06442393398485585,5,0.9221822122292611,0.016714456350941004,5,13.650267839431763,13.430557922543173,0,,,0,,,0,,,0,,,0,,,0,,,0,,,0,,,0,,,5,0.0,0.0,56.69 ± 6.31,58.32 ± 6.22,59.08 ± 6.57,57.41 ± 6.44,92.22 ± 1.67
cifar10,II,candidate_180|threshold_0.80|adaptive_classical,180,0.8,TABLE_READY,COMPLETE_EPOCH_UNKNOWN,All five final results exist; one or more final epochs could not be resolved.,FINAL_5_SEED,5,1|42|48|550|2026,,5,0.793,0.03676275288930359,5,0.7912049464111655,0.040869650893972514,5,0.7911820968936978,0.03683828504248966,5,0.7863917001365216,0.043129011263378404,5,0.973739261357011,0.0059574911636116855,5,26.94541187286377,27.164227244336846,0,,,0,,,0,,,0,,,0,,,0,,,0,,,0,,,0,,,5,0.0,0.0,79.30 ± 3.68,79.12 ± 4.09,79.12 ± 3.68,78.64 ± 4.31,97.37 ± 0.60
cifar10,II,candidate_180|threshold_0.80|adaptive_ketgpt_qtl,180,0.8,TABLE_READY,COMPLETE_EPOCH_UNKNOWN,All five final results exist; one or more final epochs could not be resolved.,FINAL_5_SEED,5,1|42|48|550|2026,,5,0.7946000000000001,0.016890825912311076,5,0.7954620344020136,0.016908850920288654,5,0.7933169381203145,0.01635843643555067,5,0.7897601719971459,0.020910543636684445,5,0.976114920044823,0.0016027438594353992,5,67380.23435368537,18080.718192913784,0,,,0,,,0,,,0,,,0,,,0,,,0,,,0,,,0,,,5,100.0,0.0,79.46 ± 1.69,79.55 ± 1.69,79.33 ± 1.64,78.98 ± 2.09,97.61 ± 0.16
cifar10,II,candidate_180|threshold_0.80|ketgpt_quantum_on_low_conf,180,0.8,TABLE_READY,COMPLETE_EPOCH_UNKNOWN,All five final results exist; one or more final epochs could not be resolved.,FINAL_5_SEED,5,1|42|48|550|2026,,5,0.621653040362901,0.07308011532734923,5,0.633910499152248,0.07143932970148467,5,0.6385874750920912,0.0663224014364931,5,0.6254384799986441,0.06831066277555968,5,0.9374082767870785,0.022354231103315216,5,67366.93920965194,18094.450601219563,0,,,0,,,0,,,0,,,0,,,0,,,0,,,0,,,0,,,5,100.0,0.0,62.17 ± 7.31,63.39 ± 7.14,63.86 ± 6.63,62.54 ± 6.83,93.74 ± 2.24
cifar10,II,candidate_180|threshold_0.80|matched_mlp_on_low_conf,180,0.8,TABLE_READY,COMPLETE_EPOCH_UNKNOWN,All five final results exist; one or more final epochs could not be resolved.,FINAL_5_SEED,5,1|42|48|550|2026,,5,0.6216311877968103,0.07859990144819239,5,0.632123389440238,0.07359937341760342,5,0.6376843411400056,0.0763861966767154,5,0.6255134037602241,0.07584510699189609,5,0.9374707518904366,0.017432935098615286,5,13.650267839431763,13.430557922543173,0,,,0,,,0,,,0,,,0,,,0,,,0,,,0,,,0,,,5,0.0,0.0,62.16 ± 7.86,63.21 ± 7.36,63.77 ± 7.64,62.55 ± 7.58,93.75 ± 1.74
cifar10,II,candidate_180|threshold_0.90|adaptive_classical,180,0.9,TABLE_READY,COMPLETE_EPOCH_UNKNOWN,All five final results exist; one or more final epochs could not be resolved.,FINAL_5_SEED,5,1|42|48|550|2026,,5,0.7878000000000001,0.03623120202256614,5,0.786232839765399,0.04036929176918657,5,0.7859564040717061,0.036324494645676136,5,0.7812018612632434,0.042329956117260856,5,0.9724776453948085,0.007130387624651685,5,26.94541187286377,27.164227244336846,0,,,0,,,0,,,0,,,0,,,0,,,0,,,0,,,0,,,5,0.0,0.0,78.78 ± 3.62,78.62 ± 4.04,78.60 ± 3.63,78.12 ± 4.23,97.25 ± 0.71
cifar10,II,candidate_180|threshold_0.90|adaptive_ketgpt_qtl,180,0.9,TABLE_READY,COMPLETE_EPOCH_UNKNOWN,All five final results exist; one or more final epochs could not be resolved.,FINAL_5_SEED,5,1|42|48|550|2026,,5,0.7876000000000001,0.015043270920913458,5,0.7889372505489083,0.015251705879638247,5,0.78625591642005,0.014686027978826292,5,0.7826992015995525,0.01857243140154094,5,0.9742869174745994,0.0015509859277225324,5,67380.23435368537,18080.718192913784,0,,,0,,,0,,,0,,,0,,,0,,,0,,,0,,,0,,,5,100.0,0.0,78.76 ± 1.50,78.89 ± 1.53,78.63 ± 1.47,78.27 ± 1.86,97.43 ± 0.16
cifar10,II,candidate_180|threshold_0.90|ketgpt_quantum_on_low_conf,180,0.9,TABLE_READY,COMPLETE_EPOCH_UNKNOWN,All five final results exist; one or more final epochs could not be resolved.,FINAL_5_SEED,5,1|42|48|550|2026,,5,0.7055070264191692,0.07178776587196489,5,0.7093523368204913,0.06754655149452686,5,0.7130020510848186,0.0636780662033778,5,0.7037751236480405,0.06507785983250211,5,0.9553726086756896,0.018441644941016126,5,67366.93920965194,18094.450601219563,0,,,0,,,0,,,0,,,0,,,0,,,0,,,0,,,0,,,5,100.0,0.0,70.55 ± 7.18,70.94 ± 6.75,71.30 ± 6.37,70.38 ± 6.51,95.54 ± 1.84
cifar10,II,candidate_180|threshold_0.90|matched_mlp_on_low_conf,180,0.9,TABLE_READY,COMPLETE_EPOCH_UNKNOWN,All five final results exist; one or more final epochs could not be resolved.,FINAL_5_SEED,5,1|42|48|550|2026,,5,0.7085668152245302,0.06934080745583282,5,0.7100293724781466,0.06151456029161232,5,0.7115099728639631,0.06255352924446668,5,0.7042343896516646,0.062087373397622894,5,0.9554277717207537,0.014247969344297319,5,13.650267839431763,13.430557922543173,0,,,0,,,0,,,0,,,0,,,0,,,0,,,0,,,0,,,5,0.0,0.0,70.86 ± 6.93,71.00 ± 6.15,71.15 ± 6.26,70.42 ± 6.21,95.54 ± 1.42
kmnist,II,candidate_160|threshold_0.70|adaptive_classical,160,0.7,TABLE_READY,COMPLETE_EPOCH_UNKNOWN,All five final results exist; one or more final epochs could not be resolved.,FINAL_5_SEED,5,1|42|48|550|2026,,5,0.6638,0.03612755181298618,5,0.6883371660307842,0.02339469110234267,5,0.6669425550303252,0.035042560948934785,5,0.6641469591351206,0.03592432963239802,5,0.9251303469736374,0.0076520833984419475,5,23.865671491622926,22.721229353690784,0,,,0,,,0,,,0,,,0,,,0,,,0,,,0,,,0,,,5,0.0,0.0,66.38 ± 3.61,68.83 ± 2.34,66.69 ± 3.50,66.41 ± 3.59,92.51 ± 0.77
kmnist,II,candidate_160|threshold_0.70|adaptive_ketgpt_qtl,160,0.7,TABLE_READY,COMPLETE_EPOCH_UNKNOWN,All five final results exist; one or more final epochs could not be resolved.,FINAL_5_SEED,5,1|42|48|550|2026,,5,0.6716,0.04220544988505629,5,0.6929088500257381,0.038819726349249246,5,0.6746339947284642,0.04105677046252588,5,0.6700489909095684,0.04043018891900261,5,0.9317722459996828,0.013186582490939293,5,8267.394487333298,2160.805739234528,0,,,0,,,0,,,0,,,0,,,0,,,0,,,0,,,0,,,5,100.0,0.0,67.16 ± 4.22,69.29 ± 3.88,67.46 ± 4.11,67.00 ± 4.04,93.18 ± 1.32
kmnist,II,candidate_160|threshold_0.70|ketgpt_quantum_on_low_conf,160,0.7,TABLE_READY,COMPLETE_EPOCH_UNKNOWN,All five final results exist; one or more final epochs could not be resolved.,FINAL_5_SEED,5,1|42|48|550|2026,,5,0.5164460099417959,0.02070528283890647,5,0.5322444059805934,0.014099861690848507,5,0.5171044993266865,0.017148032022588078,5,0.5003507861039329,0.012787637972908853,5,0.8842119591849794,0.009937223300306093,5,8255.666405630112,2172.1884474203225,0,,,0,,,0,,,0,,,0,,,0,,,0,,,0,,,0,,,5,100.0,0.0,51.64 ± 2.07,53.22 ± 1.41,51.71 ± 1.71,50.04 ± 1.28,88.42 ± 0.99
kmnist,II,candidate_160|threshold_0.70|matched_mlp_on_low_conf,160,0.7,TABLE_READY,COMPLETE_EPOCH_UNKNOWN,All five final results exist; one or more final epochs could not be resolved.,FINAL_5_SEED,5,1|42|48|550|2026,,5,0.5011582186057626,0.018068591526417016,5,0.5258944263438143,0.0405636362994727,5,0.5014540905178816,0.02679629684671646,5,0.4897912175057508,0.031095695784292485,5,0.8697520351911662,0.009114197318297306,5,12.13758978843689,11.219865079757373,0,,,0,,,0,,,0,,,0,,,0,,,0,,,0,,,0,,,5,0.0,0.0,50.12 ± 1.81,52.59 ± 4.06,50.15 ± 2.68,48.98 ± 3.11,86.98 ± 0.91
kmnist,II,candidate_160|threshold_0.80|adaptive_classical,160,0.8,TABLE_READY,COMPLETE_EPOCH_UNKNOWN,All five final results exist; one or more final epochs could not be resolved.,FINAL_5_SEED,5,1|42|48|550|2026,,5,0.6538,0.03136399209284433,5,0.6799899190228809,0.021075466730851627,5,0.6570163115243148,0.03056708050669352,5,0.6544316975905987,0.0316101423119352,5,0.9241210399287821,0.007698020028665263,5,23.865671491622926,22.721229353690784,0,,,0,,,0,,,0,,,0,,,0,,,0,,,0,,,0,,,5,0.0,0.0,65.38 ± 3.14,68.00 ± 2.11,65.70 ± 3.06,65.44 ± 3.16,92.41 ± 0.77
kmnist,II,candidate_160|threshold_0.80|adaptive_ketgpt_qtl,160,0.8,TABLE_READY,COMPLETE_EPOCH_UNKNOWN,All five final results exist; one or more final epochs could not be resolved.,FINAL_5_SEED,5,1|42|48|550|2026,,5,0.6685999999999999,0.0402094516252087,5,0.6901373606498233,0.03705986819335377,5,0.6716371791689416,0.03901719636620542,5,0.6670594352679706,0.038400190187466085,5,0.931506439543669,0.013901508057637926,5,8267.394487333298,2160.805739234528,0,,,0,,,0,,,0,,,0,,,0,,,0,,,0,,,0,,,5,100.0,0.0,66.86 ± 4.02,69.01 ± 3.71,67.16 ± 3.90,66.71 ± 3.84,93.15 ± 1.39
kmnist,II,candidate_160|threshold_0.80|ketgpt_quantum_on_low_conf,160,0.8,TABLE_READY,COMPLETE_EPOCH_UNKNOWN,All five final results exist; one or more final epochs could not be resolved.,FINAL_5_SEED,5,1|42|48|550|2026,,5,0.5658652796315996,0.012837810455675738,5,0.58353615844626,0.011232863389113038,5,0.5640909961323496,0.011800320566267512,5,0.5526083526043338,0.012016750621250438,5,0.8979134800696583,0.007626475860798253,5,8255.666405630112,2172.1884474203225,0,,,0,,,0,,,0,,,0,,,0,,,0,,,0,,,0,,,5,100.0,0.0,56.59 ± 1.28,58.35 ± 1.12,56.41 ± 1.18,55.26 ± 1.20,89.79 ± 0.76
kmnist,II,candidate_160|threshold_0.80|matched_mlp_on_low_conf,160,0.8,TABLE_READY,COMPLETE_EPOCH_UNKNOWN,All five final results exist; one or more final epochs could not be resolved.,FINAL_5_SEED,5,1|42|48|550|2026,,5,0.5434850638203726,0.022460979180138646,5,0.5674564575723002,0.0400966524735666,5,0.5405699839338963,0.02547507326772547,5,0.5326037120627928,0.029170496652670286,5,0.8846856870237948,0.008819120750004584,5,12.13758978843689,11.219865079757373,0,,,0,,,0,,,0,,,0,,,0,,,0,,,0,,,0,,,5,0.0,0.0,54.35 ± 2.25,56.75 ± 4.01,54.06 ± 2.55,53.26 ± 2.92,88.47 ± 0.88
kmnist,II,candidate_160|threshold_0.90|adaptive_classical,160,0.9,TABLE_READY,COMPLETE_EPOCH_UNKNOWN,All five final results exist; one or more final epochs could not be resolved.,FINAL_5_SEED,5,1|42|48|550|2026,,5,0.6456,0.025343638254994114,5,0.6734099749111261,0.01722248249480396,5,0.6490334200209238,0.024726635382986927,5,0.6464787821058019,0.026090817931989967,5,0.9224812240307146,0.006883766841087476,5,23.865671491622926,22.721229353690784,0,,,0,,,0,,,0,,,0,,,0,,,0,,,0,,,0,,,5,0.0,0.0,64.56 ± 2.53,67.34 ± 1.72,64.90 ± 2.47,64.65 ± 2.61,92.25 ± 0.69
kmnist,II,candidate_160|threshold_0.90|adaptive_ketgpt_qtl,160,0.9,TABLE_READY,COMPLETE_EPOCH_UNKNOWN,All five final results exist; one or more final epochs could not be resolved.,FINAL_5_SEED,5,1|42|48|550|2026,,5,0.6646,0.0380302511167097,5,0.686785363597232,0.035664737015442906,5,0.6675873298883837,0.03686789014544396,5,0.6631707668788017,0.036430304900318344,5,0.930885569743978,0.014092085113183632,5,8267.394487333298,2160.805739234528,0,,,0,,,0,,,0,,,0,,,0,,,0,,,0,,,0,,,5,100.0,0.0,66.46 ± 3.80,68.68 ± 3.57,66.76 ± 3.69,66.32 ± 3.64,93.09 ± 1.41
kmnist,II,candidate_160|threshold_0.90|ketgpt_quantum_on_low_conf,160,0.9,TABLE_READY,COMPLETE_EPOCH_UNKNOWN,All five final results exist; one or more final epochs could not be resolved.,FINAL_5_SEED,5,1|42|48|550|2026,,5,0.6223614281264183,0.01404386723666867,5,0.641617252647669,0.01256857682305058,5,0.6209890114191645,0.013773601739965299,5,0.613962361976551,0.012976958601947317,5,0.9158190401563087,0.006667524033562298,5,8255.666405630112,2172.1884474203225,0,,,0,,,0,,,0,,,0,,,0,,,0,,,0,,,0,,,5,100.0,0.0,62.24 ± 1.40,64.16 ± 1.26,62.10 ± 1.38,61.40 ± 1.30,91.58 ± 0.67
kmnist,II,candidate_160|threshold_0.90|matched_mlp_on_low_conf,160,0.9,TABLE_READY,COMPLETE_EPOCH_UNKNOWN,All five final results exist; one or more final epochs could not be resolved.,FINAL_5_SEED,5,1|42|48|550|2026,,5,0.5994188590954317,0.01595705521124834,5,0.6236265774121124,0.02937667627155003,5,0.5964845775336063,0.01881416042874974,5,0.5923343266830216,0.02109140512118858,5,0.9044576577976937,0.007760720416934219,5,12.13758978843689,11.219865079757373,0,,,0,,,0,,,0,,,0,,,0,,,0,,,0,,,0,,,5,0.0,0.0,59.94 ± 1.60,62.36 ± 2.94,59.65 ± 1.88,59.23 ± 2.11,90.45 ± 0.78
svhn,II,candidate_160|threshold_0.70|adaptive_classical,160,0.7,TABLE_READY,COMPLETE_EPOCH_UNKNOWN,All five final results exist; one or more final epochs could not be resolved.,FINAL_5_SEED,5,1|42|48|550|2026,,5,0.46159999999999995,0.017052858997833757,5,0.46425003594076786,0.03297229667557554,5,0.4062394542832236,0.02444767349041131,5,0.3973485682963117,0.023460480652634556,5,0.8572157210201375,0.006943241611770923,5,24.588806867599487,23.530025274430635,0,,,0,,,0,,,0,,,0,,,0,,,0,,,0,,,0,,,5,0.0,0.0,46.16 ± 1.71,46.43 ± 3.30,40.62 ± 2.44,39.73 ± 2.35,85.72 ± 0.69
svhn,II,candidate_160|threshold_0.70|adaptive_ketgpt_qtl,160,0.7,TABLE_READY,COMPLETE_EPOCH_UNKNOWN,All five final results exist; one or more final epochs could not be resolved.,FINAL_5_SEED,5,1|42|48|550|2026,,5,0.472,0.043081318457076044,5,0.4449636268331097,0.06773918550828628,5,0.4184665509836756,0.057951140063412405,5,0.40693593240969433,0.06671728698714209,5,0.8595932697142498,0.01954051232966469,5,8865.387374401093,1692.4312050612662,0,,,0,,,0,,,0,,,0,,,0,,,0,,,0,,,0,,,5,100.0,0.0,47.20 ± 4.31,44.50 ± 6.77,41.85 ± 5.80,40.69 ± 6.67,85.96 ± 1.95
svhn,II,candidate_160|threshold_0.70|ketgpt_quantum_on_low_conf,160,0.7,TABLE_READY,COMPLETE_EPOCH_UNKNOWN,All five final results exist; one or more final epochs could not be resolved.,FINAL_5_SEED,5,1|42|48|550|2026,,5,0.4090151293888272,0.03693173642895057,5,0.4058786466098532,0.06586080395981644,5,0.3879499852983206,0.05103679353466947,5,0.37297675535000063,0.061915150243898605,5,0.8361804125738402,0.017481049660946983,5,8853.214136123657,1702.478389275644,0,,,0,,,0,,,0,,,0,,,0,,,0,,,0,,,0,,,5,100.0,0.0,40.90 ± 3.69,40.59 ± 6.59,38.79 ± 5.10,37.30 ± 6.19,83.62 ± 1.75
svhn,II,candidate_160|threshold_0.70|matched_mlp_on_low_conf,160,0.7,TABLE_READY,COMPLETE_EPOCH_UNKNOWN,All five final results exist; one or more final epochs could not be resolved.,FINAL_5_SEED,5,1|42|48|550|2026,,5,0.395560919979101,0.03207460914705248,5,0.40928103950166805,0.034747443661073046,5,0.3732843527637135,0.033065009428268156,5,0.36075887966819886,0.03312182444565393,5,0.8328615316761729,0.014610163388350634,5,12.415568590164185,11.511538270222843,0,,,0,,,0,,,0,,,0,,,0,,,0,,,0,,,0,,,5,0.0,0.0,39.56 ± 3.21,40.93 ± 3.47,37.33 ± 3.31,36.08 ± 3.31,83.29 ± 1.46
svhn,II,candidate_160|threshold_0.80|adaptive_classical,160,0.8,TABLE_READY,COMPLETE_EPOCH_UNKNOWN,All five final results exist; one or more final epochs could not be resolved.,FINAL_5_SEED,5,1|42|48|550|2026,,5,0.45940000000000003,0.017657859439920792,5,0.4422845267945263,0.038695060225146884,5,0.40403492193728247,0.025272894523084292,5,0.39392347865952776,0.024861164465360117,5,0.8565977010178474,0.007524229303583372,5,24.588806867599487,23.530025274430635,0,,,0,,,0,,,0,,,0,,,0,,,0,,,0,,,0,,,5,0.0,0.0,45.94 ± 1.77,44.23 ± 3.87,40.40 ± 2.53,39.39 ± 2.49,85.66 ± 0.75
svhn,II,candidate_160|threshold_0.80|adaptive_ketgpt_qtl,160,0.8,TABLE_READY,COMPLETE_EPOCH_UNKNOWN,All five final results exist; one or more final epochs could not be resolved.,FINAL_5_SEED,5,1|42|48|550|2026,,5,0.47059999999999996,0.04329318653090808,5,0.4410747417697011,0.06953864077315923,5,0.4168741609029706,0.05857780970250821,5,0.4047790777716743,0.06780345157507202,5,0.8587571780904215,0.020358670303918528,5,8865.387374401093,1692.4312050612662,0,,,0,,,0,,,0,,,0,,,0,,,0,,,0,,,0,,,5,100.0,0.0,47.06 ± 4.33,44.11 ± 6.95,41.69 ± 5.86,40.48 ± 6.78,85.88 ± 2.04
svhn,II,candidate_160|threshold_0.80|ketgpt_quantum_on_low_conf,160,0.8,TABLE_READY,COMPLETE_EPOCH_UNKNOWN,All five final results exist; one or more final epochs could not be resolved.,FINAL_5_SEED,5,1|42|48|550|2026,,5,0.4319679517977407,0.03608481946003798,5,0.4239493375234944,0.06399256733899397,5,0.4019066952066134,0.05148381319500135,5,0.38818760228606647,0.06171992693419363,5,0.844233531301486,0.017534789340671618,5,8853.214136123657,1702.478389275644,0,,,0,,,0,,,0,,,0,,,0,,,0,,,0,,,0,,,5,100.0,0.0,43.20 ± 3.61,42.39 ± 6.40,40.19 ± 5.15,38.82 ± 6.17,84.42 ± 1.75
svhn,II,candidate_160|threshold_0.80|matched_mlp_on_low_conf,160,0.8,TABLE_READY,COMPLETE_EPOCH_UNKNOWN,All five final results exist; one or more final epochs could not be resolved.,FINAL_5_SEED,5,1|42|48|550|2026,,5,0.41891800372726673,0.02759117963033691,5,0.42454600415462285,0.03465549053873516,5,0.38850210616137415,0.02897804054530073,5,0.3766786376457091,0.029103259209473962,5,0.841553325968348,0.012986603132448715,5,12.415568590164185,11.511538270222843,0,,,0,,,0,,,0,,,0,,,0,,,0,,,0,,,0,,,5,0.0,0.0,41.89 ± 2.76,42.45 ± 3.47,38.85 ± 2.90,37.67 ± 2.91,84.16 ± 1.30
svhn,II,candidate_160|threshold_0.90|adaptive_classical,160,0.9,TABLE_READY,COMPLETE_EPOCH_UNKNOWN,All five final results exist; one or more final epochs could not be resolved.,FINAL_5_SEED,5,1|42|48|550|2026,,5,0.45919999999999994,0.017584083712266607,5,0.4421719747416374,0.038660108693217,5,0.4039268138291744,0.025216032293794904,5,0.3938048458077306,0.02478516088365771,5,0.8555605934159131,0.008406153626119281,5,24.588806867599487,23.530025274430635,0,,,0,,,0,,,0,,,0,,,0,,,0,,,0,,,0,,,5,0.0,0.0,45.92 ± 1.76,44.22 ± 3.87,40.39 ± 2.52,39.38 ± 2.48,85.56 ± 0.84
svhn,II,candidate_160|threshold_0.90|adaptive_ketgpt_qtl,160,0.9,TABLE_READY,COMPLETE_EPOCH_UNKNOWN,All five final results exist; one or more final epochs could not be resolved.,FINAL_5_SEED,5,1|42|48|550|2026,,5,0.4704,0.04346607872813006,5,0.44095762990091175,0.0696238073548436,5,0.4167660527948625,0.058665239474584366,5,0.40467085044715656,0.06790932293740995,5,0.857970852215221,0.021137384841100067,5,8865.387374401093,1692.4312050612662,0,,,0,,,0,,,0,,,0,,,0,,,0,,,0,,,0,,,5,100.0,0.0,47.04 ± 4.35,44.10 ± 6.96,41.68 ± 5.87,40.47 ± 6.79,85.80 ± 2.11
svhn,II,candidate_160|threshold_0.90|ketgpt_quantum_on_low_conf,160,0.9,TABLE_READY,COMPLETE_EPOCH_UNKNOWN,All five final results exist; one or more final epochs could not be resolved.,FINAL_5_SEED,5,1|42|48|550|2026,,5,0.4569756044895021,0.03687276837808212,5,0.4358302201454287,0.06693525028865104,5,0.4123282637708815,0.05607104318812508,5,0.3998055398338788,0.06522478364500718,5,0.8530006035485078,0.018642357721129762,5,8853.214136123657,1702.478389275644,0,,,0,,,0,,,0,,,0,,,0,,,0,,,0,,,0,,,5,100.0,0.0,45.70 ± 3.69,43.58 ± 6.69,41.23 ± 5.61,39.98 ± 6.52,85.30 ± 1.86
svhn,II,candidate_160|threshold_0.90|matched_mlp_on_low_conf,160,0.9,TABLE_READY,COMPLETE_EPOCH_UNKNOWN,All five final results exist; one or more final epochs could not be resolved.,FINAL_5_SEED,5,1|42|48|550|2026,,5,0.44498667167043493,0.01947261421463364,5,0.4371205917717605,0.03659754622014995,5,0.39968594261641605,0.025294693560790428,5,0.3889355733368869,0.025185039830777994,5,0.8502438633263549,0.010306749573600919,5,12.415568590164185,11.511538270222843,0,,,0,,,0,,,0,,,0,,,0,,,0,,,0,,,0,,,5,0.0,0.0,44.50 ± 1.95,43.71 ± 3.66,39.97 ± 2.53,38.89 ± 2.52,85.02 ± 1.03
