dataset,method,training_protocol,n_final_seeds,accuracy_entry,precision_macro_entry,recall_macro_entry,f1_macro_entry,auc_ovr_macro_entry,train_time_hours_entry
cifar10,classical/linear,FLASHJT_ASSISTED,5,81.78 ± 0.82,81.87 ± 0.86,81.62 ± 0.81,81.51 ± 0.81,98.04 ± 0.15,0.00 ± 0.00
cifar10,classical/matched_mlp,HYBRID_FULL_FLASHJT,5,79.78 ± 2.17,80.17 ± 2.08,79.53 ± 2.30,79.54 ± 2.27,97.39 ± 0.23,0.00 ± 0.00
cifar10,ketgpt/candidate_160,FLASHJT_ASSISTED,5,80.94 ± 0.89,81.07 ± 0.81,80.80 ± 0.92,80.77 ± 0.86,97.79 ± 0.23,2.22 ± 0.57
cifar10,ketgpt/candidate_180,EARLY_FINAL_REVIEW,5,79.83 ± 1.16,80.01 ± 1.07,79.55 ± 1.18,79.50 ± 1.15,97.47 ± 0.31,22.13 ± 0.16
cifar10,standard_qtl/q4_d1,FULL_TRAINING,5,39.46 ± 7.80,33.81 ± 9.70,38.72 ± 8.18,30.82 ± 8.98,86.17 ± 2.70,1.69 ± 0.06
cifar10,standard_qtl/q4_d2,FULL_TRAINING,5,42.98 ± 3.95,42.29 ± 5.88,41.92 ± 4.07,35.66 ± 6.19,88.49 ± 2.16,3.81 ± 0.53
cifar10,standard_qtl/q6_d1,HYBRID_EARLY_FINAL_REVIEW,5,46.60 ± 1.63,43.56 ± 4.18,46.05 ± 2.20,39.82 ± 2.72,88.84 ± 1.02,3.38 ± 0.17
cifar10,standard_qtl/q6_d2,HYBRID_FULL_FLASHJT,5,59.76 ± 4.39,57.23 ± 5.07,58.91 ± 4.85,55.39 ± 5.63,92.73 ± 0.90,7.98 ± 1.59
cifar10,standard_qtl/q8_d1,FULL_TRAINING,5,53.14 ± 7.31,47.12 ± 13.46,51.91 ± 7.67,45.74 ± 10.23,91.42 ± 1.90,5.96 ± 0.05
kmnist,classical/linear,FULL_TRAINING,5,71.20 ± 2.05,72.97 ± 1.46,71.30 ± 1.97,71.13 ± 1.89,94.28 ± 0.58,0.00 ± 0.00
kmnist,classical/matched_mlp,FULL_TRAINING,5,67.94 ± 1.76,70.29 ± 1.16,68.00 ± 1.84,67.83 ± 1.75,93.13 ± 0.70,0.00 ± 0.00
kmnist,standard_qtl/q4_d1,HYBRID_EARLY_FINAL_REVIEW,5,32.26 ± 6.02,28.44 ± 7.97,32.49 ± 5.92,27.29 ± 6.23,79.41 ± 3.53,1.57 ± 0.22
kmnist,standard_qtl/q4_d2,FULL_TRAINING,5,35.72 ± 3.59,33.66 ± 5.70,35.71 ± 3.63,31.73 ± 4.28,82.67 ± 2.17,3.67 ± 0.64
kmnist,standard_qtl/q6_d1,FULL_TRAINING,5,33.74 ± 2.27,33.37 ± 4.87,33.81 ± 2.33,30.11 ± 2.82,81.37 ± 0.84,3.46 ± 0.03
kmnist,standard_qtl/q8_d1,FULL_TRAINING,5,37.64 ± 2.47,38.84 ± 3.86,37.83 ± 2.25,34.69 ± 2.12,80.97 ± 1.95,5.96 ± 0.06
svhn,classical/linear,FULL_TRAINING,5,50.20 ± 1.22,49.49 ± 1.62,45.80 ± 1.14,46.19 ± 1.74,87.50 ± 0.19,0.00 ± 0.00
svhn,classical/matched_mlp,FULL_TRAINING,5,46.26 ± 2.08,45.23 ± 3.31,42.31 ± 2.87,41.76 ± 3.24,86.02 ± 0.79,0.00 ± 0.00
svhn,standard_qtl/q4_d1,FULL_TRAINING,5,32.76 ± 3.13,20.09 ± 5.26,23.45 ± 2.90,17.04 ± 2.84,76.33 ± 2.38,1.49 ± 0.22
svhn,standard_qtl/q4_d2,HYBRID_EARLY_FINAL_REVIEW,5,32.82 ± 6.09,20.38 ± 2.94,23.96 ± 4.88,18.67 ± 6.34,76.11 ± 4.75,3.96 ± 0.20
svhn,standard_qtl/q6_d1,FULL_TRAINING,5,31.32 ± 2.40,17.83 ± 4.18,22.27 ± 1.89,16.99 ± 1.88,75.59 ± 2.38,3.27 ± 0.45
svhn,standard_qtl/q8_d1,FULL_TRAINING,5,32.52 ± 2.44,16.60 ± 3.94,24.32 ± 2.72,18.90 ± 3.12,75.99 ± 1.54,5.55 ± 0.76
