dataset,method,readiness,training_protocol,protocol_documentation,n_final_seeds,available_final_seeds,missing_final_seeds,seed_epoch_progress,accuracy_entry,precision_macro_entry,recall_macro_entry,f1_macro_entry,auc_ovr_macro_entry,train_time_hours_entry,train_time_hours_mean,train_time_hours_std
cifar10,classical/linear,TABLE_READY,FLASHJT_ASSISTED,All five seeds are final; seeds 550 and 2026 terminated at the FlashJT validation point.,5,1|42|48|550|2026,,1:10F;42:10F;48:10F;550:6F;2026:6F,81.78 ± 0.82,81.87 ± 0.86,81.62 ± 0.81,81.51 ± 0.81,98.04 ± 0.15,0.00 ± 0.00,0.0037169832918379,0.0038398410921105
cifar10,classical/matched_mlp,TABLE_READY,HYBRID_FULL_FLASHJT,All five seeds are final; one assisted run used the FlashJT stop while another continued to epoch 10.,5,1|42|48|550|2026,,1:10F;42:10F;48:10F;550:10F;2026:6F,79.78 ± 2.17,80.17 ± 2.08,79.53 ± 2.30,79.54 ± 2.27,97.39 ± 0.23,0.00 ± 0.00,0.0039008303483327,0.0038657686338412
cifar10,ketgpt/candidate_160,TABLE_READY,FLASHJT_ASSISTED,All five seeds are final; seeds 550 and 2026 terminated at the FlashJT validation point.,5,1|42|48|550|2026,,1:10F;42:10F;48:10F;550:6F;2026:6F,80.94 ± 0.89,81.07 ± 0.81,80.80 ± 0.92,80.77 ± 0.86,97.79 ± 0.23,2.22 ± 0.57,2.2208111942609152,0.5742776589144468
cifar10,ketgpt/candidate_180,TABLE_READY,EARLY_FINAL_REVIEW,"All five seeds are final, but an assisted seed ended between epochs 7 and 9; review stopping provenance.",5,1|42|48|550|2026,,1:10F;42:10F;48:10F;550:5F;2026:5F,79.83 ± 1.16,80.01 ± 1.07,79.55 ± 1.18,79.50 ± 1.15,97.47 ± 0.31,22.13 ± 0.16,22.132073920898968,0.1595066306985299
cifar10,standard_qtl/q4_d1,TABLE_READY,FULL_TRAINING,All five seeds have final results and both assisted seeds reached epoch 10.,5,1|42|48|550|2026,,1:10F;42:10F;48:10F;550:10F;2026:10F,39.46 ± 7.80,33.81 ± 9.70,38.72 ± 8.18,30.82 ± 8.98,86.17 ± 2.70,1.69 ± 0.06,1.687005448102951,0.0577930386947257
cifar10,standard_qtl/q4_d2,TABLE_READY,FULL_TRAINING,All five seeds have final results and both assisted seeds reached epoch 10.,5,1|42|48|550|2026,,1:10F;42:10F;48:10F;550:10F;2026:10F,42.98 ± 3.95,42.29 ± 5.88,41.92 ± 4.07,35.66 ± 6.19,88.49 ± 2.16,3.81 ± 0.53,3.810563257680999,0.5261371635868469
cifar10,standard_qtl/q4_d4,PROVISIONAL_ONLY,INCOMPLETE,Provisional aggregate over currently available final seed results only; do not use as a final paper-table value.,4,1|42|48|550,2026,1:10F;42:10F;48:10F;550:10F;2026:NAR,57.90 ± 7.70,57.32 ± 8.16,57.61 ± 7.62,54.26 ± 9.33,92.24 ± 2.11,11.74 ± 0.15,11.737067391839291,0.1530602826719412
cifar10,standard_qtl/q6_d1,TABLE_READY,HYBRID_EARLY_FINAL_REVIEW,"All five seeds are final, but at least one assisted seed ended at an unusual epoch.",5,1|42|48|550|2026,,1:10F;42:10F;48:10F;550:9F;2026:10F,46.60 ± 1.63,43.56 ± 4.18,46.05 ± 2.20,39.82 ± 2.72,88.84 ± 1.02,3.38 ± 0.17,3.381050710029072,0.1654982870603101
cifar10,standard_qtl/q6_d2,TABLE_READY,HYBRID_FULL_FLASHJT,All five seeds are final; one assisted run used the FlashJT stop while another continued to epoch 10.,5,1|42|48|550|2026,,1:10F;42:10F;48:10F;550:10F;2026:6F,59.76 ± 4.39,57.23 ± 5.07,58.91 ± 4.85,55.39 ± 5.63,92.73 ± 0.90,7.98 ± 1.59,7.978828596909842,1.5922280539004627
cifar10,standard_qtl/q6_d4,PROVISIONAL_ONLY,INCOMPLETE,Provisional aggregate over currently available final seed results only; do not use as a final paper-table value.,3,1|42|48,550|2026,1:10F;42:10F;48:10F;550:NAR;2026:NAR,64.93 ± 4.32,64.38 ± 4.96,65.03 ± 4.03,62.40 ± 5.17,93.87 ± 0.89,26.19 ± 0.25,26.187955652210448,0.2511973647207058
cifar10,standard_qtl/q8_d1,TABLE_READY,FULL_TRAINING,All five seeds have final results and both assisted seeds reached epoch 10.,5,1|42|48|550|2026,,1:10F;42:10F;48:10F;550:10F;2026:10F,53.14 ± 7.31,47.12 ± 13.46,51.91 ± 7.67,45.74 ± 10.23,91.42 ± 1.90,5.96 ± 0.05,5.959917462017801,0.0524487656053978
cifar10,standard_qtl/q8_d2,PROVISIONAL_ONLY,INCOMPLETE,Provisional aggregate over currently available final seed results only; do not use as a final paper-table value.,3,1|42|48,550|2026,1:10F;42:10F;48:10F;550:NAR;2026:NAR,61.77 ± 10.47,60.95 ± 12.82,61.27 ± 11.00,58.56 ± 13.22,93.41 ± 2.72,15.18 ± 0.14,15.181776943206788,0.1448995169371386
kmnist,classical/linear,TABLE_READY,FULL_TRAINING,All five seeds have final results and both assisted seeds reached epoch 10.,5,1|42|48|550|2026,,1:10F;42:10F;48:10F;550:10F;2026:10F,71.20 ± 2.05,72.97 ± 1.46,71.30 ± 1.97,71.13 ± 1.89,94.28 ± 0.58,0.00 ± 0.00,0.0019203060732947,0.0013638607696111
kmnist,classical/matched_mlp,TABLE_READY,FULL_TRAINING,All five seeds have final results and both assisted seeds reached epoch 10.,5,1|42|48|550|2026,,1:10F;42:10F;48:10F;550:10F;2026:10F,67.94 ± 1.76,70.29 ± 1.16,68.00 ± 1.84,67.83 ± 1.75,93.13 ± 0.70,0.00 ± 0.00,0.0020635693073272,0.001330827614478
kmnist,ketgpt/candidate_160,PROVISIONAL_ONLY,INCOMPLETE,Provisional aggregate over currently available final seed results only; do not use as a final paper-table value.,0,,1|42|48|550|2026,1:10R;42:10R;48:10R;550:6R;2026:6R,,,,,,,,
kmnist,ketgpt/candidate_180,PROVISIONAL_ONLY,INCOMPLETE,Provisional aggregate over currently available final seed results only; do not use as a final paper-table value.,0,,1|42|48|550|2026,1:10R;42:2R;48:NAR;550:NAR;2026:NAR,,,,,,,,
kmnist,standard_qtl/q4_d1,TABLE_READY,HYBRID_EARLY_FINAL_REVIEW,"All five seeds are final, but at least one assisted seed ended at an unusual epoch.",5,1|42|48|550|2026,,1:10F;42:10F;48:10F;550:10F;2026:9F,32.26 ± 6.02,28.44 ± 7.97,32.49 ± 5.92,27.29 ± 6.23,79.41 ± 3.53,1.57 ± 0.22,1.5654554378588996,0.2185914537131358
kmnist,standard_qtl/q4_d2,TABLE_READY,FULL_TRAINING,All five seeds have final results and both assisted seeds reached epoch 10.,5,1|42|48|550|2026,,1:10F;42:10F;48:10F;550:10F;2026:10F,35.72 ± 3.59,33.66 ± 5.70,35.71 ± 3.63,31.73 ± 4.28,82.67 ± 2.17,3.67 ± 0.64,3.674548785289129,0.6442456936958441
kmnist,standard_qtl/q4_d4,PROVISIONAL_ONLY,INCOMPLETE,Provisional aggregate over currently available final seed results only; do not use as a final paper-table value.,2,1|42,48|550|2026,1:10F;42:10F;48:NAR;550:NAR;2026:NAR,43.50 ± 3.82,43.62 ± 3.42,43.91 ± 3.26,41.40 ± 4.01,84.46 ± 0.08,11.92 ± 0.13,11.916788080169097,0.1295647240898075
kmnist,standard_qtl/q6_d1,TABLE_READY,FULL_TRAINING,All five seeds have final results and both assisted seeds reached epoch 10.,5,1|42|48|550|2026,,1:10F;42:10F;48:10F;550:10F;2026:10F,33.74 ± 2.27,33.37 ± 4.87,33.81 ± 2.33,30.11 ± 2.82,81.37 ± 0.84,3.46 ± 0.03,3.4647011042965783,0.031096976402542
kmnist,standard_qtl/q6_d2,PROVISIONAL_ONLY,INCOMPLETE,Provisional aggregate over currently available final seed results only; do not use as a final paper-table value.,3,1|42|48,550|2026,1:10F;42:10F;48:10F;550:NAR;2026:NAR,46.67 ± 6.44,46.21 ± 4.04,46.94 ± 6.67,44.51 ± 6.36,85.19 ± 2.81,8.59 ± 0.04,8.593382989411001,0.0363674539277704
kmnist,standard_qtl/q6_d4,PROVISIONAL_ONLY,INCOMPLETE,Provisional aggregate over currently available final seed results only; do not use as a final paper-table value.,1,1,42|48|550|2026,1:10F;42:NAR;48:NAR;550:NAR;2026:NAR,53.00,55.15,53.14,53.12,87.61,25.94,25.94293244024118,
kmnist,standard_qtl/q8_d1,TABLE_READY,FULL_TRAINING,All five seeds have final results and both assisted seeds reached epoch 10.,5,1|42|48|550|2026,,1:10F;42:10F;48:10F;550:10F;2026:10F,37.64 ± 2.47,38.84 ± 3.86,37.83 ± 2.25,34.69 ± 2.12,80.97 ± 1.95,5.96 ± 0.06,5.962802058988148,0.060993184698068
kmnist,standard_qtl/q8_d2,PROVISIONAL_ONLY,INCOMPLETE,Provisional aggregate over currently available final seed results only; do not use as a final paper-table value.,1,1,42|48|550|2026,1:10F;42:NAR;48:NAR;550:NAR;2026:NAR,46.40,47.53,46.44,44.12,84.97,15.13,15.129233847591612,
svhn,classical/linear,TABLE_READY,FULL_TRAINING,All five seeds have final results and both assisted seeds reached epoch 10.,5,1|42|48|550|2026,,1:10F;42:10F;48:10F;550:10F;2026:10F,50.20 ± 1.22,49.49 ± 1.62,45.80 ± 1.14,46.19 ± 1.74,87.50 ± 0.19,0.00 ± 0.00,0.001905168917444,0.0013582940241581
svhn,classical/matched_mlp,TABLE_READY,FULL_TRAINING,All five seeds have final results and both assisted seeds reached epoch 10.,5,1|42|48|550|2026,,1:10F;42:10F;48:10F;550:10F;2026:10F,46.26 ± 2.08,45.23 ± 3.31,42.31 ± 2.87,41.76 ± 3.24,86.02 ± 0.79,0.00 ± 0.00,0.0020432478984196,0.0013159605714362
svhn,ketgpt/candidate_160,PROVISIONAL_ONLY,INCOMPLETE,Provisional aggregate over currently available final seed results only; do not use as a final paper-table value.,0,,1|42|48|550|2026,1:10R;42:10R;48:10R;550:6R;2026:10R,,,,,,,,
svhn,ketgpt/candidate_180,PROVISIONAL_ONLY,INCOMPLETE,Provisional aggregate over currently available final seed results only; do not use as a final paper-table value.,0,,1|42|48|550|2026,1:10R;42:2R;48:NAR;550:NAR;2026:NAR,,,,,,,,
svhn,standard_qtl/q4_d1,TABLE_READY,FULL_TRAINING,All five seeds have final results and both assisted seeds reached epoch 10.,5,1|42|48|550|2026,,1:10F;42:10F;48:10F;550:10F;2026:10F,32.76 ± 3.13,20.09 ± 5.26,23.45 ± 2.90,17.04 ± 2.84,76.33 ± 2.38,1.49 ± 0.22,1.4871524848805535,0.220523247310977
svhn,standard_qtl/q4_d2,TABLE_READY,HYBRID_EARLY_FINAL_REVIEW,"All five seeds are final, but at least one assisted seed ended at an unusual epoch.",5,1|42|48|550|2026,,1:10F;42:10F;48:10F;550:9F;2026:10F,32.82 ± 6.09,20.38 ± 2.94,23.96 ± 4.88,18.67 ± 6.34,76.11 ± 4.75,3.96 ± 0.20,3.96105384502146,0.2026951882560934
svhn,standard_qtl/q4_d4,PROVISIONAL_ONLY,INCOMPLETE,Provisional aggregate over currently available final seed results only; do not use as a final paper-table value.,2,1|42,48|550|2026,1:10F;42:10F;48:NAR;550:NAR;2026:NAR,38.00 ± 0.71,35.08 ± 2.54,28.59 ± 0.57,23.57 ± 0.20,81.45 ± 0.06,11.83 ± 0.11,11.829949558873972,0.1083333161191025
svhn,standard_qtl/q6_d1,TABLE_READY,FULL_TRAINING,All five seeds have final results and both assisted seeds reached epoch 10.,5,1|42|48|550|2026,,1:10F;42:10F;48:10F;550:10F;2026:10F,31.32 ± 2.40,17.83 ± 4.18,22.27 ± 1.89,16.99 ± 1.88,75.59 ± 2.38,3.27 ± 0.45,3.26668739271164,0.4478952869841819
svhn,standard_qtl/q6_d2,PROVISIONAL_ONLY,INCOMPLETE,Provisional aggregate over currently available final seed results only; do not use as a final paper-table value.,3,1|42|48,550|2026,1:10F;42:10F;48:10F;550:NAR;2026:NAR,35.27 ± 4.24,30.71 ± 10.62,29.12 ± 4.66,24.65 ± 5.84,80.51 ± 2.46,8.67 ± 0.04,8.673938089344237,0.0432659306584848
svhn,standard_qtl/q6_d4,PROVISIONAL_ONLY,INCOMPLETE,Provisional aggregate over currently available final seed results only; do not use as a final paper-table value.,1,1,42|48|550|2026,1:10F;42:NAR;48:NAR;550:NAR;2026:NAR,38.30,36.57,29.40,23.26,81.05,25.91,25.907139751911167,
svhn,standard_qtl/q8_d1,TABLE_READY,FULL_TRAINING,All five seeds have final results and both assisted seeds reached epoch 10.,5,1|42|48|550|2026,,1:10F;42:10F;48:10F;550:10F;2026:10F,32.52 ± 2.44,16.60 ± 3.94,24.32 ± 2.72,18.90 ± 3.12,75.99 ± 1.54,5.55 ± 0.76,5.5535667981836525,0.7596195895920037
svhn,standard_qtl/q8_d2,PROVISIONAL_ONLY,INCOMPLETE,Provisional aggregate over currently available final seed results only; do not use as a final paper-table value.,1,1,42|48|550|2026,1:10F;42:NAR;48:NAR;550:NAR;2026:NAR,37.10,26.49,26.96,23.89,79.17,15.13,15.134291669726371,
