dataset,file,rows,columns
cifar10,table2/adaptive180/seed_550.csv,15,dataset|dataset_key|task|backbone|cache_manifest_sha256|candidate_id|seed|experiment_type|model_name|threshold|low_count|low_pct|routed_to_classical_pct|routed_to_quantum_pct|avg_shots_per_sample|train_time_sec|inference_time_sec_total|inference_time_ms_per_sample|total_trainable_params|head_trainable_params|quantum_params|num_qubits|circuit_depth|num_gates_approx|shots|train_circuit_evaluations_approx|test_circuit_evaluations_approx|memory_usage_mb|accuracy|precision_macro|recall_macro|f1_macro|auc_ovr_macro|epochs_executed|best_epoch|stop_reason|flashjt_forecast_path|flashjt_verification_path|checkpoint_latest|checkpoint_best|checkpoint_final
cifar10,table2/adaptive180/seed_42.csv,15,dataset|dataset_key|task|backbone|cache_manifest_sha256|candidate_id|seed|experiment_type|model_name|threshold|low_count|low_pct|routed_to_classical_pct|routed_to_quantum_pct|avg_shots_per_sample|train_time_sec|inference_time_sec_total|inference_time_ms_per_sample|total_trainable_params|head_trainable_params|quantum_params|num_qubits|circuit_depth|num_gates_approx|shots|train_circuit_evaluations_approx|test_circuit_evaluations_approx|memory_usage_mb|accuracy|precision_macro|recall_macro|f1_macro|auc_ovr_macro|epochs_executed|best_epoch|stop_reason|flashjt_forecast_path|flashjt_verification_path|checkpoint_latest|checkpoint_best|checkpoint_final
cifar10,table2/adaptive180/seed_48.csv,15,dataset|dataset_key|task|backbone|cache_manifest_sha256|candidate_id|seed|experiment_type|model_name|threshold|low_count|low_pct|routed_to_classical_pct|routed_to_quantum_pct|avg_shots_per_sample|train_time_sec|inference_time_sec_total|inference_time_ms_per_sample|total_trainable_params|head_trainable_params|quantum_params|num_qubits|circuit_depth|num_gates_approx|shots|train_circuit_evaluations_approx|test_circuit_evaluations_approx|memory_usage_mb|accuracy|precision_macro|recall_macro|f1_macro|auc_ovr_macro|epochs_executed|best_epoch|stop_reason|flashjt_forecast_path|flashjt_verification_path|checkpoint_latest|checkpoint_best|checkpoint_final
cifar10,table2/adaptive180/seed_1.csv,15,dataset|dataset_key|task|backbone|cache_manifest_sha256|candidate_id|seed|experiment_type|model_name|threshold|low_count|low_pct|routed_to_classical_pct|routed_to_quantum_pct|avg_shots_per_sample|train_time_sec|inference_time_sec_total|inference_time_ms_per_sample|total_trainable_params|head_trainable_params|quantum_params|num_qubits|circuit_depth|num_gates_approx|shots|train_circuit_evaluations_approx|test_circuit_evaluations_approx|memory_usage_mb|accuracy|precision_macro|recall_macro|f1_macro|auc_ovr_macro|epochs_executed|best_epoch|stop_reason|flashjt_forecast_path|flashjt_verification_path|checkpoint_latest|checkpoint_best|checkpoint_final
cifar10,table2/adaptive180/seed_2026.csv,15,dataset|dataset_key|task|backbone|cache_manifest_sha256|candidate_id|seed|experiment_type|model_name|threshold|low_count|low_pct|routed_to_classical_pct|routed_to_quantum_pct|avg_shots_per_sample|train_time_sec|inference_time_sec_total|inference_time_ms_per_sample|total_trainable_params|head_trainable_params|quantum_params|num_qubits|circuit_depth|num_gates_approx|shots|train_circuit_evaluations_approx|test_circuit_evaluations_approx|memory_usage_mb|accuracy|precision_macro|recall_macro|f1_macro|auc_ovr_macro|epochs_executed|best_epoch|stop_reason|flashjt_forecast_path|flashjt_verification_path|checkpoint_latest|checkpoint_best|checkpoint_final
cifar10,table2/adaptive160/seed_550.csv,15,dataset|dataset_key|task|backbone|cache_manifest_sha256|candidate_id|seed|experiment_type|model_name|threshold|low_count|low_pct|routed_to_classical_pct|routed_to_quantum_pct|avg_shots_per_sample|train_time_sec|inference_time_sec_total|inference_time_ms_per_sample|total_trainable_params|head_trainable_params|quantum_params|num_qubits|circuit_depth|num_gates_approx|shots|train_circuit_evaluations_approx|test_circuit_evaluations_approx|memory_usage_mb|accuracy|precision_macro|recall_macro|f1_macro|auc_ovr_macro|epochs_executed|best_epoch|stop_reason|flashjt_forecast_path|flashjt_verification_path|checkpoint_latest|checkpoint_best|checkpoint_final
cifar10,table2/adaptive160/seed_2026.csv,15,dataset|dataset_key|task|backbone|cache_manifest_sha256|candidate_id|seed|experiment_type|model_name|threshold|low_count|low_pct|routed_to_classical_pct|routed_to_quantum_pct|avg_shots_per_sample|train_time_sec|inference_time_sec_total|inference_time_ms_per_sample|total_trainable_params|head_trainable_params|quantum_params|num_qubits|circuit_depth|num_gates_approx|shots|train_circuit_evaluations_approx|test_circuit_evaluations_approx|memory_usage_mb|accuracy|precision_macro|recall_macro|f1_macro|auc_ovr_macro|epochs_executed|best_epoch|stop_reason|flashjt_forecast_path|flashjt_verification_path|checkpoint_latest|checkpoint_best|checkpoint_final
cifar10,table2/adaptive160/seed_1.csv,15,dataset|dataset_key|task|backbone|cache_manifest_sha256|candidate_id|seed|experiment_type|model_name|threshold|low_count|low_pct|routed_to_classical_pct|routed_to_quantum_pct|avg_shots_per_sample|train_time_sec|inference_time_sec_total|inference_time_ms_per_sample|total_trainable_params|head_trainable_params|quantum_params|num_qubits|circuit_depth|num_gates_approx|shots|train_circuit_evaluations_approx|test_circuit_evaluations_approx|memory_usage_mb|accuracy|precision_macro|recall_macro|f1_macro|auc_ovr_macro|epochs_executed|best_epoch|stop_reason|flashjt_forecast_path|flashjt_verification_path|checkpoint_latest|checkpoint_best|checkpoint_final
cifar10,table2/adaptive160/seed_42.csv,15,dataset|dataset_key|task|backbone|cache_manifest_sha256|candidate_id|seed|experiment_type|model_name|threshold|low_count|low_pct|routed_to_classical_pct|routed_to_quantum_pct|avg_shots_per_sample|train_time_sec|inference_time_sec_total|inference_time_ms_per_sample|total_trainable_params|head_trainable_params|quantum_params|num_qubits|circuit_depth|num_gates_approx|shots|train_circuit_evaluations_approx|test_circuit_evaluations_approx|memory_usage_mb|accuracy|precision_macro|recall_macro|f1_macro|auc_ovr_macro|epochs_executed|best_epoch|stop_reason|flashjt_forecast_path|flashjt_verification_path|checkpoint_latest|checkpoint_best|checkpoint_final
cifar10,table2/adaptive160/seed_48.csv,15,dataset|dataset_key|task|backbone|cache_manifest_sha256|candidate_id|seed|experiment_type|model_name|threshold|low_count|low_pct|routed_to_classical_pct|routed_to_quantum_pct|avg_shots_per_sample|train_time_sec|inference_time_sec_total|inference_time_ms_per_sample|total_trainable_params|head_trainable_params|quantum_params|num_qubits|circuit_depth|num_gates_approx|shots|train_circuit_evaluations_approx|test_circuit_evaluations_approx|memory_usage_mb|accuracy|precision_macro|recall_macro|f1_macro|auc_ovr_macro|epochs_executed|best_epoch|stop_reason|flashjt_forecast_path|flashjt_verification_path|checkpoint_latest|checkpoint_best|checkpoint_final
cifar10,table1/classical/seed_550.csv,2,dataset|dataset_key|task|backbone|cache_manifest_sha256|model_name|seed|compressor_dim|epochs|batch_size|lr|train_time_sec|epochs_executed|best_epoch|stop_reason|flashjt_forecast_path|flashjt_verification_path|checkpoint_latest|checkpoint_best|checkpoint_final|accuracy|precision_macro|recall_macro|f1_macro|auc_ovr_macro|inference_time_sec_total|inference_time_ms_per_sample|total_trainable_params|head_trainable_params|quantum_params|num_qubits|circuit_depth|num_gates_approx|shots|train_circuit_evaluations_approx|test_circuit_evaluations_approx|memory_usage_mb
cifar10,table1/classical/seed_2026.csv,2,dataset|dataset_key|task|backbone|cache_manifest_sha256|model_name|seed|compressor_dim|epochs|batch_size|lr|train_time_sec|epochs_executed|best_epoch|stop_reason|flashjt_forecast_path|flashjt_verification_path|checkpoint_latest|checkpoint_best|checkpoint_final|accuracy|precision_macro|recall_macro|f1_macro|auc_ovr_macro|inference_time_sec_total|inference_time_ms_per_sample|total_trainable_params|head_trainable_params|quantum_params|num_qubits|circuit_depth|num_gates_approx|shots|train_circuit_evaluations_approx|test_circuit_evaluations_approx|memory_usage_mb
cifar10,table1/classical/seed_1.csv,2,dataset|dataset_key|task|backbone|cache_manifest_sha256|model_name|seed|compressor_dim|epochs|batch_size|lr|train_time_sec|epochs_executed|best_epoch|stop_reason|flashjt_forecast_path|flashjt_verification_path|checkpoint_latest|checkpoint_best|checkpoint_final|accuracy|precision_macro|recall_macro|f1_macro|auc_ovr_macro|inference_time_sec_total|inference_time_ms_per_sample|total_trainable_params|head_trainable_params|quantum_params|num_qubits|circuit_depth|num_gates_approx|shots|train_circuit_evaluations_approx|test_circuit_evaluations_approx|memory_usage_mb
cifar10,table1/classical/seed_42.csv,2,dataset|dataset_key|task|backbone|cache_manifest_sha256|model_name|seed|compressor_dim|epochs|batch_size|lr|train_time_sec|epochs_executed|best_epoch|stop_reason|flashjt_forecast_path|flashjt_verification_path|checkpoint_latest|checkpoint_best|checkpoint_final|accuracy|precision_macro|recall_macro|f1_macro|auc_ovr_macro|inference_time_sec_total|inference_time_ms_per_sample|total_trainable_params|head_trainable_params|quantum_params|num_qubits|circuit_depth|num_gates_approx|shots|train_circuit_evaluations_approx|test_circuit_evaluations_approx|memory_usage_mb
cifar10,table1/classical/seed_48.csv,2,dataset|dataset_key|task|backbone|cache_manifest_sha256|model_name|seed|compressor_dim|epochs|batch_size|lr|train_time_sec|epochs_executed|best_epoch|stop_reason|flashjt_forecast_path|flashjt_verification_path|checkpoint_latest|checkpoint_best|checkpoint_final|accuracy|precision_macro|recall_macro|f1_macro|auc_ovr_macro|inference_time_sec_total|inference_time_ms_per_sample|total_trainable_params|head_trainable_params|quantum_params|num_qubits|circuit_depth|num_gates_approx|shots|train_circuit_evaluations_approx|test_circuit_evaluations_approx|memory_usage_mb
cifar10,table1/standard_qtl/seed_42_q8_d2.csv,1,dataset|dataset_key|task|backbone|cache_manifest_sha256|model_name|seed|compressor_dim|epochs|batch_size|lr|train_time_sec|epochs_executed|best_epoch|stop_reason|flashjt_forecast_path|flashjt_verification_path|checkpoint_latest|checkpoint_best|checkpoint_final|accuracy|precision_macro|recall_macro|f1_macro|auc_ovr_macro|inference_time_sec_total|inference_time_ms_per_sample|total_trainable_params|head_trainable_params|quantum_params|num_qubits|circuit_depth|num_gates_approx|shots|train_circuit_evaluations_approx|test_circuit_evaluations_approx|memory_usage_mb
cifar10,table1/standard_qtl/seed_2026_q6_d1.csv,1,dataset|dataset_key|task|backbone|cache_manifest_sha256|model_name|seed|compressor_dim|epochs|batch_size|lr|train_time_sec|epochs_executed|best_epoch|stop_reason|flashjt_forecast_path|flashjt_verification_path|checkpoint_latest|checkpoint_best|checkpoint_final|accuracy|precision_macro|recall_macro|f1_macro|auc_ovr_macro|inference_time_sec_total|inference_time_ms_per_sample|total_trainable_params|head_trainable_params|quantum_params|num_qubits|circuit_depth|num_gates_approx|shots|train_circuit_evaluations_approx|test_circuit_evaluations_approx|memory_usage_mb
cifar10,table1/standard_qtl/seed_48_q8_d1.csv,1,dataset|dataset_key|task|backbone|cache_manifest_sha256|model_name|seed|compressor_dim|epochs|batch_size|lr|train_time_sec|epochs_executed|best_epoch|stop_reason|flashjt_forecast_path|flashjt_verification_path|checkpoint_latest|checkpoint_best|checkpoint_final|accuracy|precision_macro|recall_macro|f1_macro|auc_ovr_macro|inference_time_sec_total|inference_time_ms_per_sample|total_trainable_params|head_trainable_params|quantum_params|num_qubits|circuit_depth|num_gates_approx|shots|train_circuit_evaluations_approx|test_circuit_evaluations_approx|memory_usage_mb
cifar10,table1/standard_qtl/seed_42_q6_d2.csv,1,dataset|dataset_key|task|backbone|cache_manifest_sha256|model_name|seed|compressor_dim|epochs|batch_size|lr|train_time_sec|epochs_executed|best_epoch|stop_reason|flashjt_forecast_path|flashjt_verification_path|checkpoint_latest|checkpoint_best|checkpoint_final|accuracy|precision_macro|recall_macro|f1_macro|auc_ovr_macro|inference_time_sec_total|inference_time_ms_per_sample|total_trainable_params|head_trainable_params|quantum_params|num_qubits|circuit_depth|num_gates_approx|shots|train_circuit_evaluations_approx|test_circuit_evaluations_approx|memory_usage_mb
cifar10,table1/standard_qtl/seed_48_q6_d1.csv,1,dataset|dataset_key|task|backbone|cache_manifest_sha256|model_name|seed|compressor_dim|epochs|batch_size|lr|train_time_sec|epochs_executed|best_epoch|stop_reason|flashjt_forecast_path|flashjt_verification_path|checkpoint_latest|checkpoint_best|checkpoint_final|accuracy|precision_macro|recall_macro|f1_macro|auc_ovr_macro|inference_time_sec_total|inference_time_ms_per_sample|total_trainable_params|head_trainable_params|quantum_params|num_qubits|circuit_depth|num_gates_approx|shots|train_circuit_evaluations_approx|test_circuit_evaluations_approx|memory_usage_mb
cifar10,table1/standard_qtl/seed_550_q4_d1.csv,1,dataset|dataset_key|task|backbone|cache_manifest_sha256|model_name|seed|compressor_dim|epochs|batch_size|lr|train_time_sec|epochs_executed|best_epoch|stop_reason|flashjt_forecast_path|flashjt_verification_path|checkpoint_latest|checkpoint_best|checkpoint_final|accuracy|precision_macro|recall_macro|f1_macro|auc_ovr_macro|inference_time_sec_total|inference_time_ms_per_sample|total_trainable_params|head_trainable_params|quantum_params|num_qubits|circuit_depth|num_gates_approx|shots|train_circuit_evaluations_approx|test_circuit_evaluations_approx|memory_usage_mb
cifar10,table1/standard_qtl/seed_2026_q6_d2.csv,1,dataset|dataset_key|task|backbone|cache_manifest_sha256|model_name|seed|compressor_dim|epochs|batch_size|lr|train_time_sec|epochs_executed|best_epoch|stop_reason|flashjt_forecast_path|flashjt_verification_path|checkpoint_latest|checkpoint_best|checkpoint_final|accuracy|precision_macro|recall_macro|f1_macro|auc_ovr_macro|inference_time_sec_total|inference_time_ms_per_sample|total_trainable_params|head_trainable_params|quantum_params|num_qubits|circuit_depth|num_gates_approx|shots|train_circuit_evaluations_approx|test_circuit_evaluations_approx|memory_usage_mb
cifar10,table1/standard_qtl/seed_1_q4_d2.csv,1,dataset|dataset_key|task|backbone|cache_manifest_sha256|model_name|seed|compressor_dim|epochs|batch_size|lr|train_time_sec|epochs_executed|best_epoch|stop_reason|flashjt_forecast_path|flashjt_verification_path|checkpoint_latest|checkpoint_best|checkpoint_final|accuracy|precision_macro|recall_macro|f1_macro|auc_ovr_macro|inference_time_sec_total|inference_time_ms_per_sample|total_trainable_params|head_trainable_params|quantum_params|num_qubits|circuit_depth|num_gates_approx|shots|train_circuit_evaluations_approx|test_circuit_evaluations_approx|memory_usage_mb
cifar10,table1/standard_qtl/seed_1_q8_d1.csv,1,dataset|dataset_key|task|backbone|cache_manifest_sha256|model_name|seed|compressor_dim|epochs|batch_size|lr|train_time_sec|epochs_executed|best_epoch|stop_reason|flashjt_forecast_path|flashjt_verification_path|checkpoint_latest|checkpoint_best|checkpoint_final|accuracy|precision_macro|recall_macro|f1_macro|auc_ovr_macro|inference_time_sec_total|inference_time_ms_per_sample|total_trainable_params|head_trainable_params|quantum_params|num_qubits|circuit_depth|num_gates_approx|shots|train_circuit_evaluations_approx|test_circuit_evaluations_approx|memory_usage_mb
cifar10,table1/standard_qtl/seed_48_q6_d4.csv,1,dataset|dataset_key|task|backbone|cache_manifest_sha256|model_name|seed|compressor_dim|epochs|batch_size|lr|train_time_sec|epochs_executed|best_epoch|stop_reason|flashjt_forecast_path|flashjt_verification_path|checkpoint_latest|checkpoint_best|checkpoint_final|accuracy|precision_macro|recall_macro|f1_macro|auc_ovr_macro|inference_time_sec_total|inference_time_ms_per_sample|total_trainable_params|head_trainable_params|quantum_params|num_qubits|circuit_depth|num_gates_approx|shots|train_circuit_evaluations_approx|test_circuit_evaluations_approx|memory_usage_mb
cifar10,table1/standard_qtl/seed_48_q4_d2.csv,1,dataset|dataset_key|task|backbone|cache_manifest_sha256|model_name|seed|compressor_dim|epochs|batch_size|lr|train_time_sec|epochs_executed|best_epoch|stop_reason|flashjt_forecast_path|flashjt_verification_path|checkpoint_latest|checkpoint_best|checkpoint_final|accuracy|precision_macro|recall_macro|f1_macro|auc_ovr_macro|inference_time_sec_total|inference_time_ms_per_sample|total_trainable_params|head_trainable_params|quantum_params|num_qubits|circuit_depth|num_gates_approx|shots|train_circuit_evaluations_approx|test_circuit_evaluations_approx|memory_usage_mb
cifar10,table1/standard_qtl/seed_550_q4_d2.csv,1,dataset|dataset_key|task|backbone|cache_manifest_sha256|model_name|seed|compressor_dim|epochs|batch_size|lr|train_time_sec|epochs_executed|best_epoch|stop_reason|flashjt_forecast_path|flashjt_verification_path|checkpoint_latest|checkpoint_best|checkpoint_final|accuracy|precision_macro|recall_macro|f1_macro|auc_ovr_macro|inference_time_sec_total|inference_time_ms_per_sample|total_trainable_params|head_trainable_params|quantum_params|num_qubits|circuit_depth|num_gates_approx|shots|train_circuit_evaluations_approx|test_circuit_evaluations_approx|memory_usage_mb
cifar10,table1/standard_qtl/seed_550_q8_d1.csv,1,dataset|dataset_key|task|backbone|cache_manifest_sha256|model_name|seed|compressor_dim|epochs|batch_size|lr|train_time_sec|epochs_executed|best_epoch|stop_reason|flashjt_forecast_path|flashjt_verification_path|checkpoint_latest|checkpoint_best|checkpoint_final|accuracy|precision_macro|recall_macro|f1_macro|auc_ovr_macro|inference_time_sec_total|inference_time_ms_per_sample|total_trainable_params|head_trainable_params|quantum_params|num_qubits|circuit_depth|num_gates_approx|shots|train_circuit_evaluations_approx|test_circuit_evaluations_approx|memory_usage_mb
cifar10,table1/standard_qtl/seed_550_q4_d4.csv,1,dataset|dataset_key|task|backbone|cache_manifest_sha256|model_name|seed|compressor_dim|epochs|batch_size|lr|train_time_sec|epochs_executed|best_epoch|stop_reason|flashjt_forecast_path|flashjt_verification_path|checkpoint_latest|checkpoint_best|checkpoint_final|accuracy|precision_macro|recall_macro|f1_macro|auc_ovr_macro|inference_time_sec_total|inference_time_ms_per_sample|total_trainable_params|head_trainable_params|quantum_params|num_qubits|circuit_depth|num_gates_approx|shots|train_circuit_evaluations_approx|test_circuit_evaluations_approx|memory_usage_mb
cifar10,table1/standard_qtl/seed_48_q4_d4.csv,1,dataset|dataset_key|task|backbone|cache_manifest_sha256|model_name|seed|compressor_dim|epochs|batch_size|lr|train_time_sec|epochs_executed|best_epoch|stop_reason|flashjt_forecast_path|flashjt_verification_path|checkpoint_latest|checkpoint_best|checkpoint_final|accuracy|precision_macro|recall_macro|f1_macro|auc_ovr_macro|inference_time_sec_total|inference_time_ms_per_sample|total_trainable_params|head_trainable_params|quantum_params|num_qubits|circuit_depth|num_gates_approx|shots|train_circuit_evaluations_approx|test_circuit_evaluations_approx|memory_usage_mb
cifar10,table1/standard_qtl/seed_1_q4_d4.csv,1,dataset|dataset_key|task|backbone|cache_manifest_sha256|model_name|seed|compressor_dim|epochs|batch_size|lr|train_time_sec|epochs_executed|best_epoch|stop_reason|flashjt_forecast_path|flashjt_verification_path|checkpoint_latest|checkpoint_best|checkpoint_final|accuracy|precision_macro|recall_macro|f1_macro|auc_ovr_macro|inference_time_sec_total|inference_time_ms_per_sample|total_trainable_params|head_trainable_params|quantum_params|num_qubits|circuit_depth|num_gates_approx|shots|train_circuit_evaluations_approx|test_circuit_evaluations_approx|memory_usage_mb
cifar10,table1/standard_qtl/seed_42_q4_d4.csv,1,dataset|dataset_key|task|backbone|cache_manifest_sha256|model_name|seed|compressor_dim|epochs|batch_size|lr|train_time_sec|epochs_executed|best_epoch|stop_reason|flashjt_forecast_path|flashjt_verification_path|checkpoint_latest|checkpoint_best|checkpoint_final|accuracy|precision_macro|recall_macro|f1_macro|auc_ovr_macro|inference_time_sec_total|inference_time_ms_per_sample|total_trainable_params|head_trainable_params|quantum_params|num_qubits|circuit_depth|num_gates_approx|shots|train_circuit_evaluations_approx|test_circuit_evaluations_approx|memory_usage_mb
cifar10,table1/standard_qtl/seed_42_q4_d1.csv,1,dataset|dataset_key|task|backbone|cache_manifest_sha256|model_name|seed|compressor_dim|epochs|batch_size|lr|train_time_sec|epochs_executed|best_epoch|stop_reason|flashjt_forecast_path|flashjt_verification_path|checkpoint_latest|checkpoint_best|checkpoint_final|accuracy|precision_macro|recall_macro|f1_macro|auc_ovr_macro|inference_time_sec_total|inference_time_ms_per_sample|total_trainable_params|head_trainable_params|quantum_params|num_qubits|circuit_depth|num_gates_approx|shots|train_circuit_evaluations_approx|test_circuit_evaluations_approx|memory_usage_mb
cifar10,table1/standard_qtl/seed_42_q4_d2.csv,1,dataset|dataset_key|task|backbone|cache_manifest_sha256|model_name|seed|compressor_dim|epochs|batch_size|lr|train_time_sec|epochs_executed|best_epoch|stop_reason|flashjt_forecast_path|flashjt_verification_path|checkpoint_latest|checkpoint_best|checkpoint_final|accuracy|precision_macro|recall_macro|f1_macro|auc_ovr_macro|inference_time_sec_total|inference_time_ms_per_sample|total_trainable_params|head_trainable_params|quantum_params|num_qubits|circuit_depth|num_gates_approx|shots|train_circuit_evaluations_approx|test_circuit_evaluations_approx|memory_usage_mb
cifar10,table1/standard_qtl/seed_48_q8_d2.csv,1,dataset|dataset_key|task|backbone|cache_manifest_sha256|model_name|seed|compressor_dim|epochs|batch_size|lr|train_time_sec|epochs_executed|best_epoch|stop_reason|flashjt_forecast_path|flashjt_verification_path|checkpoint_latest|checkpoint_best|checkpoint_final|accuracy|precision_macro|recall_macro|f1_macro|auc_ovr_macro|inference_time_sec_total|inference_time_ms_per_sample|total_trainable_params|head_trainable_params|quantum_params|num_qubits|circuit_depth|num_gates_approx|shots|train_circuit_evaluations_approx|test_circuit_evaluations_approx|memory_usage_mb
cifar10,table1/standard_qtl/seed_2026_q4_d2.csv,1,dataset|dataset_key|task|backbone|cache_manifest_sha256|model_name|seed|compressor_dim|epochs|batch_size|lr|train_time_sec|epochs_executed|best_epoch|stop_reason|flashjt_forecast_path|flashjt_verification_path|checkpoint_latest|checkpoint_best|checkpoint_final|accuracy|precision_macro|recall_macro|f1_macro|auc_ovr_macro|inference_time_sec_total|inference_time_ms_per_sample|total_trainable_params|head_trainable_params|quantum_params|num_qubits|circuit_depth|num_gates_approx|shots|train_circuit_evaluations_approx|test_circuit_evaluations_approx|memory_usage_mb
cifar10,table1/standard_qtl/seed_1_q6_d2.csv,1,dataset|dataset_key|task|backbone|cache_manifest_sha256|model_name|seed|compressor_dim|epochs|batch_size|lr|train_time_sec|epochs_executed|best_epoch|stop_reason|flashjt_forecast_path|flashjt_verification_path|checkpoint_latest|checkpoint_best|checkpoint_final|accuracy|precision_macro|recall_macro|f1_macro|auc_ovr_macro|inference_time_sec_total|inference_time_ms_per_sample|total_trainable_params|head_trainable_params|quantum_params|num_qubits|circuit_depth|num_gates_approx|shots|train_circuit_evaluations_approx|test_circuit_evaluations_approx|memory_usage_mb
cifar10,table1/standard_qtl/seed_42_q6_d4.csv,1,dataset|dataset_key|task|backbone|cache_manifest_sha256|model_name|seed|compressor_dim|epochs|batch_size|lr|train_time_sec|epochs_executed|best_epoch|stop_reason|flashjt_forecast_path|flashjt_verification_path|checkpoint_latest|checkpoint_best|checkpoint_final|accuracy|precision_macro|recall_macro|f1_macro|auc_ovr_macro|inference_time_sec_total|inference_time_ms_per_sample|total_trainable_params|head_trainable_params|quantum_params|num_qubits|circuit_depth|num_gates_approx|shots|train_circuit_evaluations_approx|test_circuit_evaluations_approx|memory_usage_mb
cifar10,table1/standard_qtl/seed_1_q6_d1.csv,1,dataset|dataset_key|task|backbone|cache_manifest_sha256|model_name|seed|compressor_dim|epochs|batch_size|lr|train_time_sec|epochs_executed|best_epoch|stop_reason|flashjt_forecast_path|flashjt_verification_path|checkpoint_latest|checkpoint_best|checkpoint_final|accuracy|precision_macro|recall_macro|f1_macro|auc_ovr_macro|inference_time_sec_total|inference_time_ms_per_sample|total_trainable_params|head_trainable_params|quantum_params|num_qubits|circuit_depth|num_gates_approx|shots|train_circuit_evaluations_approx|test_circuit_evaluations_approx|memory_usage_mb
cifar10,table1/standard_qtl/seed_42_q6_d1.csv,1,dataset|dataset_key|task|backbone|cache_manifest_sha256|model_name|seed|compressor_dim|epochs|batch_size|lr|train_time_sec|epochs_executed|best_epoch|stop_reason|flashjt_forecast_path|flashjt_verification_path|checkpoint_latest|checkpoint_best|checkpoint_final|accuracy|precision_macro|recall_macro|f1_macro|auc_ovr_macro|inference_time_sec_total|inference_time_ms_per_sample|total_trainable_params|head_trainable_params|quantum_params|num_qubits|circuit_depth|num_gates_approx|shots|train_circuit_evaluations_approx|test_circuit_evaluations_approx|memory_usage_mb
cifar10,table1/standard_qtl/seed_48_q6_d2.csv,1,dataset|dataset_key|task|backbone|cache_manifest_sha256|model_name|seed|compressor_dim|epochs|batch_size|lr|train_time_sec|epochs_executed|best_epoch|stop_reason|flashjt_forecast_path|flashjt_verification_path|checkpoint_latest|checkpoint_best|checkpoint_final|accuracy|precision_macro|recall_macro|f1_macro|auc_ovr_macro|inference_time_sec_total|inference_time_ms_per_sample|total_trainable_params|head_trainable_params|quantum_params|num_qubits|circuit_depth|num_gates_approx|shots|train_circuit_evaluations_approx|test_circuit_evaluations_approx|memory_usage_mb
cifar10,table1/standard_qtl/seed_550_q6_d1.csv,1,dataset|dataset_key|task|backbone|cache_manifest_sha256|model_name|seed|compressor_dim|epochs|batch_size|lr|train_time_sec|epochs_executed|best_epoch|stop_reason|flashjt_forecast_path|flashjt_verification_path|checkpoint_latest|checkpoint_best|checkpoint_final|accuracy|precision_macro|recall_macro|f1_macro|auc_ovr_macro|inference_time_sec_total|inference_time_ms_per_sample|total_trainable_params|head_trainable_params|quantum_params|num_qubits|circuit_depth|num_gates_approx|shots|train_circuit_evaluations_approx|test_circuit_evaluations_approx|memory_usage_mb
cifar10,table1/standard_qtl/seed_42_q8_d1.csv,1,dataset|dataset_key|task|backbone|cache_manifest_sha256|model_name|seed|compressor_dim|epochs|batch_size|lr|train_time_sec|epochs_executed|best_epoch|stop_reason|flashjt_forecast_path|flashjt_verification_path|checkpoint_latest|checkpoint_best|checkpoint_final|accuracy|precision_macro|recall_macro|f1_macro|auc_ovr_macro|inference_time_sec_total|inference_time_ms_per_sample|total_trainable_params|head_trainable_params|quantum_params|num_qubits|circuit_depth|num_gates_approx|shots|train_circuit_evaluations_approx|test_circuit_evaluations_approx|memory_usage_mb
cifar10,table1/standard_qtl/seed_48_q4_d1.csv,1,dataset|dataset_key|task|backbone|cache_manifest_sha256|model_name|seed|compressor_dim|epochs|batch_size|lr|train_time_sec|epochs_executed|best_epoch|stop_reason|flashjt_forecast_path|flashjt_verification_path|checkpoint_latest|checkpoint_best|checkpoint_final|accuracy|precision_macro|recall_macro|f1_macro|auc_ovr_macro|inference_time_sec_total|inference_time_ms_per_sample|total_trainable_params|head_trainable_params|quantum_params|num_qubits|circuit_depth|num_gates_approx|shots|train_circuit_evaluations_approx|test_circuit_evaluations_approx|memory_usage_mb
cifar10,table1/standard_qtl/seed_2026_q4_d1.csv,1,dataset|dataset_key|task|backbone|cache_manifest_sha256|model_name|seed|compressor_dim|epochs|batch_size|lr|train_time_sec|epochs_executed|best_epoch|stop_reason|flashjt_forecast_path|flashjt_verification_path|checkpoint_latest|checkpoint_best|checkpoint_final|accuracy|precision_macro|recall_macro|f1_macro|auc_ovr_macro|inference_time_sec_total|inference_time_ms_per_sample|total_trainable_params|head_trainable_params|quantum_params|num_qubits|circuit_depth|num_gates_approx|shots|train_circuit_evaluations_approx|test_circuit_evaluations_approx|memory_usage_mb
cifar10,table1/standard_qtl/seed_2026_q8_d1.csv,1,dataset|dataset_key|task|backbone|cache_manifest_sha256|model_name|seed|compressor_dim|epochs|batch_size|lr|train_time_sec|epochs_executed|best_epoch|stop_reason|flashjt_forecast_path|flashjt_verification_path|checkpoint_latest|checkpoint_best|checkpoint_final|accuracy|precision_macro|recall_macro|f1_macro|auc_ovr_macro|inference_time_sec_total|inference_time_ms_per_sample|total_trainable_params|head_trainable_params|quantum_params|num_qubits|circuit_depth|num_gates_approx|shots|train_circuit_evaluations_approx|test_circuit_evaluations_approx|memory_usage_mb
cifar10,table1/standard_qtl/seed_550_q6_d2.csv,1,dataset|dataset_key|task|backbone|cache_manifest_sha256|model_name|seed|compressor_dim|epochs|batch_size|lr|train_time_sec|epochs_executed|best_epoch|stop_reason|flashjt_forecast_path|flashjt_verification_path|checkpoint_latest|checkpoint_best|checkpoint_final|accuracy|precision_macro|recall_macro|f1_macro|auc_ovr_macro|inference_time_sec_total|inference_time_ms_per_sample|total_trainable_params|head_trainable_params|quantum_params|num_qubits|circuit_depth|num_gates_approx|shots|train_circuit_evaluations_approx|test_circuit_evaluations_approx|memory_usage_mb
cifar10,table1/standard_qtl/seed_1_q8_d2.csv,1,dataset|dataset_key|task|backbone|cache_manifest_sha256|model_name|seed|compressor_dim|epochs|batch_size|lr|train_time_sec|epochs_executed|best_epoch|stop_reason|flashjt_forecast_path|flashjt_verification_path|checkpoint_latest|checkpoint_best|checkpoint_final|accuracy|precision_macro|recall_macro|f1_macro|auc_ovr_macro|inference_time_sec_total|inference_time_ms_per_sample|total_trainable_params|head_trainable_params|quantum_params|num_qubits|circuit_depth|num_gates_approx|shots|train_circuit_evaluations_approx|test_circuit_evaluations_approx|memory_usage_mb
cifar10,table1/standard_qtl/seed_1_q4_d1.csv,1,dataset|dataset_key|task|backbone|cache_manifest_sha256|model_name|seed|compressor_dim|epochs|batch_size|lr|train_time_sec|epochs_executed|best_epoch|stop_reason|flashjt_forecast_path|flashjt_verification_path|checkpoint_latest|checkpoint_best|checkpoint_final|accuracy|precision_macro|recall_macro|f1_macro|auc_ovr_macro|inference_time_sec_total|inference_time_ms_per_sample|total_trainable_params|head_trainable_params|quantum_params|num_qubits|circuit_depth|num_gates_approx|shots|train_circuit_evaluations_approx|test_circuit_evaluations_approx|memory_usage_mb
cifar10,table1/standard_qtl/seed_1_q6_d4.csv,1,dataset|dataset_key|task|backbone|cache_manifest_sha256|model_name|seed|compressor_dim|epochs|batch_size|lr|train_time_sec|epochs_executed|best_epoch|stop_reason|flashjt_forecast_path|flashjt_verification_path|checkpoint_latest|checkpoint_best|checkpoint_final|accuracy|precision_macro|recall_macro|f1_macro|auc_ovr_macro|inference_time_sec_total|inference_time_ms_per_sample|total_trainable_params|head_trainable_params|quantum_params|num_qubits|circuit_depth|num_gates_approx|shots|train_circuit_evaluations_approx|test_circuit_evaluations_approx|memory_usage_mb
cifar10,table1/ketgpt/seed_1.csv,2,dataset|dataset_key|task|backbone|cache_manifest_sha256|model_name|candidate_rank|ketgpt_id|seed|compressor_dim|epochs|batch_size|lr|train_time_sec|epochs_executed|best_epoch|stop_reason|flashjt_forecast_path|flashjt_verification_path|checkpoint_latest|checkpoint_best|checkpoint_final|accuracy|precision_macro|recall_macro|f1_macro|auc_ovr_macro|inference_time_sec_total|inference_time_ms_per_sample|total_trainable_params|head_trainable_params|quantum_params|num_qubits|circuit_depth|num_gates_approx|shots|train_circuit_evaluations_approx|test_circuit_evaluations_approx|memory_usage_mb
cifar10,table1/ketgpt/seed_2026.csv,1,dataset|dataset_key|task|backbone|cache_manifest_sha256|model_name|candidate_rank|ketgpt_id|seed|compressor_dim|epochs|batch_size|lr|train_time_sec|epochs_executed|best_epoch|stop_reason|flashjt_forecast_path|flashjt_verification_path|checkpoint_latest|checkpoint_best|checkpoint_final|accuracy|precision_macro|recall_macro|f1_macro|auc_ovr_macro|inference_time_sec_total|inference_time_ms_per_sample|total_trainable_params|head_trainable_params|quantum_params|num_qubits|circuit_depth|num_gates_approx|shots|train_circuit_evaluations_approx|test_circuit_evaluations_approx|memory_usage_mb
cifar10,table1/ketgpt/seed_48.csv,2,dataset|dataset_key|task|backbone|cache_manifest_sha256|model_name|candidate_rank|ketgpt_id|seed|compressor_dim|epochs|batch_size|lr|train_time_sec|epochs_executed|best_epoch|stop_reason|flashjt_forecast_path|flashjt_verification_path|checkpoint_latest|checkpoint_best|checkpoint_final|accuracy|precision_macro|recall_macro|f1_macro|auc_ovr_macro|inference_time_sec_total|inference_time_ms_per_sample|total_trainable_params|head_trainable_params|quantum_params|num_qubits|circuit_depth|num_gates_approx|shots|train_circuit_evaluations_approx|test_circuit_evaluations_approx|memory_usage_mb
cifar10,table1/ketgpt/seed_550_candidates.csv,2,ketgpt_id|num_qubits|num_params|gate_count
cifar10,table1/ketgpt/seed_1_candidates.csv,2,ketgpt_id|num_qubits|num_params|gate_count
cifar10,table1/ketgpt/seed_48_candidates.csv,2,ketgpt_id|num_qubits|num_params|gate_count
cifar10,table1/ketgpt/seed_550.csv,1,dataset|dataset_key|task|backbone|cache_manifest_sha256|model_name|candidate_rank|ketgpt_id|seed|compressor_dim|epochs|batch_size|lr|train_time_sec|epochs_executed|best_epoch|stop_reason|flashjt_forecast_path|flashjt_verification_path|checkpoint_latest|checkpoint_best|checkpoint_final|accuracy|precision_macro|recall_macro|f1_macro|auc_ovr_macro|inference_time_sec_total|inference_time_ms_per_sample|total_trainable_params|head_trainable_params|quantum_params|num_qubits|circuit_depth|num_gates_approx|shots|train_circuit_evaluations_approx|test_circuit_evaluations_approx|memory_usage_mb
cifar10,table1/ketgpt/seed_42.csv,2,dataset|dataset_key|task|backbone|cache_manifest_sha256|model_name|candidate_rank|ketgpt_id|seed|compressor_dim|epochs|batch_size|lr|train_time_sec|epochs_executed|best_epoch|stop_reason|flashjt_forecast_path|flashjt_verification_path|checkpoint_latest|checkpoint_best|checkpoint_final|accuracy|precision_macro|recall_macro|f1_macro|auc_ovr_macro|inference_time_sec_total|inference_time_ms_per_sample|total_trainable_params|head_trainable_params|quantum_params|num_qubits|circuit_depth|num_gates_approx|shots|train_circuit_evaluations_approx|test_circuit_evaluations_approx|memory_usage_mb
cifar10,table1/ketgpt/seed_42_candidates.csv,2,ketgpt_id|num_qubits|num_params|gate_count
cifar10,table1/ketgpt/seed_2026_candidates.csv,2,ketgpt_id|num_qubits|num_params|gate_count
kmnist,table1/ketgpt_parts/candidate_180/seed_1.csv,1,dataset|dataset_key|task|backbone|cache_manifest_sha256|model_name|candidate_rank|ketgpt_id|seed|compressor_dim|epochs|batch_size|lr|train_time_sec|epochs_executed|best_epoch|stop_reason|flashjt_forecast_path|flashjt_verification_path|checkpoint_latest|checkpoint_best|checkpoint_final|accuracy|precision_macro|recall_macro|f1_macro|auc_ovr_macro|inference_time_sec_total|inference_time_ms_per_sample|total_trainable_params|head_trainable_params|quantum_params|num_qubits|circuit_depth|num_gates_approx|shots|train_circuit_evaluations_approx|test_circuit_evaluations_approx|memory_usage_mb
kmnist,table1/ketgpt_parts/candidate_180/seed_1_candidates.csv,1,ketgpt_id|num_qubits|num_params|gate_count
kmnist,table1/ketgpt_parts/candidate_180/seed_42_candidates.csv,1,ketgpt_id|num_qubits|num_params|gate_count
kmnist,table1/ketgpt_parts/candidate_160/seed_48.csv,1,dataset|dataset_key|task|backbone|cache_manifest_sha256|model_name|candidate_rank|ketgpt_id|seed|compressor_dim|epochs|batch_size|lr|train_time_sec|epochs_executed|best_epoch|stop_reason|flashjt_forecast_path|flashjt_verification_path|checkpoint_latest|checkpoint_best|checkpoint_final|accuracy|precision_macro|recall_macro|f1_macro|auc_ovr_macro|inference_time_sec_total|inference_time_ms_per_sample|total_trainable_params|head_trainable_params|quantum_params|num_qubits|circuit_depth|num_gates_approx|shots|train_circuit_evaluations_approx|test_circuit_evaluations_approx|memory_usage_mb
kmnist,table1/ketgpt_parts/candidate_160/seed_550_candidates.csv,1,ketgpt_id|num_qubits|num_params|gate_count
kmnist,table1/ketgpt_parts/candidate_160/seed_2026_candidates.csv,1,ketgpt_id|num_qubits|num_params|gate_count
kmnist,table1/ketgpt_parts/candidate_160/seed_1_candidates.csv,1,ketgpt_id|num_qubits|num_params|gate_count
kmnist,table1/ketgpt_parts/candidate_160/seed_1.csv,1,dataset|dataset_key|task|backbone|cache_manifest_sha256|model_name|candidate_rank|ketgpt_id|seed|compressor_dim|epochs|batch_size|lr|train_time_sec|epochs_executed|best_epoch|stop_reason|flashjt_forecast_path|flashjt_verification_path|checkpoint_latest|checkpoint_best|checkpoint_final|accuracy|precision_macro|recall_macro|f1_macro|auc_ovr_macro|inference_time_sec_total|inference_time_ms_per_sample|total_trainable_params|head_trainable_params|quantum_params|num_qubits|circuit_depth|num_gates_approx|shots|train_circuit_evaluations_approx|test_circuit_evaluations_approx|memory_usage_mb
kmnist,table1/ketgpt_parts/candidate_160/seed_42_candidates.csv,1,ketgpt_id|num_qubits|num_params|gate_count
kmnist,table1/ketgpt_parts/candidate_160/seed_42.csv,1,dataset|dataset_key|task|backbone|cache_manifest_sha256|model_name|candidate_rank|ketgpt_id|seed|compressor_dim|epochs|batch_size|lr|train_time_sec|epochs_executed|best_epoch|stop_reason|flashjt_forecast_path|flashjt_verification_path|checkpoint_latest|checkpoint_best|checkpoint_final|accuracy|precision_macro|recall_macro|f1_macro|auc_ovr_macro|inference_time_sec_total|inference_time_ms_per_sample|total_trainable_params|head_trainable_params|quantum_params|num_qubits|circuit_depth|num_gates_approx|shots|train_circuit_evaluations_approx|test_circuit_evaluations_approx|memory_usage_mb
kmnist,table1/ketgpt_parts/candidate_160/seed_2026.csv,1,dataset|dataset_key|task|backbone|cache_manifest_sha256|model_name|candidate_rank|ketgpt_id|seed|compressor_dim|epochs|batch_size|lr|train_time_sec|epochs_executed|best_epoch|stop_reason|flashjt_forecast_path|flashjt_verification_path|checkpoint_latest|checkpoint_best|checkpoint_final|accuracy|precision_macro|recall_macro|f1_macro|auc_ovr_macro|inference_time_sec_total|inference_time_ms_per_sample|total_trainable_params|head_trainable_params|quantum_params|num_qubits|circuit_depth|num_gates_approx|shots|train_circuit_evaluations_approx|test_circuit_evaluations_approx|memory_usage_mb
kmnist,table1/ketgpt_parts/candidate_160/seed_550.csv,1,dataset|dataset_key|task|backbone|cache_manifest_sha256|model_name|candidate_rank|ketgpt_id|seed|compressor_dim|epochs|batch_size|lr|train_time_sec|epochs_executed|best_epoch|stop_reason|flashjt_forecast_path|flashjt_verification_path|checkpoint_latest|checkpoint_best|checkpoint_final|accuracy|precision_macro|recall_macro|f1_macro|auc_ovr_macro|inference_time_sec_total|inference_time_ms_per_sample|total_trainable_params|head_trainable_params|quantum_params|num_qubits|circuit_depth|num_gates_approx|shots|train_circuit_evaluations_approx|test_circuit_evaluations_approx|memory_usage_mb
kmnist,table1/ketgpt_parts/candidate_160/seed_48_candidates.csv,1,ketgpt_id|num_qubits|num_params|gate_count
kmnist,table1/classical/seed_1.csv,2,dataset|dataset_key|task|backbone|cache_manifest_sha256|model_name|seed|compressor_dim|epochs|batch_size|lr|train_time_sec|epochs_executed|best_epoch|stop_reason|flashjt_forecast_path|flashjt_verification_path|checkpoint_latest|checkpoint_best|checkpoint_final|accuracy|precision_macro|recall_macro|f1_macro|auc_ovr_macro|inference_time_sec_total|inference_time_ms_per_sample|total_trainable_params|head_trainable_params|quantum_params|num_qubits|circuit_depth|num_gates_approx|shots|train_circuit_evaluations_approx|test_circuit_evaluations_approx|memory_usage_mb
kmnist,table1/classical/seed_2026.csv,2,dataset|dataset_key|task|backbone|cache_manifest_sha256|model_name|seed|compressor_dim|epochs|batch_size|lr|train_time_sec|epochs_executed|best_epoch|stop_reason|flashjt_forecast_path|flashjt_verification_path|checkpoint_latest|checkpoint_best|checkpoint_final|accuracy|precision_macro|recall_macro|f1_macro|auc_ovr_macro|inference_time_sec_total|inference_time_ms_per_sample|total_trainable_params|head_trainable_params|quantum_params|num_qubits|circuit_depth|num_gates_approx|shots|train_circuit_evaluations_approx|test_circuit_evaluations_approx|memory_usage_mb
kmnist,table1/classical/seed_48.csv,2,dataset|dataset_key|task|backbone|cache_manifest_sha256|model_name|seed|compressor_dim|epochs|batch_size|lr|train_time_sec|epochs_executed|best_epoch|stop_reason|flashjt_forecast_path|flashjt_verification_path|checkpoint_latest|checkpoint_best|checkpoint_final|accuracy|precision_macro|recall_macro|f1_macro|auc_ovr_macro|inference_time_sec_total|inference_time_ms_per_sample|total_trainable_params|head_trainable_params|quantum_params|num_qubits|circuit_depth|num_gates_approx|shots|train_circuit_evaluations_approx|test_circuit_evaluations_approx|memory_usage_mb
kmnist,table1/classical/seed_550.csv,2,dataset|dataset_key|task|backbone|cache_manifest_sha256|model_name|seed|compressor_dim|epochs|batch_size|lr|train_time_sec|epochs_executed|best_epoch|stop_reason|flashjt_forecast_path|flashjt_verification_path|checkpoint_latest|checkpoint_best|checkpoint_final|accuracy|precision_macro|recall_macro|f1_macro|auc_ovr_macro|inference_time_sec_total|inference_time_ms_per_sample|total_trainable_params|head_trainable_params|quantum_params|num_qubits|circuit_depth|num_gates_approx|shots|train_circuit_evaluations_approx|test_circuit_evaluations_approx|memory_usage_mb
kmnist,table1/classical/seed_42.csv,2,dataset|dataset_key|task|backbone|cache_manifest_sha256|model_name|seed|compressor_dim|epochs|batch_size|lr|train_time_sec|epochs_executed|best_epoch|stop_reason|flashjt_forecast_path|flashjt_verification_path|checkpoint_latest|checkpoint_best|checkpoint_final|accuracy|precision_macro|recall_macro|f1_macro|auc_ovr_macro|inference_time_sec_total|inference_time_ms_per_sample|total_trainable_params|head_trainable_params|quantum_params|num_qubits|circuit_depth|num_gates_approx|shots|train_circuit_evaluations_approx|test_circuit_evaluations_approx|memory_usage_mb
kmnist,table1/standard_qtl/seed_1_q8_d2.csv,1,dataset|dataset_key|task|backbone|cache_manifest_sha256|model_name|seed|compressor_dim|epochs|batch_size|lr|train_time_sec|epochs_executed|best_epoch|stop_reason|flashjt_forecast_path|flashjt_verification_path|checkpoint_latest|checkpoint_best|checkpoint_final|accuracy|precision_macro|recall_macro|f1_macro|auc_ovr_macro|inference_time_sec_total|inference_time_ms_per_sample|total_trainable_params|head_trainable_params|quantum_params|num_qubits|circuit_depth|num_gates_approx|shots|train_circuit_evaluations_approx|test_circuit_evaluations_approx|memory_usage_mb
kmnist,table1/standard_qtl/seed_1_q4_d2.csv,1,dataset|dataset_key|task|backbone|cache_manifest_sha256|model_name|seed|compressor_dim|epochs|batch_size|lr|train_time_sec|epochs_executed|best_epoch|stop_reason|flashjt_forecast_path|flashjt_verification_path|checkpoint_latest|checkpoint_best|checkpoint_final|accuracy|precision_macro|recall_macro|f1_macro|auc_ovr_macro|inference_time_sec_total|inference_time_ms_per_sample|total_trainable_params|head_trainable_params|quantum_params|num_qubits|circuit_depth|num_gates_approx|shots|train_circuit_evaluations_approx|test_circuit_evaluations_approx|memory_usage_mb
kmnist,table1/standard_qtl/seed_48_q6_d2.csv,1,dataset|dataset_key|task|backbone|cache_manifest_sha256|model_name|seed|compressor_dim|epochs|batch_size|lr|train_time_sec|epochs_executed|best_epoch|stop_reason|flashjt_forecast_path|flashjt_verification_path|checkpoint_latest|checkpoint_best|checkpoint_final|accuracy|precision_macro|recall_macro|f1_macro|auc_ovr_macro|inference_time_sec_total|inference_time_ms_per_sample|total_trainable_params|head_trainable_params|quantum_params|num_qubits|circuit_depth|num_gates_approx|shots|train_circuit_evaluations_approx|test_circuit_evaluations_approx|memory_usage_mb
kmnist,table1/standard_qtl/seed_1_q6_d2.csv,1,dataset|dataset_key|task|backbone|cache_manifest_sha256|model_name|seed|compressor_dim|epochs|batch_size|lr|train_time_sec|epochs_executed|best_epoch|stop_reason|flashjt_forecast_path|flashjt_verification_path|checkpoint_latest|checkpoint_best|checkpoint_final|accuracy|precision_macro|recall_macro|f1_macro|auc_ovr_macro|inference_time_sec_total|inference_time_ms_per_sample|total_trainable_params|head_trainable_params|quantum_params|num_qubits|circuit_depth|num_gates_approx|shots|train_circuit_evaluations_approx|test_circuit_evaluations_approx|memory_usage_mb
kmnist,table1/standard_qtl/seed_42_q8_d1.csv,1,dataset|dataset_key|task|backbone|cache_manifest_sha256|model_name|seed|compressor_dim|epochs|batch_size|lr|train_time_sec|epochs_executed|best_epoch|stop_reason|flashjt_forecast_path|flashjt_verification_path|checkpoint_latest|checkpoint_best|checkpoint_final|accuracy|precision_macro|recall_macro|f1_macro|auc_ovr_macro|inference_time_sec_total|inference_time_ms_per_sample|total_trainable_params|head_trainable_params|quantum_params|num_qubits|circuit_depth|num_gates_approx|shots|train_circuit_evaluations_approx|test_circuit_evaluations_approx|memory_usage_mb
kmnist,table1/standard_qtl/seed_2026_q8_d1.csv,1,dataset|dataset_key|task|backbone|cache_manifest_sha256|model_name|seed|compressor_dim|epochs|batch_size|lr|train_time_sec|epochs_executed|best_epoch|stop_reason|flashjt_forecast_path|flashjt_verification_path|checkpoint_latest|checkpoint_best|checkpoint_final|accuracy|precision_macro|recall_macro|f1_macro|auc_ovr_macro|inference_time_sec_total|inference_time_ms_per_sample|total_trainable_params|head_trainable_params|quantum_params|num_qubits|circuit_depth|num_gates_approx|shots|train_circuit_evaluations_approx|test_circuit_evaluations_approx|memory_usage_mb
kmnist,table1/standard_qtl/seed_42_q4_d2.csv,1,dataset|dataset_key|task|backbone|cache_manifest_sha256|model_name|seed|compressor_dim|epochs|batch_size|lr|train_time_sec|epochs_executed|best_epoch|stop_reason|flashjt_forecast_path|flashjt_verification_path|checkpoint_latest|checkpoint_best|checkpoint_final|accuracy|precision_macro|recall_macro|f1_macro|auc_ovr_macro|inference_time_sec_total|inference_time_ms_per_sample|total_trainable_params|head_trainable_params|quantum_params|num_qubits|circuit_depth|num_gates_approx|shots|train_circuit_evaluations_approx|test_circuit_evaluations_approx|memory_usage_mb
kmnist,table1/standard_qtl/seed_1_q4_d1.csv,1,dataset|dataset_key|task|backbone|cache_manifest_sha256|model_name|seed|compressor_dim|epochs|batch_size|lr|train_time_sec|epochs_executed|best_epoch|stop_reason|flashjt_forecast_path|flashjt_verification_path|checkpoint_latest|checkpoint_best|checkpoint_final|accuracy|precision_macro|recall_macro|f1_macro|auc_ovr_macro|inference_time_sec_total|inference_time_ms_per_sample|total_trainable_params|head_trainable_params|quantum_params|num_qubits|circuit_depth|num_gates_approx|shots|train_circuit_evaluations_approx|test_circuit_evaluations_approx|memory_usage_mb
kmnist,table1/standard_qtl/seed_2026_q4_d1.csv,1,dataset|dataset_key|task|backbone|cache_manifest_sha256|model_name|seed|compressor_dim|epochs|batch_size|lr|train_time_sec|epochs_executed|best_epoch|stop_reason|flashjt_forecast_path|flashjt_verification_path|checkpoint_latest|checkpoint_best|checkpoint_final|accuracy|precision_macro|recall_macro|f1_macro|auc_ovr_macro|inference_time_sec_total|inference_time_ms_per_sample|total_trainable_params|head_trainable_params|quantum_params|num_qubits|circuit_depth|num_gates_approx|shots|train_circuit_evaluations_approx|test_circuit_evaluations_approx|memory_usage_mb
kmnist,table1/standard_qtl/seed_550_q6_d1.csv,1,dataset|dataset_key|task|backbone|cache_manifest_sha256|model_name|seed|compressor_dim|epochs|batch_size|lr|train_time_sec|epochs_executed|best_epoch|stop_reason|flashjt_forecast_path|flashjt_verification_path|checkpoint_latest|checkpoint_best|checkpoint_final|accuracy|precision_macro|recall_macro|f1_macro|auc_ovr_macro|inference_time_sec_total|inference_time_ms_per_sample|total_trainable_params|head_trainable_params|quantum_params|num_qubits|circuit_depth|num_gates_approx|shots|train_circuit_evaluations_approx|test_circuit_evaluations_approx|memory_usage_mb
kmnist,table1/standard_qtl/seed_2026_q6_d1.csv,1,dataset|dataset_key|task|backbone|cache_manifest_sha256|model_name|seed|compressor_dim|epochs|batch_size|lr|train_time_sec|epochs_executed|best_epoch|stop_reason|flashjt_forecast_path|flashjt_verification_path|checkpoint_latest|checkpoint_best|checkpoint_final|accuracy|precision_macro|recall_macro|f1_macro|auc_ovr_macro|inference_time_sec_total|inference_time_ms_per_sample|total_trainable_params|head_trainable_params|quantum_params|num_qubits|circuit_depth|num_gates_approx|shots|train_circuit_evaluations_approx|test_circuit_evaluations_approx|memory_usage_mb
kmnist,table1/standard_qtl/seed_550_q4_d1.csv,1,dataset|dataset_key|task|backbone|cache_manifest_sha256|model_name|seed|compressor_dim|epochs|batch_size|lr|train_time_sec|epochs_executed|best_epoch|stop_reason|flashjt_forecast_path|flashjt_verification_path|checkpoint_latest|checkpoint_best|checkpoint_final|accuracy|precision_macro|recall_macro|f1_macro|auc_ovr_macro|inference_time_sec_total|inference_time_ms_per_sample|total_trainable_params|head_trainable_params|quantum_params|num_qubits|circuit_depth|num_gates_approx|shots|train_circuit_evaluations_approx|test_circuit_evaluations_approx|memory_usage_mb
kmnist,table1/standard_qtl/seed_1_q8_d1.csv,1,dataset|dataset_key|task|backbone|cache_manifest_sha256|model_name|seed|compressor_dim|epochs|batch_size|lr|train_time_sec|epochs_executed|best_epoch|stop_reason|flashjt_forecast_path|flashjt_verification_path|checkpoint_latest|checkpoint_best|checkpoint_final|accuracy|precision_macro|recall_macro|f1_macro|auc_ovr_macro|inference_time_sec_total|inference_time_ms_per_sample|total_trainable_params|head_trainable_params|quantum_params|num_qubits|circuit_depth|num_gates_approx|shots|train_circuit_evaluations_approx|test_circuit_evaluations_approx|memory_usage_mb
kmnist,table1/standard_qtl/seed_48_q4_d1.csv,1,dataset|dataset_key|task|backbone|cache_manifest_sha256|model_name|seed|compressor_dim|epochs|batch_size|lr|train_time_sec|epochs_executed|best_epoch|stop_reason|flashjt_forecast_path|flashjt_verification_path|checkpoint_latest|checkpoint_best|checkpoint_final|accuracy|precision_macro|recall_macro|f1_macro|auc_ovr_macro|inference_time_sec_total|inference_time_ms_per_sample|total_trainable_params|head_trainable_params|quantum_params|num_qubits|circuit_depth|num_gates_approx|shots|train_circuit_evaluations_approx|test_circuit_evaluations_approx|memory_usage_mb
kmnist,table1/standard_qtl/seed_1_q6_d1.csv,1,dataset|dataset_key|task|backbone|cache_manifest_sha256|model_name|seed|compressor_dim|epochs|batch_size|lr|train_time_sec|epochs_executed|best_epoch|stop_reason|flashjt_forecast_path|flashjt_verification_path|checkpoint_latest|checkpoint_best|checkpoint_final|accuracy|precision_macro|recall_macro|f1_macro|auc_ovr_macro|inference_time_sec_total|inference_time_ms_per_sample|total_trainable_params|head_trainable_params|quantum_params|num_qubits|circuit_depth|num_gates_approx|shots|train_circuit_evaluations_approx|test_circuit_evaluations_approx|memory_usage_mb
kmnist,table1/standard_qtl/seed_2026_q4_d2.csv,1,dataset|dataset_key|task|backbone|cache_manifest_sha256|model_name|seed|compressor_dim|epochs|batch_size|lr|train_time_sec|epochs_executed|best_epoch|stop_reason|flashjt_forecast_path|flashjt_verification_path|checkpoint_latest|checkpoint_best|checkpoint_final|accuracy|precision_macro|recall_macro|f1_macro|auc_ovr_macro|inference_time_sec_total|inference_time_ms_per_sample|total_trainable_params|head_trainable_params|quantum_params|num_qubits|circuit_depth|num_gates_approx|shots|train_circuit_evaluations_approx|test_circuit_evaluations_approx|memory_usage_mb
kmnist,table1/standard_qtl/seed_42_q4_d1.csv,1,dataset|dataset_key|task|backbone|cache_manifest_sha256|model_name|seed|compressor_dim|epochs|batch_size|lr|train_time_sec|epochs_executed|best_epoch|stop_reason|flashjt_forecast_path|flashjt_verification_path|checkpoint_latest|checkpoint_best|checkpoint_final|accuracy|precision_macro|recall_macro|f1_macro|auc_ovr_macro|inference_time_sec_total|inference_time_ms_per_sample|total_trainable_params|head_trainable_params|quantum_params|num_qubits|circuit_depth|num_gates_approx|shots|train_circuit_evaluations_approx|test_circuit_evaluations_approx|memory_usage_mb
kmnist,table1/standard_qtl/seed_42_q6_d2.csv,1,dataset|dataset_key|task|backbone|cache_manifest_sha256|model_name|seed|compressor_dim|epochs|batch_size|lr|train_time_sec|epochs_executed|best_epoch|stop_reason|flashjt_forecast_path|flashjt_verification_path|checkpoint_latest|checkpoint_best|checkpoint_final|accuracy|precision_macro|recall_macro|f1_macro|auc_ovr_macro|inference_time_sec_total|inference_time_ms_per_sample|total_trainable_params|head_trainable_params|quantum_params|num_qubits|circuit_depth|num_gates_approx|shots|train_circuit_evaluations_approx|test_circuit_evaluations_approx|memory_usage_mb
kmnist,table1/standard_qtl/seed_1_q6_d4.csv,1,dataset|dataset_key|task|backbone|cache_manifest_sha256|model_name|seed|compressor_dim|epochs|batch_size|lr|train_time_sec|epochs_executed|best_epoch|stop_reason|flashjt_forecast_path|flashjt_verification_path|checkpoint_latest|checkpoint_best|checkpoint_final|accuracy|precision_macro|recall_macro|f1_macro|auc_ovr_macro|inference_time_sec_total|inference_time_ms_per_sample|total_trainable_params|head_trainable_params|quantum_params|num_qubits|circuit_depth|num_gates_approx|shots|train_circuit_evaluations_approx|test_circuit_evaluations_approx|memory_usage_mb
kmnist,table1/standard_qtl/seed_42_q4_d4.csv,1,dataset|dataset_key|task|backbone|cache_manifest_sha256|model_name|seed|compressor_dim|epochs|batch_size|lr|train_time_sec|epochs_executed|best_epoch|stop_reason|flashjt_forecast_path|flashjt_verification_path|checkpoint_latest|checkpoint_best|checkpoint_final|accuracy|precision_macro|recall_macro|f1_macro|auc_ovr_macro|inference_time_sec_total|inference_time_ms_per_sample|total_trainable_params|head_trainable_params|quantum_params|num_qubits|circuit_depth|num_gates_approx|shots|train_circuit_evaluations_approx|test_circuit_evaluations_approx|memory_usage_mb
kmnist,table1/standard_qtl/seed_550_q4_d2.csv,1,dataset|dataset_key|task|backbone|cache_manifest_sha256|model_name|seed|compressor_dim|epochs|batch_size|lr|train_time_sec|epochs_executed|best_epoch|stop_reason|flashjt_forecast_path|flashjt_verification_path|checkpoint_latest|checkpoint_best|checkpoint_final|accuracy|precision_macro|recall_macro|f1_macro|auc_ovr_macro|inference_time_sec_total|inference_time_ms_per_sample|total_trainable_params|head_trainable_params|quantum_params|num_qubits|circuit_depth|num_gates_approx|shots|train_circuit_evaluations_approx|test_circuit_evaluations_approx|memory_usage_mb
kmnist,table1/standard_qtl/seed_1_q4_d4.csv,1,dataset|dataset_key|task|backbone|cache_manifest_sha256|model_name|seed|compressor_dim|epochs|batch_size|lr|train_time_sec|epochs_executed|best_epoch|stop_reason|flashjt_forecast_path|flashjt_verification_path|checkpoint_latest|checkpoint_best|checkpoint_final|accuracy|precision_macro|recall_macro|f1_macro|auc_ovr_macro|inference_time_sec_total|inference_time_ms_per_sample|total_trainable_params|head_trainable_params|quantum_params|num_qubits|circuit_depth|num_gates_approx|shots|train_circuit_evaluations_approx|test_circuit_evaluations_approx|memory_usage_mb
kmnist,table1/standard_qtl/seed_48_q6_d1.csv,1,dataset|dataset_key|task|backbone|cache_manifest_sha256|model_name|seed|compressor_dim|epochs|batch_size|lr|train_time_sec|epochs_executed|best_epoch|stop_reason|flashjt_forecast_path|flashjt_verification_path|checkpoint_latest|checkpoint_best|checkpoint_final|accuracy|precision_macro|recall_macro|f1_macro|auc_ovr_macro|inference_time_sec_total|inference_time_ms_per_sample|total_trainable_params|head_trainable_params|quantum_params|num_qubits|circuit_depth|num_gates_approx|shots|train_circuit_evaluations_approx|test_circuit_evaluations_approx|memory_usage_mb
kmnist,table1/standard_qtl/seed_42_q6_d1.csv,1,dataset|dataset_key|task|backbone|cache_manifest_sha256|model_name|seed|compressor_dim|epochs|batch_size|lr|train_time_sec|epochs_executed|best_epoch|stop_reason|flashjt_forecast_path|flashjt_verification_path|checkpoint_latest|checkpoint_best|checkpoint_final|accuracy|precision_macro|recall_macro|f1_macro|auc_ovr_macro|inference_time_sec_total|inference_time_ms_per_sample|total_trainable_params|head_trainable_params|quantum_params|num_qubits|circuit_depth|num_gates_approx|shots|train_circuit_evaluations_approx|test_circuit_evaluations_approx|memory_usage_mb
kmnist,table1/standard_qtl/seed_48_q8_d1.csv,1,dataset|dataset_key|task|backbone|cache_manifest_sha256|model_name|seed|compressor_dim|epochs|batch_size|lr|train_time_sec|epochs_executed|best_epoch|stop_reason|flashjt_forecast_path|flashjt_verification_path|checkpoint_latest|checkpoint_best|checkpoint_final|accuracy|precision_macro|recall_macro|f1_macro|auc_ovr_macro|inference_time_sec_total|inference_time_ms_per_sample|total_trainable_params|head_trainable_params|quantum_params|num_qubits|circuit_depth|num_gates_approx|shots|train_circuit_evaluations_approx|test_circuit_evaluations_approx|memory_usage_mb
kmnist,table1/standard_qtl/seed_550_q8_d1.csv,1,dataset|dataset_key|task|backbone|cache_manifest_sha256|model_name|seed|compressor_dim|epochs|batch_size|lr|train_time_sec|epochs_executed|best_epoch|stop_reason|flashjt_forecast_path|flashjt_verification_path|checkpoint_latest|checkpoint_best|checkpoint_final|accuracy|precision_macro|recall_macro|f1_macro|auc_ovr_macro|inference_time_sec_total|inference_time_ms_per_sample|total_trainable_params|head_trainable_params|quantum_params|num_qubits|circuit_depth|num_gates_approx|shots|train_circuit_evaluations_approx|test_circuit_evaluations_approx|memory_usage_mb
kmnist,table1/standard_qtl/seed_48_q4_d2.csv,1,dataset|dataset_key|task|backbone|cache_manifest_sha256|model_name|seed|compressor_dim|epochs|batch_size|lr|train_time_sec|epochs_executed|best_epoch|stop_reason|flashjt_forecast_path|flashjt_verification_path|checkpoint_latest|checkpoint_best|checkpoint_final|accuracy|precision_macro|recall_macro|f1_macro|auc_ovr_macro|inference_time_sec_total|inference_time_ms_per_sample|total_trainable_params|head_trainable_params|quantum_params|num_qubits|circuit_depth|num_gates_approx|shots|train_circuit_evaluations_approx|test_circuit_evaluations_approx|memory_usage_mb
kmnist,table2/adaptive160/seed_1.csv,15,dataset|dataset_key|task|backbone|cache_manifest_sha256|candidate_id|seed|experiment_type|model_name|threshold|low_count|low_pct|routed_to_classical_pct|routed_to_quantum_pct|avg_shots_per_sample|train_time_sec|inference_time_sec_total|inference_time_ms_per_sample|total_trainable_params|head_trainable_params|quantum_params|num_qubits|circuit_depth|num_gates_approx|shots|train_circuit_evaluations_approx|test_circuit_evaluations_approx|memory_usage_mb|accuracy|precision_macro|recall_macro|f1_macro|auc_ovr_macro|epochs_executed|best_epoch|stop_reason|flashjt_forecast_path|flashjt_verification_path|checkpoint_latest|checkpoint_best|checkpoint_final
kmnist,table2/adaptive160/seed_2026.csv,15,dataset|dataset_key|task|backbone|cache_manifest_sha256|candidate_id|seed|experiment_type|model_name|threshold|low_count|low_pct|routed_to_classical_pct|routed_to_quantum_pct|avg_shots_per_sample|train_time_sec|inference_time_sec_total|inference_time_ms_per_sample|total_trainable_params|head_trainable_params|quantum_params|num_qubits|circuit_depth|num_gates_approx|shots|train_circuit_evaluations_approx|test_circuit_evaluations_approx|memory_usage_mb|accuracy|precision_macro|recall_macro|f1_macro|auc_ovr_macro|epochs_executed|best_epoch|stop_reason|flashjt_forecast_path|flashjt_verification_path|checkpoint_latest|checkpoint_best|checkpoint_final
kmnist,table2/adaptive160/seed_48.csv,15,dataset|dataset_key|task|backbone|cache_manifest_sha256|candidate_id|seed|experiment_type|model_name|threshold|low_count|low_pct|routed_to_classical_pct|routed_to_quantum_pct|avg_shots_per_sample|train_time_sec|inference_time_sec_total|inference_time_ms_per_sample|total_trainable_params|head_trainable_params|quantum_params|num_qubits|circuit_depth|num_gates_approx|shots|train_circuit_evaluations_approx|test_circuit_evaluations_approx|memory_usage_mb|accuracy|precision_macro|recall_macro|f1_macro|auc_ovr_macro|epochs_executed|best_epoch|stop_reason|flashjt_forecast_path|flashjt_verification_path|checkpoint_latest|checkpoint_best|checkpoint_final
kmnist,table2/adaptive160/seed_550.csv,15,dataset|dataset_key|task|backbone|cache_manifest_sha256|candidate_id|seed|experiment_type|model_name|threshold|low_count|low_pct|routed_to_classical_pct|routed_to_quantum_pct|avg_shots_per_sample|train_time_sec|inference_time_sec_total|inference_time_ms_per_sample|total_trainable_params|head_trainable_params|quantum_params|num_qubits|circuit_depth|num_gates_approx|shots|train_circuit_evaluations_approx|test_circuit_evaluations_approx|memory_usage_mb|accuracy|precision_macro|recall_macro|f1_macro|auc_ovr_macro|epochs_executed|best_epoch|stop_reason|flashjt_forecast_path|flashjt_verification_path|checkpoint_latest|checkpoint_best|checkpoint_final
kmnist,table2/adaptive160/seed_42.csv,15,dataset|dataset_key|task|backbone|cache_manifest_sha256|candidate_id|seed|experiment_type|model_name|threshold|low_count|low_pct|routed_to_classical_pct|routed_to_quantum_pct|avg_shots_per_sample|train_time_sec|inference_time_sec_total|inference_time_ms_per_sample|total_trainable_params|head_trainable_params|quantum_params|num_qubits|circuit_depth|num_gates_approx|shots|train_circuit_evaluations_approx|test_circuit_evaluations_approx|memory_usage_mb|accuracy|precision_macro|recall_macro|f1_macro|auc_ovr_macro|epochs_executed|best_epoch|stop_reason|flashjt_forecast_path|flashjt_verification_path|checkpoint_latest|checkpoint_best|checkpoint_final
kmnist,table2/adaptive180/seed_1.csv,15,dataset|dataset_key|task|backbone|cache_manifest_sha256|candidate_id|seed|experiment_type|model_name|threshold|low_count|low_pct|routed_to_classical_pct|routed_to_quantum_pct|avg_shots_per_sample|train_time_sec|inference_time_sec_total|inference_time_ms_per_sample|total_trainable_params|head_trainable_params|quantum_params|num_qubits|circuit_depth|num_gates_approx|shots|train_circuit_evaluations_approx|test_circuit_evaluations_approx|memory_usage_mb|accuracy|precision_macro|recall_macro|f1_macro|auc_ovr_macro|epochs_executed|best_epoch|stop_reason|flashjt_forecast_path|flashjt_verification_path|checkpoint_latest|checkpoint_best|checkpoint_final
svhn,table1/ketgpt_parts/candidate_180/seed_42_candidates.csv,1,ketgpt_id|num_qubits|num_params|gate_count
svhn,table1/ketgpt_parts/candidate_180/seed_1.csv,1,dataset|dataset_key|task|backbone|cache_manifest_sha256|model_name|candidate_rank|ketgpt_id|seed|compressor_dim|epochs|batch_size|lr|train_time_sec|epochs_executed|best_epoch|stop_reason|flashjt_forecast_path|flashjt_verification_path|checkpoint_latest|checkpoint_best|checkpoint_final|accuracy|precision_macro|recall_macro|f1_macro|auc_ovr_macro|inference_time_sec_total|inference_time_ms_per_sample|total_trainable_params|head_trainable_params|quantum_params|num_qubits|circuit_depth|num_gates_approx|shots|train_circuit_evaluations_approx|test_circuit_evaluations_approx|memory_usage_mb
svhn,table1/ketgpt_parts/candidate_180/seed_1_candidates.csv,1,ketgpt_id|num_qubits|num_params|gate_count
svhn,table1/ketgpt_parts/candidate_160/seed_42.csv,1,dataset|dataset_key|task|backbone|cache_manifest_sha256|model_name|candidate_rank|ketgpt_id|seed|compressor_dim|epochs|batch_size|lr|train_time_sec|epochs_executed|best_epoch|stop_reason|flashjt_forecast_path|flashjt_verification_path|checkpoint_latest|checkpoint_best|checkpoint_final|accuracy|precision_macro|recall_macro|f1_macro|auc_ovr_macro|inference_time_sec_total|inference_time_ms_per_sample|total_trainable_params|head_trainable_params|quantum_params|num_qubits|circuit_depth|num_gates_approx|shots|train_circuit_evaluations_approx|test_circuit_evaluations_approx|memory_usage_mb
svhn,table1/ketgpt_parts/candidate_160/seed_48.csv,1,dataset|dataset_key|task|backbone|cache_manifest_sha256|model_name|candidate_rank|ketgpt_id|seed|compressor_dim|epochs|batch_size|lr|train_time_sec|epochs_executed|best_epoch|stop_reason|flashjt_forecast_path|flashjt_verification_path|checkpoint_latest|checkpoint_best|checkpoint_final|accuracy|precision_macro|recall_macro|f1_macro|auc_ovr_macro|inference_time_sec_total|inference_time_ms_per_sample|total_trainable_params|head_trainable_params|quantum_params|num_qubits|circuit_depth|num_gates_approx|shots|train_circuit_evaluations_approx|test_circuit_evaluations_approx|memory_usage_mb
svhn,table1/ketgpt_parts/candidate_160/seed_48_candidates.csv,1,ketgpt_id|num_qubits|num_params|gate_count
svhn,table1/ketgpt_parts/candidate_160/seed_2026_candidates.csv,1,ketgpt_id|num_qubits|num_params|gate_count
svhn,table1/ketgpt_parts/candidate_160/seed_1_candidates.csv,1,ketgpt_id|num_qubits|num_params|gate_count
svhn,table1/ketgpt_parts/candidate_160/seed_42_candidates.csv,1,ketgpt_id|num_qubits|num_params|gate_count
svhn,table1/ketgpt_parts/candidate_160/seed_550_candidates.csv,1,ketgpt_id|num_qubits|num_params|gate_count
svhn,table1/ketgpt_parts/candidate_160/seed_2026.csv,1,dataset|dataset_key|task|backbone|cache_manifest_sha256|model_name|candidate_rank|ketgpt_id|seed|compressor_dim|epochs|batch_size|lr|train_time_sec|epochs_executed|best_epoch|stop_reason|flashjt_forecast_path|flashjt_verification_path|checkpoint_latest|checkpoint_best|checkpoint_final|accuracy|precision_macro|recall_macro|f1_macro|auc_ovr_macro|inference_time_sec_total|inference_time_ms_per_sample|total_trainable_params|head_trainable_params|quantum_params|num_qubits|circuit_depth|num_gates_approx|shots|train_circuit_evaluations_approx|test_circuit_evaluations_approx|memory_usage_mb
svhn,table1/ketgpt_parts/candidate_160/seed_1.csv,1,dataset|dataset_key|task|backbone|cache_manifest_sha256|model_name|candidate_rank|ketgpt_id|seed|compressor_dim|epochs|batch_size|lr|train_time_sec|epochs_executed|best_epoch|stop_reason|flashjt_forecast_path|flashjt_verification_path|checkpoint_latest|checkpoint_best|checkpoint_final|accuracy|precision_macro|recall_macro|f1_macro|auc_ovr_macro|inference_time_sec_total|inference_time_ms_per_sample|total_trainable_params|head_trainable_params|quantum_params|num_qubits|circuit_depth|num_gates_approx|shots|train_circuit_evaluations_approx|test_circuit_evaluations_approx|memory_usage_mb
svhn,table1/ketgpt_parts/candidate_160/seed_550.csv,1,dataset|dataset_key|task|backbone|cache_manifest_sha256|model_name|candidate_rank|ketgpt_id|seed|compressor_dim|epochs|batch_size|lr|train_time_sec|epochs_executed|best_epoch|stop_reason|flashjt_forecast_path|flashjt_verification_path|checkpoint_latest|checkpoint_best|checkpoint_final|accuracy|precision_macro|recall_macro|f1_macro|auc_ovr_macro|inference_time_sec_total|inference_time_ms_per_sample|total_trainable_params|head_trainable_params|quantum_params|num_qubits|circuit_depth|num_gates_approx|shots|train_circuit_evaluations_approx|test_circuit_evaluations_approx|memory_usage_mb
svhn,table1/classical/seed_1.csv,2,dataset|dataset_key|task|backbone|cache_manifest_sha256|model_name|seed|compressor_dim|epochs|batch_size|lr|train_time_sec|epochs_executed|best_epoch|stop_reason|flashjt_forecast_path|flashjt_verification_path|checkpoint_latest|checkpoint_best|checkpoint_final|accuracy|precision_macro|recall_macro|f1_macro|auc_ovr_macro|inference_time_sec_total|inference_time_ms_per_sample|total_trainable_params|head_trainable_params|quantum_params|num_qubits|circuit_depth|num_gates_approx|shots|train_circuit_evaluations_approx|test_circuit_evaluations_approx|memory_usage_mb
svhn,table1/classical/seed_550.csv,2,dataset|dataset_key|task|backbone|cache_manifest_sha256|model_name|seed|compressor_dim|epochs|batch_size|lr|train_time_sec|epochs_executed|best_epoch|stop_reason|flashjt_forecast_path|flashjt_verification_path|checkpoint_latest|checkpoint_best|checkpoint_final|accuracy|precision_macro|recall_macro|f1_macro|auc_ovr_macro|inference_time_sec_total|inference_time_ms_per_sample|total_trainable_params|head_trainable_params|quantum_params|num_qubits|circuit_depth|num_gates_approx|shots|train_circuit_evaluations_approx|test_circuit_evaluations_approx|memory_usage_mb
svhn,table1/classical/seed_42.csv,2,dataset|dataset_key|task|backbone|cache_manifest_sha256|model_name|seed|compressor_dim|epochs|batch_size|lr|train_time_sec|epochs_executed|best_epoch|stop_reason|flashjt_forecast_path|flashjt_verification_path|checkpoint_latest|checkpoint_best|checkpoint_final|accuracy|precision_macro|recall_macro|f1_macro|auc_ovr_macro|inference_time_sec_total|inference_time_ms_per_sample|total_trainable_params|head_trainable_params|quantum_params|num_qubits|circuit_depth|num_gates_approx|shots|train_circuit_evaluations_approx|test_circuit_evaluations_approx|memory_usage_mb
svhn,table1/classical/seed_2026.csv,2,dataset|dataset_key|task|backbone|cache_manifest_sha256|model_name|seed|compressor_dim|epochs|batch_size|lr|train_time_sec|epochs_executed|best_epoch|stop_reason|flashjt_forecast_path|flashjt_verification_path|checkpoint_latest|checkpoint_best|checkpoint_final|accuracy|precision_macro|recall_macro|f1_macro|auc_ovr_macro|inference_time_sec_total|inference_time_ms_per_sample|total_trainable_params|head_trainable_params|quantum_params|num_qubits|circuit_depth|num_gates_approx|shots|train_circuit_evaluations_approx|test_circuit_evaluations_approx|memory_usage_mb
svhn,table1/classical/seed_48.csv,2,dataset|dataset_key|task|backbone|cache_manifest_sha256|model_name|seed|compressor_dim|epochs|batch_size|lr|train_time_sec|epochs_executed|best_epoch|stop_reason|flashjt_forecast_path|flashjt_verification_path|checkpoint_latest|checkpoint_best|checkpoint_final|accuracy|precision_macro|recall_macro|f1_macro|auc_ovr_macro|inference_time_sec_total|inference_time_ms_per_sample|total_trainable_params|head_trainable_params|quantum_params|num_qubits|circuit_depth|num_gates_approx|shots|train_circuit_evaluations_approx|test_circuit_evaluations_approx|memory_usage_mb
svhn,table1/standard_qtl/seed_1_q4_d2.csv,1,dataset|dataset_key|task|backbone|cache_manifest_sha256|model_name|seed|compressor_dim|epochs|batch_size|lr|train_time_sec|epochs_executed|best_epoch|stop_reason|flashjt_forecast_path|flashjt_verification_path|checkpoint_latest|checkpoint_best|checkpoint_final|accuracy|precision_macro|recall_macro|f1_macro|auc_ovr_macro|inference_time_sec_total|inference_time_ms_per_sample|total_trainable_params|head_trainable_params|quantum_params|num_qubits|circuit_depth|num_gates_approx|shots|train_circuit_evaluations_approx|test_circuit_evaluations_approx|memory_usage_mb
svhn,table1/standard_qtl/seed_48_q4_d2.csv,1,dataset|dataset_key|task|backbone|cache_manifest_sha256|model_name|seed|compressor_dim|epochs|batch_size|lr|train_time_sec|epochs_executed|best_epoch|stop_reason|flashjt_forecast_path|flashjt_verification_path|checkpoint_latest|checkpoint_best|checkpoint_final|accuracy|precision_macro|recall_macro|f1_macro|auc_ovr_macro|inference_time_sec_total|inference_time_ms_per_sample|total_trainable_params|head_trainable_params|quantum_params|num_qubits|circuit_depth|num_gates_approx|shots|train_circuit_evaluations_approx|test_circuit_evaluations_approx|memory_usage_mb
svhn,table1/standard_qtl/seed_48_q6_d1.csv,1,dataset|dataset_key|task|backbone|cache_manifest_sha256|model_name|seed|compressor_dim|epochs|batch_size|lr|train_time_sec|epochs_executed|best_epoch|stop_reason|flashjt_forecast_path|flashjt_verification_path|checkpoint_latest|checkpoint_best|checkpoint_final|accuracy|precision_macro|recall_macro|f1_macro|auc_ovr_macro|inference_time_sec_total|inference_time_ms_per_sample|total_trainable_params|head_trainable_params|quantum_params|num_qubits|circuit_depth|num_gates_approx|shots|train_circuit_evaluations_approx|test_circuit_evaluations_approx|memory_usage_mb
svhn,table1/standard_qtl/seed_48_q8_d1.csv,1,dataset|dataset_key|task|backbone|cache_manifest_sha256|model_name|seed|compressor_dim|epochs|batch_size|lr|train_time_sec|epochs_executed|best_epoch|stop_reason|flashjt_forecast_path|flashjt_verification_path|checkpoint_latest|checkpoint_best|checkpoint_final|accuracy|precision_macro|recall_macro|f1_macro|auc_ovr_macro|inference_time_sec_total|inference_time_ms_per_sample|total_trainable_params|head_trainable_params|quantum_params|num_qubits|circuit_depth|num_gates_approx|shots|train_circuit_evaluations_approx|test_circuit_evaluations_approx|memory_usage_mb
svhn,table1/standard_qtl/seed_1_q8_d1.csv,1,dataset|dataset_key|task|backbone|cache_manifest_sha256|model_name|seed|compressor_dim|epochs|batch_size|lr|train_time_sec|epochs_executed|best_epoch|stop_reason|flashjt_forecast_path|flashjt_verification_path|checkpoint_latest|checkpoint_best|checkpoint_final|accuracy|precision_macro|recall_macro|f1_macro|auc_ovr_macro|inference_time_sec_total|inference_time_ms_per_sample|total_trainable_params|head_trainable_params|quantum_params|num_qubits|circuit_depth|num_gates_approx|shots|train_circuit_evaluations_approx|test_circuit_evaluations_approx|memory_usage_mb
svhn,table1/standard_qtl/seed_2026_q8_d1.csv,1,dataset|dataset_key|task|backbone|cache_manifest_sha256|model_name|seed|compressor_dim|epochs|batch_size|lr|train_time_sec|epochs_executed|best_epoch|stop_reason|flashjt_forecast_path|flashjt_verification_path|checkpoint_latest|checkpoint_best|checkpoint_final|accuracy|precision_macro|recall_macro|f1_macro|auc_ovr_macro|inference_time_sec_total|inference_time_ms_per_sample|total_trainable_params|head_trainable_params|quantum_params|num_qubits|circuit_depth|num_gates_approx|shots|train_circuit_evaluations_approx|test_circuit_evaluations_approx|memory_usage_mb
svhn,table1/standard_qtl/seed_550_q4_d2.csv,1,dataset|dataset_key|task|backbone|cache_manifest_sha256|model_name|seed|compressor_dim|epochs|batch_size|lr|train_time_sec|epochs_executed|best_epoch|stop_reason|flashjt_forecast_path|flashjt_verification_path|checkpoint_latest|checkpoint_best|checkpoint_final|accuracy|precision_macro|recall_macro|f1_macro|auc_ovr_macro|inference_time_sec_total|inference_time_ms_per_sample|total_trainable_params|head_trainable_params|quantum_params|num_qubits|circuit_depth|num_gates_approx|shots|train_circuit_evaluations_approx|test_circuit_evaluations_approx|memory_usage_mb
svhn,table1/standard_qtl/seed_48_q6_d2.csv,1,dataset|dataset_key|task|backbone|cache_manifest_sha256|model_name|seed|compressor_dim|epochs|batch_size|lr|train_time_sec|epochs_executed|best_epoch|stop_reason|flashjt_forecast_path|flashjt_verification_path|checkpoint_latest|checkpoint_best|checkpoint_final|accuracy|precision_macro|recall_macro|f1_macro|auc_ovr_macro|inference_time_sec_total|inference_time_ms_per_sample|total_trainable_params|head_trainable_params|quantum_params|num_qubits|circuit_depth|num_gates_approx|shots|train_circuit_evaluations_approx|test_circuit_evaluations_approx|memory_usage_mb
svhn,table1/standard_qtl/seed_2026_q4_d1.csv,1,dataset|dataset_key|task|backbone|cache_manifest_sha256|model_name|seed|compressor_dim|epochs|batch_size|lr|train_time_sec|epochs_executed|best_epoch|stop_reason|flashjt_forecast_path|flashjt_verification_path|checkpoint_latest|checkpoint_best|checkpoint_final|accuracy|precision_macro|recall_macro|f1_macro|auc_ovr_macro|inference_time_sec_total|inference_time_ms_per_sample|total_trainable_params|head_trainable_params|quantum_params|num_qubits|circuit_depth|num_gates_approx|shots|train_circuit_evaluations_approx|test_circuit_evaluations_approx|memory_usage_mb
svhn,table1/standard_qtl/seed_2026_q6_d1.csv,1,dataset|dataset_key|task|backbone|cache_manifest_sha256|model_name|seed|compressor_dim|epochs|batch_size|lr|train_time_sec|epochs_executed|best_epoch|stop_reason|flashjt_forecast_path|flashjt_verification_path|checkpoint_latest|checkpoint_best|checkpoint_final|accuracy|precision_macro|recall_macro|f1_macro|auc_ovr_macro|inference_time_sec_total|inference_time_ms_per_sample|total_trainable_params|head_trainable_params|quantum_params|num_qubits|circuit_depth|num_gates_approx|shots|train_circuit_evaluations_approx|test_circuit_evaluations_approx|memory_usage_mb
svhn,table1/standard_qtl/seed_1_q4_d1.csv,1,dataset|dataset_key|task|backbone|cache_manifest_sha256|model_name|seed|compressor_dim|epochs|batch_size|lr|train_time_sec|epochs_executed|best_epoch|stop_reason|flashjt_forecast_path|flashjt_verification_path|checkpoint_latest|checkpoint_best|checkpoint_final|accuracy|precision_macro|recall_macro|f1_macro|auc_ovr_macro|inference_time_sec_total|inference_time_ms_per_sample|total_trainable_params|head_trainable_params|quantum_params|num_qubits|circuit_depth|num_gates_approx|shots|train_circuit_evaluations_approx|test_circuit_evaluations_approx|memory_usage_mb
svhn,table1/standard_qtl/seed_42_q8_d1.csv,1,dataset|dataset_key|task|backbone|cache_manifest_sha256|model_name|seed|compressor_dim|epochs|batch_size|lr|train_time_sec|epochs_executed|best_epoch|stop_reason|flashjt_forecast_path|flashjt_verification_path|checkpoint_latest|checkpoint_best|checkpoint_final|accuracy|precision_macro|recall_macro|f1_macro|auc_ovr_macro|inference_time_sec_total|inference_time_ms_per_sample|total_trainable_params|head_trainable_params|quantum_params|num_qubits|circuit_depth|num_gates_approx|shots|train_circuit_evaluations_approx|test_circuit_evaluations_approx|memory_usage_mb
svhn,table1/standard_qtl/seed_1_q6_d2.csv,1,dataset|dataset_key|task|backbone|cache_manifest_sha256|model_name|seed|compressor_dim|epochs|batch_size|lr|train_time_sec|epochs_executed|best_epoch|stop_reason|flashjt_forecast_path|flashjt_verification_path|checkpoint_latest|checkpoint_best|checkpoint_final|accuracy|precision_macro|recall_macro|f1_macro|auc_ovr_macro|inference_time_sec_total|inference_time_ms_per_sample|total_trainable_params|head_trainable_params|quantum_params|num_qubits|circuit_depth|num_gates_approx|shots|train_circuit_evaluations_approx|test_circuit_evaluations_approx|memory_usage_mb
svhn,table1/standard_qtl/seed_1_q8_d2.csv,1,dataset|dataset_key|task|backbone|cache_manifest_sha256|model_name|seed|compressor_dim|epochs|batch_size|lr|train_time_sec|epochs_executed|best_epoch|stop_reason|flashjt_forecast_path|flashjt_verification_path|checkpoint_latest|checkpoint_best|checkpoint_final|accuracy|precision_macro|recall_macro|f1_macro|auc_ovr_macro|inference_time_sec_total|inference_time_ms_per_sample|total_trainable_params|head_trainable_params|quantum_params|num_qubits|circuit_depth|num_gates_approx|shots|train_circuit_evaluations_approx|test_circuit_evaluations_approx|memory_usage_mb
svhn,table1/standard_qtl/seed_550_q8_d1.csv,1,dataset|dataset_key|task|backbone|cache_manifest_sha256|model_name|seed|compressor_dim|epochs|batch_size|lr|train_time_sec|epochs_executed|best_epoch|stop_reason|flashjt_forecast_path|flashjt_verification_path|checkpoint_latest|checkpoint_best|checkpoint_final|accuracy|precision_macro|recall_macro|f1_macro|auc_ovr_macro|inference_time_sec_total|inference_time_ms_per_sample|total_trainable_params|head_trainable_params|quantum_params|num_qubits|circuit_depth|num_gates_approx|shots|train_circuit_evaluations_approx|test_circuit_evaluations_approx|memory_usage_mb
svhn,table1/standard_qtl/seed_550_q6_d1.csv,1,dataset|dataset_key|task|backbone|cache_manifest_sha256|model_name|seed|compressor_dim|epochs|batch_size|lr|train_time_sec|epochs_executed|best_epoch|stop_reason|flashjt_forecast_path|flashjt_verification_path|checkpoint_latest|checkpoint_best|checkpoint_final|accuracy|precision_macro|recall_macro|f1_macro|auc_ovr_macro|inference_time_sec_total|inference_time_ms_per_sample|total_trainable_params|head_trainable_params|quantum_params|num_qubits|circuit_depth|num_gates_approx|shots|train_circuit_evaluations_approx|test_circuit_evaluations_approx|memory_usage_mb
svhn,table1/standard_qtl/seed_48_q4_d1.csv,1,dataset|dataset_key|task|backbone|cache_manifest_sha256|model_name|seed|compressor_dim|epochs|batch_size|lr|train_time_sec|epochs_executed|best_epoch|stop_reason|flashjt_forecast_path|flashjt_verification_path|checkpoint_latest|checkpoint_best|checkpoint_final|accuracy|precision_macro|recall_macro|f1_macro|auc_ovr_macro|inference_time_sec_total|inference_time_ms_per_sample|total_trainable_params|head_trainable_params|quantum_params|num_qubits|circuit_depth|num_gates_approx|shots|train_circuit_evaluations_approx|test_circuit_evaluations_approx|memory_usage_mb
svhn,table1/standard_qtl/seed_1_q4_d4.csv,1,dataset|dataset_key|task|backbone|cache_manifest_sha256|model_name|seed|compressor_dim|epochs|batch_size|lr|train_time_sec|epochs_executed|best_epoch|stop_reason|flashjt_forecast_path|flashjt_verification_path|checkpoint_latest|checkpoint_best|checkpoint_final|accuracy|precision_macro|recall_macro|f1_macro|auc_ovr_macro|inference_time_sec_total|inference_time_ms_per_sample|total_trainable_params|head_trainable_params|quantum_params|num_qubits|circuit_depth|num_gates_approx|shots|train_circuit_evaluations_approx|test_circuit_evaluations_approx|memory_usage_mb
svhn,table1/standard_qtl/seed_42_q6_d1.csv,1,dataset|dataset_key|task|backbone|cache_manifest_sha256|model_name|seed|compressor_dim|epochs|batch_size|lr|train_time_sec|epochs_executed|best_epoch|stop_reason|flashjt_forecast_path|flashjt_verification_path|checkpoint_latest|checkpoint_best|checkpoint_final|accuracy|precision_macro|recall_macro|f1_macro|auc_ovr_macro|inference_time_sec_total|inference_time_ms_per_sample|total_trainable_params|head_trainable_params|quantum_params|num_qubits|circuit_depth|num_gates_approx|shots|train_circuit_evaluations_approx|test_circuit_evaluations_approx|memory_usage_mb
svhn,table1/standard_qtl/seed_550_q4_d1.csv,1,dataset|dataset_key|task|backbone|cache_manifest_sha256|model_name|seed|compressor_dim|epochs|batch_size|lr|train_time_sec|epochs_executed|best_epoch|stop_reason|flashjt_forecast_path|flashjt_verification_path|checkpoint_latest|checkpoint_best|checkpoint_final|accuracy|precision_macro|recall_macro|f1_macro|auc_ovr_macro|inference_time_sec_total|inference_time_ms_per_sample|total_trainable_params|head_trainable_params|quantum_params|num_qubits|circuit_depth|num_gates_approx|shots|train_circuit_evaluations_approx|test_circuit_evaluations_approx|memory_usage_mb
svhn,table1/standard_qtl/seed_1_q6_d4.csv,1,dataset|dataset_key|task|backbone|cache_manifest_sha256|model_name|seed|compressor_dim|epochs|batch_size|lr|train_time_sec|epochs_executed|best_epoch|stop_reason|flashjt_forecast_path|flashjt_verification_path|checkpoint_latest|checkpoint_best|checkpoint_final|accuracy|precision_macro|recall_macro|f1_macro|auc_ovr_macro|inference_time_sec_total|inference_time_ms_per_sample|total_trainable_params|head_trainable_params|quantum_params|num_qubits|circuit_depth|num_gates_approx|shots|train_circuit_evaluations_approx|test_circuit_evaluations_approx|memory_usage_mb
svhn,table1/standard_qtl/seed_42_q6_d2.csv,1,dataset|dataset_key|task|backbone|cache_manifest_sha256|model_name|seed|compressor_dim|epochs|batch_size|lr|train_time_sec|epochs_executed|best_epoch|stop_reason|flashjt_forecast_path|flashjt_verification_path|checkpoint_latest|checkpoint_best|checkpoint_final|accuracy|precision_macro|recall_macro|f1_macro|auc_ovr_macro|inference_time_sec_total|inference_time_ms_per_sample|total_trainable_params|head_trainable_params|quantum_params|num_qubits|circuit_depth|num_gates_approx|shots|train_circuit_evaluations_approx|test_circuit_evaluations_approx|memory_usage_mb
svhn,table1/standard_qtl/seed_42_q4_d4.csv,1,dataset|dataset_key|task|backbone|cache_manifest_sha256|model_name|seed|compressor_dim|epochs|batch_size|lr|train_time_sec|epochs_executed|best_epoch|stop_reason|flashjt_forecast_path|flashjt_verification_path|checkpoint_latest|checkpoint_best|checkpoint_final|accuracy|precision_macro|recall_macro|f1_macro|auc_ovr_macro|inference_time_sec_total|inference_time_ms_per_sample|total_trainable_params|head_trainable_params|quantum_params|num_qubits|circuit_depth|num_gates_approx|shots|train_circuit_evaluations_approx|test_circuit_evaluations_approx|memory_usage_mb
svhn,table1/standard_qtl/seed_42_q4_d1.csv,1,dataset|dataset_key|task|backbone|cache_manifest_sha256|model_name|seed|compressor_dim|epochs|batch_size|lr|train_time_sec|epochs_executed|best_epoch|stop_reason|flashjt_forecast_path|flashjt_verification_path|checkpoint_latest|checkpoint_best|checkpoint_final|accuracy|precision_macro|recall_macro|f1_macro|auc_ovr_macro|inference_time_sec_total|inference_time_ms_per_sample|total_trainable_params|head_trainable_params|quantum_params|num_qubits|circuit_depth|num_gates_approx|shots|train_circuit_evaluations_approx|test_circuit_evaluations_approx|memory_usage_mb
svhn,table1/standard_qtl/seed_1_q6_d1.csv,1,dataset|dataset_key|task|backbone|cache_manifest_sha256|model_name|seed|compressor_dim|epochs|batch_size|lr|train_time_sec|epochs_executed|best_epoch|stop_reason|flashjt_forecast_path|flashjt_verification_path|checkpoint_latest|checkpoint_best|checkpoint_final|accuracy|precision_macro|recall_macro|f1_macro|auc_ovr_macro|inference_time_sec_total|inference_time_ms_per_sample|total_trainable_params|head_trainable_params|quantum_params|num_qubits|circuit_depth|num_gates_approx|shots|train_circuit_evaluations_approx|test_circuit_evaluations_approx|memory_usage_mb
svhn,table1/standard_qtl/seed_2026_q4_d2.csv,1,dataset|dataset_key|task|backbone|cache_manifest_sha256|model_name|seed|compressor_dim|epochs|batch_size|lr|train_time_sec|epochs_executed|best_epoch|stop_reason|flashjt_forecast_path|flashjt_verification_path|checkpoint_latest|checkpoint_best|checkpoint_final|accuracy|precision_macro|recall_macro|f1_macro|auc_ovr_macro|inference_time_sec_total|inference_time_ms_per_sample|total_trainable_params|head_trainable_params|quantum_params|num_qubits|circuit_depth|num_gates_approx|shots|train_circuit_evaluations_approx|test_circuit_evaluations_approx|memory_usage_mb
svhn,table1/standard_qtl/seed_42_q4_d2.csv,1,dataset|dataset_key|task|backbone|cache_manifest_sha256|model_name|seed|compressor_dim|epochs|batch_size|lr|train_time_sec|epochs_executed|best_epoch|stop_reason|flashjt_forecast_path|flashjt_verification_path|checkpoint_latest|checkpoint_best|checkpoint_final|accuracy|precision_macro|recall_macro|f1_macro|auc_ovr_macro|inference_time_sec_total|inference_time_ms_per_sample|total_trainable_params|head_trainable_params|quantum_params|num_qubits|circuit_depth|num_gates_approx|shots|train_circuit_evaluations_approx|test_circuit_evaluations_approx|memory_usage_mb
svhn,table2/adaptive180/seed_1.csv,15,dataset|dataset_key|task|backbone|cache_manifest_sha256|candidate_id|seed|experiment_type|model_name|threshold|low_count|low_pct|routed_to_classical_pct|routed_to_quantum_pct|avg_shots_per_sample|train_time_sec|inference_time_sec_total|inference_time_ms_per_sample|total_trainable_params|head_trainable_params|quantum_params|num_qubits|circuit_depth|num_gates_approx|shots|train_circuit_evaluations_approx|test_circuit_evaluations_approx|memory_usage_mb|accuracy|precision_macro|recall_macro|f1_macro|auc_ovr_macro|epochs_executed|best_epoch|stop_reason|flashjt_forecast_path|flashjt_verification_path|checkpoint_latest|checkpoint_best|checkpoint_final
svhn,table2/adaptive160/seed_48.csv,15,dataset|dataset_key|task|backbone|cache_manifest_sha256|candidate_id|seed|experiment_type|model_name|threshold|low_count|low_pct|routed_to_classical_pct|routed_to_quantum_pct|avg_shots_per_sample|train_time_sec|inference_time_sec_total|inference_time_ms_per_sample|total_trainable_params|head_trainable_params|quantum_params|num_qubits|circuit_depth|num_gates_approx|shots|train_circuit_evaluations_approx|test_circuit_evaluations_approx|memory_usage_mb|accuracy|precision_macro|recall_macro|f1_macro|auc_ovr_macro|epochs_executed|best_epoch|stop_reason|flashjt_forecast_path|flashjt_verification_path|checkpoint_latest|checkpoint_best|checkpoint_final
svhn,table2/adaptive160/seed_42.csv,15,dataset|dataset_key|task|backbone|cache_manifest_sha256|candidate_id|seed|experiment_type|model_name|threshold|low_count|low_pct|routed_to_classical_pct|routed_to_quantum_pct|avg_shots_per_sample|train_time_sec|inference_time_sec_total|inference_time_ms_per_sample|total_trainable_params|head_trainable_params|quantum_params|num_qubits|circuit_depth|num_gates_approx|shots|train_circuit_evaluations_approx|test_circuit_evaluations_approx|memory_usage_mb|accuracy|precision_macro|recall_macro|f1_macro|auc_ovr_macro|epochs_executed|best_epoch|stop_reason|flashjt_forecast_path|flashjt_verification_path|checkpoint_latest|checkpoint_best|checkpoint_final
svhn,table2/adaptive160/seed_1.csv,15,dataset|dataset_key|task|backbone|cache_manifest_sha256|candidate_id|seed|experiment_type|model_name|threshold|low_count|low_pct|routed_to_classical_pct|routed_to_quantum_pct|avg_shots_per_sample|train_time_sec|inference_time_sec_total|inference_time_ms_per_sample|total_trainable_params|head_trainable_params|quantum_params|num_qubits|circuit_depth|num_gates_approx|shots|train_circuit_evaluations_approx|test_circuit_evaluations_approx|memory_usage_mb|accuracy|precision_macro|recall_macro|f1_macro|auc_ovr_macro|epochs_executed|best_epoch|stop_reason|flashjt_forecast_path|flashjt_verification_path|checkpoint_latest|checkpoint_best|checkpoint_final
svhn,table2/adaptive160/seed_2026.csv,15,dataset|dataset_key|task|backbone|cache_manifest_sha256|candidate_id|seed|experiment_type|model_name|threshold|low_count|low_pct|routed_to_classical_pct|routed_to_quantum_pct|avg_shots_per_sample|train_time_sec|inference_time_sec_total|inference_time_ms_per_sample|total_trainable_params|head_trainable_params|quantum_params|num_qubits|circuit_depth|num_gates_approx|shots|train_circuit_evaluations_approx|test_circuit_evaluations_approx|memory_usage_mb|accuracy|precision_macro|recall_macro|f1_macro|auc_ovr_macro|epochs_executed|best_epoch|stop_reason|flashjt_forecast_path|flashjt_verification_path|checkpoint_latest|checkpoint_best|checkpoint_final
svhn,table2/adaptive160/seed_550.csv,15,dataset|dataset_key|task|backbone|cache_manifest_sha256|candidate_id|seed|experiment_type|model_name|threshold|low_count|low_pct|routed_to_classical_pct|routed_to_quantum_pct|avg_shots_per_sample|train_time_sec|inference_time_sec_total|inference_time_ms_per_sample|total_trainable_params|head_trainable_params|quantum_params|num_qubits|circuit_depth|num_gates_approx|shots|train_circuit_evaluations_approx|test_circuit_evaluations_approx|memory_usage_mb|accuracy|precision_macro|recall_macro|f1_macro|auc_ovr_macro|epochs_executed|best_epoch|stop_reason|flashjt_forecast_path|flashjt_verification_path|checkpoint_latest|checkpoint_best|checkpoint_final
