dataset,table,method,seed,seed_role,epoch,result_ready,status,flashjt_allow_stop_seen,source_file
cifar10,I,classical/linear,1,FULL_HISTORY,10.0,True,FINAL_RESULT_AVAILABLE,False,table1/classical/seed_1.csv
cifar10,I,classical/linear,42,FULL_HISTORY,10.0,True,FINAL_RESULT_AVAILABLE,False,table1/classical/seed_42.csv
cifar10,I,classical/linear,48,FULL_HISTORY,10.0,True,FINAL_RESULT_AVAILABLE,False,table1/classical/seed_48.csv
cifar10,I,classical/linear,550,FLASHJT_ELIGIBLE,6.0,True,FINAL_RESULT_AVAILABLE,False,table1/classical/seed_550.csv
cifar10,I,classical/linear,2026,FLASHJT_ELIGIBLE,6.0,True,FINAL_RESULT_AVAILABLE,False,table1/classical/seed_2026.csv
cifar10,I,classical/matched_mlp,1,FULL_HISTORY,10.0,True,FINAL_RESULT_AVAILABLE,False,table1/classical/seed_1.csv
cifar10,I,classical/matched_mlp,42,FULL_HISTORY,10.0,True,FINAL_RESULT_AVAILABLE,False,table1/classical/seed_42.csv
cifar10,I,classical/matched_mlp,48,FULL_HISTORY,10.0,True,FINAL_RESULT_AVAILABLE,False,table1/classical/seed_48.csv
cifar10,I,classical/matched_mlp,550,FLASHJT_ELIGIBLE,10.0,True,FINAL_RESULT_AVAILABLE,False,table1/classical/seed_550.csv
cifar10,I,classical/matched_mlp,2026,FLASHJT_ELIGIBLE,6.0,True,FINAL_RESULT_AVAILABLE,False,table1/classical/seed_2026.csv
cifar10,I,ketgpt/candidate_160,1,FULL_HISTORY,10.0,True,FINAL_RESULT_AVAILABLE,False,table1/ketgpt/seed_1.csv
cifar10,I,ketgpt/candidate_160,42,FULL_HISTORY,10.0,True,FINAL_RESULT_AVAILABLE,False,table1/ketgpt/seed_42.csv
cifar10,I,ketgpt/candidate_160,48,FULL_HISTORY,10.0,True,FINAL_RESULT_AVAILABLE,False,table1/ketgpt/seed_48.csv
cifar10,I,ketgpt/candidate_160,550,FLASHJT_ELIGIBLE,6.0,True,FINAL_RESULT_AVAILABLE,False,table1/ketgpt/seed_550.csv
cifar10,I,ketgpt/candidate_160,2026,FLASHJT_ELIGIBLE,6.0,True,FINAL_RESULT_AVAILABLE,False,table1/ketgpt/seed_2026.csv
cifar10,I,ketgpt/candidate_180,1,FULL_HISTORY,10.0,True,FINAL_RESULT_AVAILABLE,False,table1/ketgpt/seed_1.csv
cifar10,I,ketgpt/candidate_180,42,FULL_HISTORY,10.0,True,FINAL_RESULT_AVAILABLE,False,table1/ketgpt/seed_42.csv
cifar10,I,ketgpt/candidate_180,48,FULL_HISTORY,10.0,True,FINAL_RESULT_AVAILABLE,False,table1/ketgpt/seed_48.csv
cifar10,I,ketgpt/candidate_180,550,FLASHJT_ELIGIBLE,5.0,True,FINAL_RESULT_AVAILABLE,False,table1/ketgpt/seed_550_candidates.csv
cifar10,I,ketgpt/candidate_180,2026,FLASHJT_ELIGIBLE,5.0,True,FINAL_RESULT_AVAILABLE,False,table1/ketgpt/seed_2026_candidates.csv
cifar10,I,standard_qtl/q4_d1,1,FULL_HISTORY,10.0,True,FINAL_RESULT_AVAILABLE,False,table1/standard_qtl/seed_1_q4_d1.csv
cifar10,I,standard_qtl/q4_d1,42,FULL_HISTORY,10.0,True,FINAL_RESULT_AVAILABLE,False,table1/standard_qtl/seed_42_q4_d1.csv
cifar10,I,standard_qtl/q4_d1,48,FULL_HISTORY,10.0,True,FINAL_RESULT_AVAILABLE,False,table1/standard_qtl/seed_48_q4_d1.csv
cifar10,I,standard_qtl/q4_d1,550,FLASHJT_ELIGIBLE,10.0,True,FINAL_RESULT_AVAILABLE,False,table1/standard_qtl/seed_550_q4_d1.csv
cifar10,I,standard_qtl/q4_d1,2026,FLASHJT_ELIGIBLE,10.0,True,FINAL_RESULT_AVAILABLE,False,table1/standard_qtl/seed_2026_q4_d1.csv
cifar10,I,standard_qtl/q4_d2,1,FULL_HISTORY,10.0,True,FINAL_RESULT_AVAILABLE,False,table1/standard_qtl/seed_1_q4_d2.csv
cifar10,I,standard_qtl/q4_d2,42,FULL_HISTORY,10.0,True,FINAL_RESULT_AVAILABLE,False,table1/standard_qtl/seed_42_q4_d2.csv
cifar10,I,standard_qtl/q4_d2,48,FULL_HISTORY,10.0,True,FINAL_RESULT_AVAILABLE,False,table1/standard_qtl/seed_48_q4_d2.csv
cifar10,I,standard_qtl/q4_d2,550,FLASHJT_ELIGIBLE,10.0,True,FINAL_RESULT_AVAILABLE,False,table1/standard_qtl/seed_550_q4_d2.csv
cifar10,I,standard_qtl/q4_d2,2026,FLASHJT_ELIGIBLE,10.0,True,FINAL_RESULT_AVAILABLE,False,table1/standard_qtl/seed_2026_q4_d2.csv
cifar10,I,standard_qtl/q4_d4,1,FULL_HISTORY,10.0,True,FINAL_RESULT_AVAILABLE,False,table1/standard_qtl/seed_1_q4_d4.csv
cifar10,I,standard_qtl/q4_d4,42,FULL_HISTORY,10.0,True,FINAL_RESULT_AVAILABLE,False,table1/standard_qtl/seed_42_q4_d4.csv
cifar10,I,standard_qtl/q4_d4,48,FULL_HISTORY,10.0,True,FINAL_RESULT_AVAILABLE,False,table1/standard_qtl/seed_48_q4_d4.csv
cifar10,I,standard_qtl/q4_d4,550,FLASHJT_ELIGIBLE,10.0,True,FINAL_RESULT_AVAILABLE,False,table1/standard_qtl/seed_550_q4_d4.csv
cifar10,I,standard_qtl/q4_d4,2026,FLASHJT_ELIGIBLE,,False,NOT_STARTED_OR_WAITING,False,
cifar10,I,standard_qtl/q6_d1,1,FULL_HISTORY,10.0,True,FINAL_RESULT_AVAILABLE,False,table1/standard_qtl/seed_1_q6_d1.csv
cifar10,I,standard_qtl/q6_d1,42,FULL_HISTORY,10.0,True,FINAL_RESULT_AVAILABLE,False,table1/standard_qtl/seed_42_q6_d1.csv
cifar10,I,standard_qtl/q6_d1,48,FULL_HISTORY,10.0,True,FINAL_RESULT_AVAILABLE,False,table1/standard_qtl/seed_48_q6_d1.csv
cifar10,I,standard_qtl/q6_d1,550,FLASHJT_ELIGIBLE,9.0,True,FINAL_RESULT_AVAILABLE,False,table1/standard_qtl/seed_550_q6_d1.csv
cifar10,I,standard_qtl/q6_d1,2026,FLASHJT_ELIGIBLE,10.0,True,FINAL_RESULT_AVAILABLE,False,table1/standard_qtl/seed_2026_q6_d1.csv
cifar10,I,standard_qtl/q6_d2,1,FULL_HISTORY,10.0,True,FINAL_RESULT_AVAILABLE,False,table1/standard_qtl/seed_1_q6_d2.csv
cifar10,I,standard_qtl/q6_d2,42,FULL_HISTORY,10.0,True,FINAL_RESULT_AVAILABLE,False,table1/standard_qtl/seed_42_q6_d2.csv
cifar10,I,standard_qtl/q6_d2,48,FULL_HISTORY,10.0,True,FINAL_RESULT_AVAILABLE,False,table1/standard_qtl/seed_48_q6_d2.csv
cifar10,I,standard_qtl/q6_d2,550,FLASHJT_ELIGIBLE,10.0,True,FINAL_RESULT_AVAILABLE,False,table1/standard_qtl/seed_550_q6_d2.csv
cifar10,I,standard_qtl/q6_d2,2026,FLASHJT_ELIGIBLE,6.0,True,FINAL_RESULT_AVAILABLE,False,table1/standard_qtl/seed_2026_q6_d2.csv
cifar10,I,standard_qtl/q6_d4,1,FULL_HISTORY,10.0,True,FINAL_RESULT_AVAILABLE,False,table1/standard_qtl/seed_1_q6_d4.csv
cifar10,I,standard_qtl/q6_d4,42,FULL_HISTORY,10.0,True,FINAL_RESULT_AVAILABLE,False,table1/standard_qtl/seed_42_q6_d4.csv
cifar10,I,standard_qtl/q6_d4,48,FULL_HISTORY,10.0,True,FINAL_RESULT_AVAILABLE,False,table1/standard_qtl/seed_48_q6_d4.csv
cifar10,I,standard_qtl/q6_d4,550,FLASHJT_ELIGIBLE,,False,NOT_STARTED_OR_WAITING,False,
cifar10,I,standard_qtl/q6_d4,2026,FLASHJT_ELIGIBLE,,False,NOT_STARTED_OR_WAITING,False,
cifar10,I,standard_qtl/q8_d1,1,FULL_HISTORY,10.0,True,FINAL_RESULT_AVAILABLE,False,table1/standard_qtl/seed_1_q8_d1.csv
cifar10,I,standard_qtl/q8_d1,42,FULL_HISTORY,10.0,True,FINAL_RESULT_AVAILABLE,False,table1/standard_qtl/seed_42_q8_d1.csv
cifar10,I,standard_qtl/q8_d1,48,FULL_HISTORY,10.0,True,FINAL_RESULT_AVAILABLE,False,table1/standard_qtl/seed_48_q8_d1.csv
cifar10,I,standard_qtl/q8_d1,550,FLASHJT_ELIGIBLE,10.0,True,FINAL_RESULT_AVAILABLE,False,table1/standard_qtl/seed_550_q8_d1.csv
cifar10,I,standard_qtl/q8_d1,2026,FLASHJT_ELIGIBLE,10.0,True,FINAL_RESULT_AVAILABLE,False,table1/standard_qtl/seed_2026_q8_d1.csv
cifar10,I,standard_qtl/q8_d2,1,FULL_HISTORY,10.0,True,FINAL_RESULT_AVAILABLE,False,table1/standard_qtl/seed_1_q8_d2.csv
cifar10,I,standard_qtl/q8_d2,42,FULL_HISTORY,10.0,True,FINAL_RESULT_AVAILABLE,False,table1/standard_qtl/seed_42_q8_d2.csv
cifar10,I,standard_qtl/q8_d2,48,FULL_HISTORY,10.0,True,FINAL_RESULT_AVAILABLE,False,table1/standard_qtl/seed_48_q8_d2.csv
cifar10,I,standard_qtl/q8_d2,550,FLASHJT_ELIGIBLE,,False,NOT_STARTED_OR_WAITING,False,
cifar10,I,standard_qtl/q8_d2,2026,FLASHJT_ELIGIBLE,,False,NOT_STARTED_OR_WAITING,False,
kmnist,I,classical/linear,1,FULL_HISTORY,10.0,True,FINAL_RESULT_AVAILABLE,False,table1/classical/seed_1.csv
kmnist,I,classical/linear,42,FULL_HISTORY,10.0,True,FINAL_RESULT_AVAILABLE,False,table1/classical/seed_42.csv
kmnist,I,classical/linear,48,FULL_HISTORY,10.0,True,FINAL_RESULT_AVAILABLE,False,table1/classical/seed_48.csv
kmnist,I,classical/linear,550,FLASHJT_ELIGIBLE,10.0,True,FINAL_RESULT_AVAILABLE,False,table1/classical/seed_550.csv
kmnist,I,classical/linear,2026,FLASHJT_ELIGIBLE,10.0,True,FINAL_RESULT_AVAILABLE,False,table1/classical/seed_2026.csv
kmnist,I,classical/matched_mlp,1,FULL_HISTORY,10.0,True,FINAL_RESULT_AVAILABLE,False,table1/classical/seed_1.csv
kmnist,I,classical/matched_mlp,42,FULL_HISTORY,10.0,True,FINAL_RESULT_AVAILABLE,False,table1/classical/seed_42.csv
kmnist,I,classical/matched_mlp,48,FULL_HISTORY,10.0,True,FINAL_RESULT_AVAILABLE,False,table1/classical/seed_48.csv
kmnist,I,classical/matched_mlp,550,FLASHJT_ELIGIBLE,10.0,True,FINAL_RESULT_AVAILABLE,False,table1/classical/seed_550.csv
kmnist,I,classical/matched_mlp,2026,FLASHJT_ELIGIBLE,10.0,True,FINAL_RESULT_AVAILABLE,False,table1/classical/seed_2026.csv
kmnist,I,ketgpt/candidate_160,1,FULL_HISTORY,10.0,False,IN_PROGRESS,False,
kmnist,I,ketgpt/candidate_160,42,FULL_HISTORY,10.0,False,IN_PROGRESS,False,
kmnist,I,ketgpt/candidate_160,48,FULL_HISTORY,10.0,False,IN_PROGRESS,False,
kmnist,I,ketgpt/candidate_160,550,FLASHJT_ELIGIBLE,6.0,False,IN_PROGRESS,False,
kmnist,I,ketgpt/candidate_160,2026,FLASHJT_ELIGIBLE,6.0,False,IN_PROGRESS,False,
kmnist,I,ketgpt/candidate_180,1,FULL_HISTORY,10.0,False,IN_PROGRESS,False,
kmnist,I,ketgpt/candidate_180,42,FULL_HISTORY,2.0,False,IN_PROGRESS,False,
kmnist,I,ketgpt/candidate_180,48,FULL_HISTORY,,False,NOT_STARTED_OR_WAITING,False,
kmnist,I,ketgpt/candidate_180,550,FLASHJT_ELIGIBLE,,False,NOT_STARTED_OR_WAITING,False,
kmnist,I,ketgpt/candidate_180,2026,FLASHJT_ELIGIBLE,,False,NOT_STARTED_OR_WAITING,False,
kmnist,I,standard_qtl/q4_d1,1,FULL_HISTORY,10.0,True,FINAL_RESULT_AVAILABLE,False,table1/standard_qtl/seed_1_q4_d1.csv
kmnist,I,standard_qtl/q4_d1,42,FULL_HISTORY,10.0,True,FINAL_RESULT_AVAILABLE,False,table1/standard_qtl/seed_42_q4_d1.csv
kmnist,I,standard_qtl/q4_d1,48,FULL_HISTORY,10.0,True,FINAL_RESULT_AVAILABLE,False,table1/standard_qtl/seed_48_q4_d1.csv
kmnist,I,standard_qtl/q4_d1,550,FLASHJT_ELIGIBLE,10.0,True,FINAL_RESULT_AVAILABLE,False,table1/standard_qtl/seed_550_q4_d1.csv
kmnist,I,standard_qtl/q4_d1,2026,FLASHJT_ELIGIBLE,9.0,True,FINAL_RESULT_AVAILABLE,False,table1/standard_qtl/seed_2026_q4_d1.csv
kmnist,I,standard_qtl/q4_d2,1,FULL_HISTORY,10.0,True,FINAL_RESULT_AVAILABLE,False,table1/standard_qtl/seed_1_q4_d2.csv
kmnist,I,standard_qtl/q4_d2,42,FULL_HISTORY,10.0,True,FINAL_RESULT_AVAILABLE,False,table1/standard_qtl/seed_42_q4_d2.csv
kmnist,I,standard_qtl/q4_d2,48,FULL_HISTORY,10.0,True,FINAL_RESULT_AVAILABLE,False,table1/standard_qtl/seed_48_q4_d2.csv
kmnist,I,standard_qtl/q4_d2,550,FLASHJT_ELIGIBLE,10.0,True,FINAL_RESULT_AVAILABLE,False,table1/standard_qtl/seed_550_q4_d2.csv
kmnist,I,standard_qtl/q4_d2,2026,FLASHJT_ELIGIBLE,10.0,True,FINAL_RESULT_AVAILABLE,False,table1/standard_qtl/seed_2026_q4_d2.csv
kmnist,I,standard_qtl/q4_d4,1,FULL_HISTORY,10.0,True,FINAL_RESULT_AVAILABLE,False,table1/standard_qtl/seed_1_q4_d4.csv
kmnist,I,standard_qtl/q4_d4,42,FULL_HISTORY,10.0,True,FINAL_RESULT_AVAILABLE,False,table1/standard_qtl/seed_42_q4_d4.csv
kmnist,I,standard_qtl/q4_d4,48,FULL_HISTORY,,False,NOT_STARTED_OR_WAITING,False,
kmnist,I,standard_qtl/q4_d4,550,FLASHJT_ELIGIBLE,,False,NOT_STARTED_OR_WAITING,False,
kmnist,I,standard_qtl/q4_d4,2026,FLASHJT_ELIGIBLE,,False,NOT_STARTED_OR_WAITING,False,
kmnist,I,standard_qtl/q6_d1,1,FULL_HISTORY,10.0,True,FINAL_RESULT_AVAILABLE,False,table1/standard_qtl/seed_1_q6_d1.csv
kmnist,I,standard_qtl/q6_d1,42,FULL_HISTORY,10.0,True,FINAL_RESULT_AVAILABLE,False,table1/standard_qtl/seed_42_q6_d1.csv
kmnist,I,standard_qtl/q6_d1,48,FULL_HISTORY,10.0,True,FINAL_RESULT_AVAILABLE,False,table1/standard_qtl/seed_48_q6_d1.csv
kmnist,I,standard_qtl/q6_d1,550,FLASHJT_ELIGIBLE,10.0,True,FINAL_RESULT_AVAILABLE,False,table1/standard_qtl/seed_550_q6_d1.csv
kmnist,I,standard_qtl/q6_d1,2026,FLASHJT_ELIGIBLE,10.0,True,FINAL_RESULT_AVAILABLE,False,table1/standard_qtl/seed_2026_q6_d1.csv
kmnist,I,standard_qtl/q6_d2,1,FULL_HISTORY,10.0,True,FINAL_RESULT_AVAILABLE,False,table1/standard_qtl/seed_1_q6_d2.csv
kmnist,I,standard_qtl/q6_d2,42,FULL_HISTORY,10.0,True,FINAL_RESULT_AVAILABLE,False,table1/standard_qtl/seed_42_q6_d2.csv
kmnist,I,standard_qtl/q6_d2,48,FULL_HISTORY,10.0,True,FINAL_RESULT_AVAILABLE,False,table1/standard_qtl/seed_48_q6_d2.csv
kmnist,I,standard_qtl/q6_d2,550,FLASHJT_ELIGIBLE,,False,NOT_STARTED_OR_WAITING,False,
kmnist,I,standard_qtl/q6_d2,2026,FLASHJT_ELIGIBLE,,False,NOT_STARTED_OR_WAITING,False,
kmnist,I,standard_qtl/q6_d4,1,FULL_HISTORY,10.0,True,FINAL_RESULT_AVAILABLE,False,table1/standard_qtl/seed_1_q6_d4.csv
kmnist,I,standard_qtl/q6_d4,42,FULL_HISTORY,,False,NOT_STARTED_OR_WAITING,False,
kmnist,I,standard_qtl/q6_d4,48,FULL_HISTORY,,False,NOT_STARTED_OR_WAITING,False,
kmnist,I,standard_qtl/q6_d4,550,FLASHJT_ELIGIBLE,,False,NOT_STARTED_OR_WAITING,False,
kmnist,I,standard_qtl/q6_d4,2026,FLASHJT_ELIGIBLE,,False,NOT_STARTED_OR_WAITING,False,
kmnist,I,standard_qtl/q8_d1,1,FULL_HISTORY,10.0,True,FINAL_RESULT_AVAILABLE,False,table1/standard_qtl/seed_1_q8_d1.csv
kmnist,I,standard_qtl/q8_d1,42,FULL_HISTORY,10.0,True,FINAL_RESULT_AVAILABLE,False,table1/standard_qtl/seed_42_q8_d1.csv
kmnist,I,standard_qtl/q8_d1,48,FULL_HISTORY,10.0,True,FINAL_RESULT_AVAILABLE,False,table1/standard_qtl/seed_48_q8_d1.csv
kmnist,I,standard_qtl/q8_d1,550,FLASHJT_ELIGIBLE,10.0,True,FINAL_RESULT_AVAILABLE,False,table1/standard_qtl/seed_550_q8_d1.csv
kmnist,I,standard_qtl/q8_d1,2026,FLASHJT_ELIGIBLE,10.0,True,FINAL_RESULT_AVAILABLE,False,table1/standard_qtl/seed_2026_q8_d1.csv
kmnist,I,standard_qtl/q8_d2,1,FULL_HISTORY,10.0,True,FINAL_RESULT_AVAILABLE,False,table1/standard_qtl/seed_1_q8_d2.csv
kmnist,I,standard_qtl/q8_d2,42,FULL_HISTORY,,False,NOT_STARTED_OR_WAITING,False,
kmnist,I,standard_qtl/q8_d2,48,FULL_HISTORY,,False,NOT_STARTED_OR_WAITING,False,
kmnist,I,standard_qtl/q8_d2,550,FLASHJT_ELIGIBLE,,False,NOT_STARTED_OR_WAITING,False,
kmnist,I,standard_qtl/q8_d2,2026,FLASHJT_ELIGIBLE,,False,NOT_STARTED_OR_WAITING,False,
svhn,I,classical/linear,1,FULL_HISTORY,10.0,True,FINAL_RESULT_AVAILABLE,False,table1/classical/seed_1.csv
svhn,I,classical/linear,42,FULL_HISTORY,10.0,True,FINAL_RESULT_AVAILABLE,False,table1/classical/seed_42.csv
svhn,I,classical/linear,48,FULL_HISTORY,10.0,True,FINAL_RESULT_AVAILABLE,False,table1/classical/seed_48.csv
svhn,I,classical/linear,550,FLASHJT_ELIGIBLE,10.0,True,FINAL_RESULT_AVAILABLE,False,table1/classical/seed_550.csv
svhn,I,classical/linear,2026,FLASHJT_ELIGIBLE,10.0,True,FINAL_RESULT_AVAILABLE,False,table1/classical/seed_2026.csv
svhn,I,classical/matched_mlp,1,FULL_HISTORY,10.0,True,FINAL_RESULT_AVAILABLE,False,table1/classical/seed_1.csv
svhn,I,classical/matched_mlp,42,FULL_HISTORY,10.0,True,FINAL_RESULT_AVAILABLE,False,table1/classical/seed_42.csv
svhn,I,classical/matched_mlp,48,FULL_HISTORY,10.0,True,FINAL_RESULT_AVAILABLE,False,table1/classical/seed_48.csv
svhn,I,classical/matched_mlp,550,FLASHJT_ELIGIBLE,10.0,True,FINAL_RESULT_AVAILABLE,False,table1/classical/seed_550.csv
svhn,I,classical/matched_mlp,2026,FLASHJT_ELIGIBLE,10.0,True,FINAL_RESULT_AVAILABLE,False,table1/classical/seed_2026.csv
svhn,I,ketgpt/candidate_160,1,FULL_HISTORY,10.0,False,IN_PROGRESS,False,
svhn,I,ketgpt/candidate_160,42,FULL_HISTORY,10.0,False,IN_PROGRESS,False,
svhn,I,ketgpt/candidate_160,48,FULL_HISTORY,10.0,False,IN_PROGRESS,False,
svhn,I,ketgpt/candidate_160,550,FLASHJT_ELIGIBLE,6.0,False,IN_PROGRESS,False,
svhn,I,ketgpt/candidate_160,2026,FLASHJT_ELIGIBLE,10.0,False,IN_PROGRESS,False,
svhn,I,ketgpt/candidate_180,1,FULL_HISTORY,10.0,False,IN_PROGRESS,False,
svhn,I,ketgpt/candidate_180,42,FULL_HISTORY,2.0,False,IN_PROGRESS,False,
svhn,I,ketgpt/candidate_180,48,FULL_HISTORY,,False,NOT_STARTED_OR_WAITING,False,
svhn,I,ketgpt/candidate_180,550,FLASHJT_ELIGIBLE,,False,NOT_STARTED_OR_WAITING,False,
svhn,I,ketgpt/candidate_180,2026,FLASHJT_ELIGIBLE,,False,NOT_STARTED_OR_WAITING,False,
svhn,I,standard_qtl/q4_d1,1,FULL_HISTORY,10.0,True,FINAL_RESULT_AVAILABLE,False,table1/standard_qtl/seed_1_q4_d1.csv
svhn,I,standard_qtl/q4_d1,42,FULL_HISTORY,10.0,True,FINAL_RESULT_AVAILABLE,False,table1/standard_qtl/seed_42_q4_d1.csv
svhn,I,standard_qtl/q4_d1,48,FULL_HISTORY,10.0,True,FINAL_RESULT_AVAILABLE,False,table1/standard_qtl/seed_48_q4_d1.csv
svhn,I,standard_qtl/q4_d1,550,FLASHJT_ELIGIBLE,10.0,True,FINAL_RESULT_AVAILABLE,False,table1/standard_qtl/seed_550_q4_d1.csv
svhn,I,standard_qtl/q4_d1,2026,FLASHJT_ELIGIBLE,10.0,True,FINAL_RESULT_AVAILABLE,False,table1/standard_qtl/seed_2026_q4_d1.csv
svhn,I,standard_qtl/q4_d2,1,FULL_HISTORY,10.0,True,FINAL_RESULT_AVAILABLE,False,table1/standard_qtl/seed_1_q4_d2.csv
svhn,I,standard_qtl/q4_d2,42,FULL_HISTORY,10.0,True,FINAL_RESULT_AVAILABLE,False,table1/standard_qtl/seed_42_q4_d2.csv
svhn,I,standard_qtl/q4_d2,48,FULL_HISTORY,10.0,True,FINAL_RESULT_AVAILABLE,False,table1/standard_qtl/seed_48_q4_d2.csv
svhn,I,standard_qtl/q4_d2,550,FLASHJT_ELIGIBLE,9.0,True,FINAL_RESULT_AVAILABLE,False,table1/standard_qtl/seed_550_q4_d2.csv
svhn,I,standard_qtl/q4_d2,2026,FLASHJT_ELIGIBLE,10.0,True,FINAL_RESULT_AVAILABLE,False,table1/standard_qtl/seed_2026_q4_d2.csv
svhn,I,standard_qtl/q4_d4,1,FULL_HISTORY,10.0,True,FINAL_RESULT_AVAILABLE,False,table1/standard_qtl/seed_1_q4_d4.csv
svhn,I,standard_qtl/q4_d4,42,FULL_HISTORY,10.0,True,FINAL_RESULT_AVAILABLE,False,table1/standard_qtl/seed_42_q4_d4.csv
svhn,I,standard_qtl/q4_d4,48,FULL_HISTORY,,False,NOT_STARTED_OR_WAITING,False,
svhn,I,standard_qtl/q4_d4,550,FLASHJT_ELIGIBLE,,False,NOT_STARTED_OR_WAITING,False,
svhn,I,standard_qtl/q4_d4,2026,FLASHJT_ELIGIBLE,,False,NOT_STARTED_OR_WAITING,False,
svhn,I,standard_qtl/q6_d1,1,FULL_HISTORY,10.0,True,FINAL_RESULT_AVAILABLE,False,table1/standard_qtl/seed_1_q6_d1.csv
svhn,I,standard_qtl/q6_d1,42,FULL_HISTORY,10.0,True,FINAL_RESULT_AVAILABLE,False,table1/standard_qtl/seed_42_q6_d1.csv
svhn,I,standard_qtl/q6_d1,48,FULL_HISTORY,10.0,True,FINAL_RESULT_AVAILABLE,False,table1/standard_qtl/seed_48_q6_d1.csv
svhn,I,standard_qtl/q6_d1,550,FLASHJT_ELIGIBLE,10.0,True,FINAL_RESULT_AVAILABLE,False,table1/standard_qtl/seed_550_q6_d1.csv
svhn,I,standard_qtl/q6_d1,2026,FLASHJT_ELIGIBLE,10.0,True,FINAL_RESULT_AVAILABLE,False,table1/standard_qtl/seed_2026_q6_d1.csv
svhn,I,standard_qtl/q6_d2,1,FULL_HISTORY,10.0,True,FINAL_RESULT_AVAILABLE,False,table1/standard_qtl/seed_1_q6_d2.csv
svhn,I,standard_qtl/q6_d2,42,FULL_HISTORY,10.0,True,FINAL_RESULT_AVAILABLE,False,table1/standard_qtl/seed_42_q6_d2.csv
svhn,I,standard_qtl/q6_d2,48,FULL_HISTORY,10.0,True,FINAL_RESULT_AVAILABLE,False,table1/standard_qtl/seed_48_q6_d2.csv
svhn,I,standard_qtl/q6_d2,550,FLASHJT_ELIGIBLE,,False,NOT_STARTED_OR_WAITING,False,
svhn,I,standard_qtl/q6_d2,2026,FLASHJT_ELIGIBLE,,False,NOT_STARTED_OR_WAITING,False,
svhn,I,standard_qtl/q6_d4,1,FULL_HISTORY,10.0,True,FINAL_RESULT_AVAILABLE,False,table1/standard_qtl/seed_1_q6_d4.csv
svhn,I,standard_qtl/q6_d4,42,FULL_HISTORY,,False,NOT_STARTED_OR_WAITING,False,
svhn,I,standard_qtl/q6_d4,48,FULL_HISTORY,,False,NOT_STARTED_OR_WAITING,False,
svhn,I,standard_qtl/q6_d4,550,FLASHJT_ELIGIBLE,,False,NOT_STARTED_OR_WAITING,False,
svhn,I,standard_qtl/q6_d4,2026,FLASHJT_ELIGIBLE,,False,NOT_STARTED_OR_WAITING,False,
svhn,I,standard_qtl/q8_d1,1,FULL_HISTORY,10.0,True,FINAL_RESULT_AVAILABLE,False,table1/standard_qtl/seed_1_q8_d1.csv
svhn,I,standard_qtl/q8_d1,42,FULL_HISTORY,10.0,True,FINAL_RESULT_AVAILABLE,False,table1/standard_qtl/seed_42_q8_d1.csv
svhn,I,standard_qtl/q8_d1,48,FULL_HISTORY,10.0,True,FINAL_RESULT_AVAILABLE,False,table1/standard_qtl/seed_48_q8_d1.csv
svhn,I,standard_qtl/q8_d1,550,FLASHJT_ELIGIBLE,10.0,True,FINAL_RESULT_AVAILABLE,False,table1/standard_qtl/seed_550_q8_d1.csv
svhn,I,standard_qtl/q8_d1,2026,FLASHJT_ELIGIBLE,10.0,True,FINAL_RESULT_AVAILABLE,False,table1/standard_qtl/seed_2026_q8_d1.csv
svhn,I,standard_qtl/q8_d2,1,FULL_HISTORY,10.0,True,FINAL_RESULT_AVAILABLE,False,table1/standard_qtl/seed_1_q8_d2.csv
svhn,I,standard_qtl/q8_d2,42,FULL_HISTORY,,False,NOT_STARTED_OR_WAITING,False,
svhn,I,standard_qtl/q8_d2,48,FULL_HISTORY,,False,NOT_STARTED_OR_WAITING,False,
svhn,I,standard_qtl/q8_d2,550,FLASHJT_ELIGIBLE,,False,NOT_STARTED_OR_WAITING,False,
svhn,I,standard_qtl/q8_d2,2026,FLASHJT_ELIGIBLE,,False,NOT_STARTED_OR_WAITING,False,
