dataset,dataset_key,task,backbone,cache_manifest_sha256,candidate_id,seed,experiment_type,model_name,threshold,low_count,low_pct,routed_to_classical_pct,routed_to_quantum_pct,avg_shots_per_sample,train_time_sec,inference_time_sec_total,inference_time_ms_per_sample,total_trainable_params,head_trainable_params,quantum_params,num_qubits,circuit_depth,num_gates_approx,shots,train_circuit_evaluations_approx,test_circuit_evaluations_approx,memory_usage_mb,accuracy,precision_macro,recall_macro,f1_macro,auc_ovr_macro,epochs_executed,best_epoch,stop_reason,flashjt_forecast_path,flashjt_verification_path,checkpoint_latest,checkpoint_best,checkpoint_final
KMNIST,kmnist,multiclass_10_class,Frozen ResNet18 (strict eval-mode cache),2b8c439c5f1a2d965436e402e2071c8c45946dbf3938d3e8b7034191d39762f5,180,42,fixed,confidence_linear,,,,100.0,0.0,0.0,3.2760744094848633,0.020867109298706055,0.020867109298706055,4194,90,0,0,0,0,0,0,0,741.875,0.706,0.7192690818730725,0.7059496916406376,0.7068151774964477,0.9423026123581373,10,9,completed,,,/scratch/sr7849/QC_June28/ICASSP_multiseed_new_datasets/runs/kmnist/run_20260922_213814/checkpoints/table2/adaptive180/seed_42/confidence_linear/checkpoint_latest.pt,/scratch/sr7849/QC_June28/ICASSP_multiseed_new_datasets/runs/kmnist/run_20260922_213814/checkpoints/table2/adaptive180/seed_42/confidence_linear/checkpoint_best.pt,/scratch/sr7849/QC_June28/ICASSP_multiseed_new_datasets/runs/kmnist/run_20260922_213814/checkpoints/table2/adaptive180/seed_42/confidence_linear/checkpoint_final.pt
KMNIST,kmnist,multiclass_10_class,Frozen ResNet18 (strict eval-mode cache),2b8c439c5f1a2d965436e402e2071c8c45946dbf3938d3e8b7034191d39762f5,180,42,fixed,matched_mlp,,,,100.0,0.0,0.0,3.8733906745910645,0.02254486083984375,0.02254486083984375,4266,162,0,0,0,0,0,0,0,741.875,0.64,0.6812184092286933,0.6424964993711881,0.6410074799136258,0.9264411022412377,10,10,completed,,,/scratch/sr7849/QC_June28/ICASSP_multiseed_new_datasets/runs/kmnist/run_20260922_213814/checkpoints/table2/adaptive180/seed_42/matched_mlp/checkpoint_latest.pt,/scratch/sr7849/QC_June28/ICASSP_multiseed_new_datasets/runs/kmnist/run_20260922_213814/checkpoints/table2/adaptive180/seed_42/matched_mlp/checkpoint_best.pt,/scratch/sr7849/QC_June28/ICASSP_multiseed_new_datasets/runs/kmnist/run_20260922_213814/checkpoints/table2/adaptive180/seed_42/matched_mlp/checkpoint_final.pt
KMNIST,kmnist,multiclass_10_class,Frozen ResNet18 (strict eval-mode cache),2b8c439c5f1a2d965436e402e2071c8c45946dbf3938d3e8b7034191d39762f5,180,42,fixed,ketgpt_quantum,,,,0.0,100.0,100.0,79817.92445325851,67.21478486061096,67.21478486061096,4252,148,58,8,ketgpt_variable,49,100,311220,0,741.875,0.672,0.7042441778253755,0.673476840120079,0.6752282699126264,0.9226053819352703,10,10,completed,,,/scratch/sr7849/QC_June28/ICASSP_multiseed_new_datasets/runs/kmnist/run_20260922_213814/checkpoints/table2/adaptive180/seed_42/ketgpt_quantum/checkpoint_latest.pt,/scratch/sr7849/QC_June28/ICASSP_multiseed_new_datasets/runs/kmnist/run_20260922_213814/checkpoints/table2/adaptive180/seed_42/ketgpt_quantum/checkpoint_best.pt,/scratch/sr7849/QC_June28/ICASSP_multiseed_new_datasets/runs/kmnist/run_20260922_213814/checkpoints/table2/adaptive180/seed_42/ketgpt_quantum/checkpoint_final.pt
KMNIST,kmnist,multiclass_10_class,Frozen ResNet18 (strict eval-mode cache),2b8c439c5f1a2d965436e402e2071c8c45946dbf3938d3e8b7034191d39762f5,180,42,low_confidence_only,matched_mlp_on_low_conf,0.7,543.0,54.3,54.3,0.0,0.0,3.8733906745910645,0.02254486083984375,0.02254486083984375,4266,162,0,0,0,0,0,0,0,741.875,0.4677716390423573,0.5281829829688616,0.4795039268742259,0.4647831452217611,0.8683476600625243,10,9,confidence=completed;mlp=completed,,,,,
KMNIST,kmnist,multiclass_10_class,Frozen ResNet18 (strict eval-mode cache),2b8c439c5f1a2d965436e402e2071c8c45946dbf3938d3e8b7034191d39762f5,180,42,low_confidence_only,ketgpt_quantum_on_low_conf,0.7,543.0,54.3,0.0,54.3,54.3,79817.92445325851,67.21478486061096,67.21478486061096,4252,148,58,8,ketgpt_variable,49,100,311220,0,741.875,0.49171270718232046,0.5346729836691477,0.49866544983999184,0.49142272497915584,0.8585176052228078,10,9,confidence=completed;quantum=completed,,,,,
KMNIST,kmnist,multiclass_10_class,Frozen ResNet18 (strict eval-mode cache),2b8c439c5f1a2d965436e402e2071c8c45946dbf3938d3e8b7034191d39762f5,180,42,adaptive_full,adaptive_classical,0.7,543.0,54.3,54.3,0.0,0.0,7.149465084075928,0.03310896873474121,0.03310896873474121,8460,252,0,0,0,0,0,0,0,741.875,0.672,0.7070804354669591,0.6743553646230878,0.6725022870198041,0.9297379147165936,10,9,confidence=completed;mlp=completed,,,,,
KMNIST,kmnist,multiclass_10_class,Frozen ResNet18 (strict eval-mode cache),2b8c439c5f1a2d965436e402e2071c8c45946dbf3938d3e8b7034191d39762f5,180,42,adaptive_full,adaptive_ketgpt_qtl,0.7,543.0,54.3,45.7,54.3,54.3,79821.200527668,36.51849528861045,36.51849528861045,8446,238,58,8,ketgpt_variable,49,100,311220,34,741.875,0.685,0.7146398019635027,0.6865580474547266,0.6873987868284642,0.9264841802771804,10,9,confidence=completed;quantum=completed,,,,,
KMNIST,kmnist,multiclass_10_class,Frozen ResNet18 (strict eval-mode cache),2b8c439c5f1a2d965436e402e2071c8c45946dbf3938d3e8b7034191d39762f5,180,42,low_confidence_only,matched_mlp_on_low_conf,0.8,680.0,68.0,68.0,0.0,0.0,3.8733906745910645,0.02254486083984375,0.02254486083984375,4266,162,0,0,0,0,0,0,0,741.875,0.525,0.5779489542743965,0.5296954432803935,0.5187237569610491,0.8862690240268132,10,9,confidence=completed;mlp=completed,,,,,
KMNIST,kmnist,multiclass_10_class,Frozen ResNet18 (strict eval-mode cache),2b8c439c5f1a2d965436e402e2071c8c45946dbf3938d3e8b7034191d39762f5,180,42,low_confidence_only,ketgpt_quantum_on_low_conf,0.8,680.0,68.0,0.0,68.0,68.0,79817.92445325851,67.21478486061096,67.21478486061096,4252,148,58,8,ketgpt_variable,49,100,311220,0,741.875,0.5544117647058824,0.5927211017328305,0.5521138124104015,0.5499750959685553,0.8803228341210557,10,9,confidence=completed;quantum=completed,,,,,
KMNIST,kmnist,multiclass_10_class,Frozen ResNet18 (strict eval-mode cache),2b8c439c5f1a2d965436e402e2071c8c45946dbf3938d3e8b7034191d39762f5,180,42,adaptive_full,adaptive_classical,0.8,680.0,68.0,68.0,0.0,0.0,7.149465084075928,0.0361976146697998,0.0361976146697998,8460,252,0,0,0,0,0,0,0,741.875,0.66,0.6961390673058372,0.6622094404804265,0.6603598659920545,0.9291671188050967,10,9,confidence=completed;mlp=completed,,,,,
KMNIST,kmnist,multiclass_10_class,Frozen ResNet18 (strict eval-mode cache),2b8c439c5f1a2d965436e402e2071c8c45946dbf3938d3e8b7034191d39762f5,180,42,adaptive_full,adaptive_ketgpt_qtl,0.8,680.0,68.0,32.0,68.0,68.0,79821.200527668,45.726920814514166,45.726920814514166,8446,238,58,8,ketgpt_variable,49,100,311220,42,741.875,0.68,0.7124260608055495,0.681228226672714,0.6830574882540086,0.9263770285758965,10,9,confidence=completed;quantum=completed,,,,,
KMNIST,kmnist,multiclass_10_class,Frozen ResNet18 (strict eval-mode cache),2b8c439c5f1a2d965436e402e2071c8c45946dbf3938d3e8b7034191d39762f5,180,42,low_confidence_only,matched_mlp_on_low_conf,0.9,834.0,83.4,83.4,0.0,0.0,3.8733906745910645,0.02254486083984375,0.02254486083984375,4266,162,0,0,0,0,0,0,0,741.875,0.5755395683453237,0.6174919848945344,0.570017810964936,0.5630224510561355,0.9022349378808417,10,9,confidence=completed;mlp=completed,,,,,
KMNIST,kmnist,multiclass_10_class,Frozen ResNet18 (strict eval-mode cache),2b8c439c5f1a2d965436e402e2071c8c45946dbf3938d3e8b7034191d39762f5,180,42,low_confidence_only,ketgpt_quantum_on_low_conf,0.9,834.0,83.4,0.0,83.4,83.4,79817.92445325851,67.21478486061096,67.21478486061096,4252,148,58,8,ketgpt_variable,49,100,311220,0,741.875,0.6115107913669064,0.6382820535139078,0.6014168909039265,0.6014179969278467,0.8976898936527625,10,9,confidence=completed;quantum=completed,,,,,
KMNIST,kmnist,multiclass_10_class,Frozen ResNet18 (strict eval-mode cache),2b8c439c5f1a2d965436e402e2071c8c45946dbf3938d3e8b7034191d39762f5,180,42,adaptive_full,adaptive_classical,0.9,834.0,83.4,83.4,0.0,0.0,7.149465084075928,0.039669523239135744,0.039669523239135744,8460,252,0,0,0,0,0,0,0,741.875,0.643,0.6832473681397946,0.6455899472766661,0.6443857782898709,0.9287499987008256,10,9,confidence=completed;mlp=completed,,,,,
KMNIST,kmnist,multiclass_10_class,Frozen ResNet18 (strict eval-mode cache),2b8c439c5f1a2d965436e402e2071c8c45946dbf3938d3e8b7034191d39762f5,180,42,adaptive_full,adaptive_ketgpt_qtl,0.9,834.0,83.4,16.599999999999994,83.4,83.4,79821.200527668,56.07799768304825,56.07799768304825,8446,238,58,8,ketgpt_variable,49,100,311220,52,741.875,0.673,0.7049692162966641,0.6744972482833443,0.6763351009781794,0.9260152431087793,10,9,confidence=completed;quantum=completed,,,,,
