dataset,candidate,seed,exp,model,threshold,epochs_executed,best_epoch,stop_reason,total_trainable_params,low_pct,routed_to_classical_pct,routed_to_quantum_pct,accuracy,precision_macro,recall_macro,f1_macro,auc_ovr_macro,train_time_sec,inference_time_sec_total,inference_time_ms_per_sample
cifar10,160,1,Low-conf.,MLP,0.7,10,8,confidence=completed;mlp=completed,4266,26.0,26.0,0.0,0.5,0.5188850338115044,0.5178244446531387,0.5055597613559791,0.9081003089647892,3.836073160171509,0.0231516361236572,0.0231516361236572
cifar10,160,1,Low-conf.,KetGPT #160,0.7,10,6,confidence=completed;quantum=completed,4204,26.0,0.0,26.0,0.5538461538461539,0.5493659283326466,0.5528388066732505,0.5457515116825524,0.9211505134700272,9732.159004449844,18.195828676223755,18.195828676223755
cifar10,160,1,Adaptive,Classical,0.7,10,8,confidence=completed;mlp=completed,8460,26.0,26.0,0.0,0.815,0.8155330134950127,0.8129691197387233,0.8119697592306542,0.9779632966028968,7.079510927200317,0.0271163702011108,0.0271163702011108
cifar10,160,1,Adaptive,KetGPT #160,0.7,10,6,confidence=completed;quantum=completed,8398,26.0,74.0,26.0,0.829,0.8260033245124296,0.8273279373613809,0.8260958635529381,0.9814758419890064,9735.402442216871,4.7520124006271365,4.7520124006271365
cifar10,160,1,Low-conf.,MLP,0.8,10,8,confidence=completed;mlp=completed,4266,35.3,35.3,0.0,0.5495750708215298,0.5616339178839178,0.5681001205467525,0.5565365231051959,0.9203631339713092,3.836073160171509,0.0231516361236572,0.0231516361236572
cifar10,160,1,Low-conf.,KetGPT #160,0.8,10,6,confidence=completed;quantum=completed,4204,35.3,0.0,35.3,0.6005665722379604,0.6061198062146846,0.6130580421318087,0.6053308250798619,0.9296617735974566,9732.159004449844,18.195828676223755,18.195828676223755
cifar10,160,1,Adaptive,Classical,0.8,10,8,confidence=completed;mlp=completed,8460,35.3,35.3,0.0,0.811,0.8120274470481219,0.8093675729861802,0.8081553753349912,0.977944212452481,7.079510927200317,0.0292694723606109,0.0292694723606109
cifar10,160,1,Adaptive,KetGPT #160,0.8,10,6,confidence=completed;quantum=completed,8398,35.3,64.7,35.3,0.829,0.8263793981426598,0.8275834343438971,0.8259824764334424,0.9818652773680372,9735.402442216871,6.444224467515945,6.444224467515945
cifar10,160,1,Low-conf.,MLP,0.9,10,8,confidence=completed;mlp=completed,4266,50.6,50.6,0.0,0.6146245059288538,0.6308699492670085,0.635963843885248,0.6244334927475026,0.9364994607697644,3.836073160171509,0.0231516361236572,0.0231516361236572
cifar10,160,1,Low-conf.,KetGPT #160,0.9,10,6,confidence=completed;quantum=completed,4204,50.6,0.0,50.6,0.6620553359683794,0.669171821050633,0.6753244316114196,0.6699966418627138,0.946265274044263,9732.159004449844,18.195828676223755,18.195828676223755
cifar10,160,1,Adaptive,Classical,0.9,10,8,confidence=completed;mlp=completed,8460,50.6,50.6,0.0,0.799,0.8006993335936524,0.797481324906612,0.7954343633066747,0.9766212734515296,7.079510927200317,0.0328116726875305,0.0328116726875305
cifar10,160,1,Adaptive,KetGPT #160,0.9,10,6,confidence=completed;quantum=completed,8398,50.6,49.4,50.6,0.823,0.82063661793767,0.8218677658766573,0.8199994132971469,0.981917088792874,9735.402442216871,9.22818625497818,9.22818625497818
cifar10,160,2026,Low-conf.,MLP,0.7,6,5,confidence=flashjt_validated;mlp=flashjt_validated,4266,41.2,41.2,0.0,0.6189320388349514,0.6242383329248384,0.6306878253014871,0.6134107286620301,0.9355735374476698,28.28339433670044,0.0235617160797119,0.0235617160797119
cifar10,160,2026,Low-conf.,KetGPT #160,0.7,6,5,confidence=flashjt_validated;quantum=flashjt_validated,4204,41.2,0.0,41.2,0.6237864077669902,0.6348724469773043,0.6261513743659599,0.6191884647148077,0.9364418762310546,5768.481102228165,16.865570545196533,16.865570545196533
cifar10,160,2026,Adaptive,Classical,0.7,6,5,confidence=flashjt_validated;mlp=flashjt_validated,8460,41.2,41.2,0.0,0.825,0.8258978472575025,0.8231942730033845,0.8199030903160169,0.9776716372588112,56.51601147651672,0.0313968420028686,0.0313968420028686
cifar10,160,2026,Adaptive,KetGPT #160,0.7,6,5,confidence=flashjt_validated;quantum=flashjt_validated,8398,41.2,58.8,41.2,0.827,0.8300950970578075,0.8259243842471025,0.8255179913104849,0.980406028558844,5796.713719367981,6.970304479598999,6.970304479598999
cifar10,160,2026,Low-conf.,MLP,0.8,6,5,confidence=flashjt_validated;mlp=flashjt_validated,4266,58.7,58.7,0.0,0.7001703577512777,0.7108104472781522,0.7121033341352586,0.7027316059615988,0.9556694342938276,28.28339433670044,0.0235617160797119,0.0235617160797119
cifar10,160,2026,Low-conf.,KetGPT #160,0.8,6,5,confidence=flashjt_validated;quantum=flashjt_validated,4204,58.7,0.0,58.7,0.7052810902896082,0.7218488377747604,0.707065403766918,0.7058132476647437,0.9578454813996088,5768.481102228165,16.865570545196533,16.865570545196533
cifar10,160,2026,Adaptive,Classical,0.8,6,5,confidence=flashjt_validated;mlp=flashjt_validated,8460,58.7,58.7,0.0,0.817,0.8189692112645268,0.8151297294847752,0.8112732757965713,0.977521280261038,56.51601147651672,0.0355201423168182,0.0355201423168182
cifar10,160,2026,Adaptive,KetGPT #160,0.8,6,5,confidence=flashjt_validated;quantum=flashjt_validated,8398,58.7,41.3,58.7,0.82,0.8249540753326141,0.818284682622347,0.8185091964670563,0.9808579097645516,5796.713719367981,9.921779325008394,9.921779325008394
cifar10,160,2026,Low-conf.,MLP,0.9,6,5,confidence=flashjt_validated;mlp=flashjt_validated,4266,88.1,88.1,0.0,0.7888762769580022,0.7979503896592515,0.7865027917618659,0.7851401301425225,0.9734953798100756,28.28339433670044,0.0235617160797119,0.0235617160797119
cifar10,160,2026,Low-conf.,KetGPT #160,0.9,6,5,confidence=flashjt_validated;quantum=flashjt_validated,4204,88.1,0.0,88.1,0.7922814982973894,0.8041115969304748,0.7907216545352329,0.7932712330845006,0.9743981139733392,5768.481102228165,16.865570545196533,16.865570545196533
cifar10,160,2026,Adaptive,Classical,0.9,6,5,confidence=flashjt_validated;mlp=flashjt_validated,8460,88.1,88.1,0.0,0.813,0.8154867668151307,0.8110754113178593,0.8073905607555354,0.9776094332348916,56.51601147651672,0.0424472868442535,0.0424472868442535
cifar10,160,2026,Adaptive,KetGPT #160,0.9,6,5,confidence=flashjt_validated;quantum=flashjt_validated,8398,88.1,11.900000000000006,88.1,0.816,0.821339848426639,0.8143005173673018,0.8145661342509503,0.9791755008035856,5796.713719367981,14.88025706529617,14.88025706529617
cifar10,160,42,Low-conf.,MLP,0.7,10,8,confidence=completed;mlp=completed,4266,26.2,26.2,0.0,0.5916030534351145,0.6184770270769083,0.5942555199386319,0.5938211209286663,0.9210125997750496,3.901401042938232,0.02301025390625,0.02301025390625
cifar10,160,42,Low-conf.,KetGPT #160,0.7,10,9,confidence=completed;quantum=completed,4204,26.2,0.0,26.2,0.6030534351145038,0.620100135384988,0.6160639202669562,0.6159738267916225,0.9311667441165756,9636.126261234283,18.13241219520569,18.13241219520569
cifar10,160,42,Adaptive,Classical,0.7,10,8,confidence=completed;mlp=completed,8460,26.2,26.2,0.0,0.832,0.8313427908165048,0.8291107137213464,0.8292279138675962,0.9792562400082916,7.2067670822143555,0.0273836002349853,0.0273836002349853
cifar10,160,42,Adaptive,KetGPT #160,0.7,10,9,confidence=completed;quantum=completed,8398,26.2,73.8,26.2,0.835,0.8345369213233618,0.8324297565078107,0.8326713214083279,0.9811469541510852,9639.43162727356,4.772046908855439,4.772046908855439
cifar10,160,42,Low-conf.,MLP,0.8,10,8,confidence=completed;mlp=completed,4266,37.5,37.5,0.0,0.624,0.6421363229619491,0.6301623062472819,0.629386300322582,0.9335905436205212,3.901401042938232,0.02301025390625,0.02301025390625
cifar10,160,42,Low-conf.,KetGPT #160,0.8,10,9,confidence=completed;quantum=completed,4204,37.5,0.0,37.5,0.6533333333333333,0.6651892419533565,0.6674339609040107,0.6638814657450294,0.9460380233175224,9636.126261234283,18.13241219520569,18.13241219520569
cifar10,160,42,Adaptive,Classical,0.8,10,8,confidence=completed;mlp=completed,8460,37.5,37.5,0.0,0.826,0.8268353587179298,0.8231457467071758,0.8234863603970949,0.9787621542714666,7.2067670822143555,0.0299837589263916,0.0299837589263916
cifar10,160,42,Adaptive,KetGPT #160,0.8,10,9,confidence=completed;quantum=completed,8398,37.5,62.5,37.5,0.837,0.8363162507952717,0.8345622804888875,0.8347969930574906,0.9812917702741906,9639.43162727356,6.821009486913681,6.821009486913681
cifar10,160,42,Low-conf.,MLP,0.9,10,8,confidence=completed;mlp=completed,4266,52.9,52.9,0.0,0.6824196597353497,0.6977231341525061,0.6881785353215476,0.6891507160174623,0.9432389228516876,3.901401042938232,0.02301025390625,0.02301025390625
cifar10,160,42,Low-conf.,KetGPT #160,0.9,10,9,confidence=completed;quantum=completed,4204,52.9,0.0,52.9,0.7032136105860114,0.7136255751205085,0.7090335734078318,0.7102199309357813,0.9578832299312412,9636.126261234283,18.13241219520569,18.13241219520569
cifar10,160,42,Adaptive,Classical,0.9,10,8,confidence=completed;mlp=completed,8460,52.9,52.9,0.0,0.821,0.8219101187559195,0.8184159652482773,0.8189078485786169,0.9777606186194784,7.2067670822143555,0.0335273380279541,0.0335273380279541
cifar10,160,42,Adaptive,KetGPT #160,0.9,10,9,confidence=completed;quantum=completed,8398,52.9,47.1,52.9,0.832,0.8322508812998042,0.8299015118766249,0.830463071943233,0.9829196900698476,9639.43162727356,9.613400964975355,9.613400964975355
cifar10,160,48,Low-conf.,MLP,0.7,10,8,confidence=completed;mlp=completed,4266,25.1,25.1,0.0,0.549800796812749,0.5596076333550447,0.5368427305730529,0.5403490590686074,0.9089475813914312,3.865100383758545,0.0226883888244628,0.0226883888244628
cifar10,160,48,Low-conf.,KetGPT #160,0.7,10,9,confidence=completed;quantum=completed,4204,25.1,0.0,25.1,0.6215139442231076,0.6138308249721293,0.6003171773392914,0.6000899680417804,0.928844804801248,9347.994020700457,16.52687668800354,16.52687668800354
cifar10,160,48,Adaptive,Classical,0.7,10,8,confidence=completed;mlp=completed,8460,25.1,25.1,0.0,0.819,0.8220309326410996,0.8177474434148676,0.8173951764634747,0.9769089052629566,7.124749660491943,0.0266796736717224,0.0266796736717224
cifar10,160,48,Adaptive,KetGPT #160,0.7,10,9,confidence=completed;quantum=completed,8398,25.1,74.9,25.1,0.837,0.8398697313599527,0.8357730183093693,0.8363888451025459,0.9797506060944896,9351.253669977188,4.169230936765671,4.169230936765671
cifar10,160,48,Low-conf.,MLP,0.8,10,8,confidence=completed;mlp=completed,4266,36.0,36.0,0.0,0.5805555555555556,0.5910423400129282,0.580593672301893,0.5796034775718425,0.917858539272172,3.865100383758545,0.0226883888244628,0.0226883888244628
cifar10,160,48,Low-conf.,KetGPT #160,0.8,10,9,confidence=completed;quantum=completed,4204,36.0,0.0,36.0,0.6444444444444445,0.6480595687641284,0.6433689246114063,0.6348332346274951,0.942848376910806,9347.994020700457,16.52687668800354,16.52687668800354
cifar10,160,48,Adaptive,Classical,0.8,10,8,confidence=completed;mlp=completed,8460,36.0,36.0,0.0,0.812,0.8138177209491481,0.8098215406612018,0.8092407826146886,0.9742571846786452,7.124749660491943,0.0291527080535888,0.0291527080535888
cifar10,160,48,Adaptive,KetGPT #160,0.8,10,9,confidence=completed;quantum=completed,8398,36.0,64.0,36.0,0.835,0.8368882703301607,0.833505943247437,0.8339260901871779,0.9799858295753594,9351.253669977188,5.9706604957580565,5.9706604957580565
cifar10,160,48,Low-conf.,MLP,0.9,10,8,confidence=completed;mlp=completed,4266,54.0,54.0,0.0,0.6648148148148149,0.6713476103868188,0.6622466301814127,0.6628051570978688,0.940980475908445,3.865100383758545,0.0226883888244628,0.0226883888244628
cifar10,160,48,Low-conf.,KetGPT #160,0.9,10,9,confidence=completed;quantum=completed,4204,54.0,0.0,54.0,0.7111111111111111,0.7128965942455219,0.7083429613864397,0.7030315415770227,0.960170868932864,9347.994020700457,16.52687668800354,16.52687668800354
cifar10,160,48,Adaptive,Classical,0.9,10,8,confidence=completed;mlp=completed,8460,54.0,54.0,0.0,0.803,0.8044094237358959,0.8015184104847053,0.8007589547206958,0.972707857126623,7.124749660491943,0.0332366180419921,0.0332366180419921
cifar10,160,48,Adaptive,KetGPT #160,0.9,10,9,confidence=completed;quantum=completed,8398,54.0,46.0,54.0,0.828,0.8310701954671513,0.8266275105619165,0.8271855918878053,0.980139167506414,9351.253669977188,8.945498299598695,8.945498299598695
cifar10,160,550,Low-conf.,MLP,0.7,6,5,confidence=flashjt_validated;mlp=flashjt_validated,4266,35.5,35.5,0.0,0.5126760563380282,0.5234239834239833,0.5154129369232344,0.5072314433533947,0.8907570109066828,28.37889337539673,0.0233633518218994,0.0233633518218994
cifar10,160,550,Low-conf.,KetGPT #160,0.7,6,6,confidence=flashjt_validated;quantum=flashjt_validated,4204,35.5,0.0,35.5,0.5802816901408451,0.5764753033597148,0.5893759564869405,0.5774371895392281,0.9306208266592048,5747.538223266602,16.941890716552734,16.941890716552734
cifar10,160,550,Adaptive,Classical,0.7,6,5,confidence=flashjt_validated;mlp=flashjt_validated,8460,35.5,35.5,0.0,0.792,0.7891691760190599,0.7906222394070643,0.7884791586570715,0.9725985852169032,56.69718670845032,0.0300437247753143,0.0300437247753143
cifar10,160,550,Adaptive,KetGPT #160,0.7,6,6,confidence=flashjt_validated;quantum=flashjt_validated,8398,35.5,64.5,35.5,0.816,0.813618203743081,0.815237444171182,0.8125427080321644,0.979709617750788,5775.856516599655,6.036120939254761,6.036120939254761
cifar10,160,550,Low-conf.,MLP,0.8,6,5,confidence=flashjt_validated;mlp=flashjt_validated,4266,49.1,49.1,0.0,0.5641547861507128,0.58265270406239,0.5790862362873749,0.5724038270861486,0.9152803405629438,28.37889337539673,0.0233633518218994,0.0233633518218994
cifar10,160,550,Low-conf.,KetGPT #160,0.8,6,6,confidence=flashjt_validated;quantum=flashjt_validated,4204,49.1,0.0,49.1,0.6517311608961304,0.6510156221505878,0.6645202027673565,0.6525727968054376,0.9488730659715886,5747.538223266602,16.941890716552734,16.941890716552734
cifar10,160,550,Adaptive,Classical,0.8,6,5,confidence=flashjt_validated;mlp=flashjt_validated,8460,49.1,49.1,0.0,0.772,0.7684380792125783,0.7705995528884806,0.7665382013991573,0.9704562344718076,56.69718670845032,0.0332211406230926,0.0332211406230926
cifar10,160,550,Adaptive,KetGPT #160,0.8,6,6,confidence=flashjt_validated;quantum=flashjt_validated,8398,49.1,50.9,49.1,0.815,0.8130188676822538,0.8150036108180447,0.8115032855675001,0.9798574416988114,5775.856516599655,8.340218076705932,8.340218076705932
cifar10,160,550,Low-conf.,MLP,0.9,6,5,confidence=flashjt_validated;mlp=flashjt_validated,4266,71.8,71.8,0.0,0.6434540389972145,0.6630842545808189,0.6646981434069279,0.6535917924184387,0.939940565178664,28.37889337539673,0.0233633518218994,0.0233633518218994
cifar10,160,550,Low-conf.,KetGPT #160,0.9,6,6,confidence=flashjt_validated;quantum=flashjt_validated,4204,71.8,0.0,71.8,0.7395543175487466,0.7404414620402635,0.7476405901822721,0.7408274673025091,0.9657255107076026,5747.538223266602,16.941890716552734,16.941890716552734
cifar10,160,550,Adaptive,Classical,0.9,6,5,confidence=flashjt_validated;mlp=flashjt_validated,8460,71.8,71.8,0.0,0.742,0.7356315183268373,0.7415648905644951,0.7311686803212822,0.9651409683725,56.69718670845032,0.0385246214866638,0.0385246214866638
cifar10,160,550,Adaptive,KetGPT #160,0.9,6,6,confidence=flashjt_validated;quantum=flashjt_validated,8398,71.8,28.200000000000003,71.8,0.811,0.8094065184105483,0.8110786951771255,0.8077305516523033,0.9793964015204744,5775.856516599655,12.186027269363402,12.186027269363402
cifar10,180,1,Low-conf.,MLP,0.7,10,9,confidence=completed;mlp=completed,4266,26.3,26.3,0.0,0.4980988593155893,0.5231113202417551,0.5179625235875236,0.5121264385908696,0.906223466850237,3.897340774536133,0.022881269454956,0.022881269454956
cifar10,180,1,Low-conf.,KetGPT #180,0.7,10,9,confidence=completed;quantum=completed,4252,26.3,0.0,26.3,0.5247148288973384,0.546233426704015,0.5497974933750795,0.536495797983509,0.8951537924484395,80143.328394413,66.53148746490479,66.53148746490479
cifar10,180,1,Adaptive,Classical,0.7,10,9,confidence=completed;mlp=completed,8460,26.3,26.3,0.0,0.818,0.8184832144049942,0.8166072563906119,0.8163068583090265,0.9789939945344532,7.198719024658203,0.0272599155902862,0.0272599155902862
cifar10,180,1,Adaptive,KetGPT #180,0.7,10,9,confidence=completed;quantum=completed,8446,26.3,73.7,26.3,0.825,0.8249580726413435,0.8221842020026784,0.8226257907080248,0.9793222897536072,80146.62977266312,17.51902334499359,17.51902334499359
cifar10,180,1,Low-conf.,MLP,0.8,10,9,confidence=completed;mlp=completed,4266,34.3,34.3,0.0,0.5364431486880467,0.5627138116112365,0.5563379477292016,0.5531983872944971,0.919162411323414,3.897340774536133,0.022881269454956,0.022881269454956
cifar10,180,1,Low-conf.,KetGPT #180,0.8,10,9,confidence=completed;quantum=completed,4252,34.3,0.0,34.3,0.5451895043731778,0.5593222445859363,0.5680083618860708,0.5552727965745021,0.907237923145607,80143.328394413,66.53148746490479,66.53148746490479
cifar10,180,1,Adaptive,Classical,0.8,10,9,confidence=completed;mlp=completed,8460,34.3,34.3,0.0,0.814,0.815247247341012,0.812302681011054,0.8120710216104376,0.9789327633420112,7.198719024658203,0.0290904171466827,0.0290904171466827
cifar10,180,1,Adaptive,KetGPT #180,0.8,10,9,confidence=completed;quantum=completed,8446,34.3,65.7,34.3,0.817,0.8165020153917482,0.8140845879192099,0.814152176346741,0.9785552738574014,80146.62977266312,22.84154234218597,22.84154234218597
cifar10,180,1,Low-conf.,MLP,0.9,10,9,confidence=completed;mlp=completed,4266,49.7,49.7,0.0,0.6197183098591549,0.6434429279085206,0.6364163103184536,0.6342572249875033,0.9386924858820084,3.897340774536133,0.022881269454956,0.022881269454956
cifar10,180,1,Low-conf.,KetGPT #180,0.9,10,9,confidence=completed;quantum=completed,4252,49.7,0.0,49.7,0.6217303822937625,0.6327358649854995,0.6369134885041488,0.6287740398947178,0.9283114778034977,80143.328394413,66.53148746490479,66.53148746490479
cifar10,180,1,Adaptive,Classical,0.9,10,9,confidence=completed;mlp=completed,8460,49.7,49.7,0.0,0.805,0.8078010469033428,0.8036405564339812,0.8029213087527987,0.9780777766578502,7.198719024658203,0.0326141326427459,0.0326141326427459
cifar10,180,1,Adaptive,KetGPT #180,0.9,10,9,confidence=completed;quantum=completed,8446,49.7,50.3,49.7,0.806,0.8064269523847847,0.8029819157317661,0.8031847374330624,0.9763042313802236,80146.62977266312,33.08739141178131,33.08739141178131
cifar10,180,2026,Low-conf.,MLP,0.7,6,4,confidence=flashjt_validated;mlp=flashjt_validated,4266,49.9,49.9,0.0,0.6673346693386774,0.6867434158046567,0.6970082764573682,0.6809238143738522,0.950349888127668,28.509727478027344,0.0234830379486084,0.0234830379486084
cifar10,180,2026,Low-conf.,KetGPT #180,0.7,6,4,confidence=flashjt_validated;quantum=flashjt_validated,4252,49.9,0.0,49.9,0.627254509018036,0.6383326286148768,0.6341640519743756,0.6254422811451924,0.94122939837818,47251.915791511536,65.6229043006897,65.6229043006897
cifar10,180,2026,Adaptive,Classical,0.7,6,4,confidence=flashjt_validated;mlp=flashjt_validated,8460,49.9,49.9,0.0,0.822,0.8246939241080747,0.8206432554260148,0.8164275275348618,0.9764479551843502,57.01413440704346,0.0337343227863311,0.0337343227863311
cifar10,180,2026,Adaptive,KetGPT #180,0.7,6,4,confidence=flashjt_validated;quantum=flashjt_validated,8446,49.9,50.1,49.9,0.802,0.8025846710447638,0.801906939529338,0.7991118788901196,0.9761821971650072,47280.42019844055,32.767845532894135,32.767845532894135
cifar10,180,2026,Low-conf.,MLP,0.8,6,4,confidence=flashjt_validated;mlp=flashjt_validated,4266,72.3,72.3,0.0,0.7482710926694329,0.7559524488190312,0.7627126040394364,0.7537282782180708,0.9661603980915562,28.509727478027344,0.0234830379486084,0.0234830379486084
cifar10,180,2026,Low-conf.,KetGPT #180,0.8,6,4,confidence=flashjt_validated;quantum=flashjt_validated,4252,72.3,0.0,72.3,0.7206085753803596,0.7193417353147187,0.7126018095546675,0.7094734907636109,0.9622585795641544,47251.915791511536,65.6229043006897,65.6229043006897
cifar10,180,2026,Adaptive,Classical,0.8,6,4,confidence=flashjt_validated;mlp=flashjt_validated,8460,72.3,72.3,0.0,0.81,0.8094376946314272,0.8078251088114075,0.8037424748281257,0.9752991546247072,57.01413440704346,0.0389945232868194,0.0389945232868194
cifar10,180,2026,Adaptive,KetGPT #180,0.8,6,4,confidence=flashjt_validated;quantum=flashjt_validated,8446,72.3,27.700000000000003,72.3,0.79,0.7913503264946882,0.7896426586624397,0.7870089510591955,0.975142856786846,47280.42019844055,47.46737609624863,47.46737609624863
cifar10,180,2026,Low-conf.,MLP,0.9,6,4,confidence=flashjt_validated;mlp=flashjt_validated,4266,100.0,100.0,0.0,0.81,0.8094012453058076,0.8079322516685503,0.8038469557977029,0.9769212963259296,28.509727478027344,0.0234830379486084,0.0234830379486084
cifar10,180,2026,Low-conf.,KetGPT #180,0.9,6,4,confidence=flashjt_validated;quantum=flashjt_validated,4252,100.0,0.0,100.0,0.789,0.790388775226315,0.7887252274697791,0.7860119727714494,0.9734780383348868,47251.915791511536,65.6229043006897,65.6229043006897
cifar10,180,2026,Adaptive,Classical,0.9,6,4,confidence=flashjt_validated;mlp=flashjt_validated,8460,100.0,100.0,0.0,0.81,0.8094012453058076,0.8079322516685503,0.8038469557977029,0.9769212963259296,57.01413440704346,0.0454993247985839,0.0454993247985839
cifar10,180,2026,Adaptive,KetGPT #180,0.9,6,4,confidence=flashjt_validated;quantum=flashjt_validated,8446,100.0,0.0,100.0,0.789,0.790388775226315,0.7887252274697791,0.7860119727714494,0.9734780383348868,47280.42019844055,65.64492058753967,65.64492058753967
cifar10,180,42,Low-conf.,MLP,0.7,10,7,confidence=completed;mlp=completed,4266,31.3,31.3,0.0,0.5463258785942492,0.5639689833730082,0.575414766561398,0.5567125871043934,0.9210985862530404,3.818522691726685,0.0226812362670898,0.0226812362670898
cifar10,180,42,Low-conf.,KetGPT #180,0.7,10,7,confidence=completed;quantum=completed,4252,31.3,0.0,31.3,0.5143769968051118,0.5368416053699728,0.5523741233424568,0.5329124215244638,0.912590240680992,80759.34653711319,68.49067497253418,68.49067497253418
cifar10,180,42,Adaptive,Classical,0.7,10,7,confidence=completed;mlp=completed,8460,31.3,31.3,0.0,0.806,0.8040293397757482,0.8043499595623874,0.8027803513473488,0.9769255129732356,7.071501970291138,0.0280514516830444,0.0280514516830444
cifar10,180,42,Adaptive,KetGPT #180,0.7,10,7,confidence=completed;quantum=completed,8446,31.3,68.7,31.3,0.796,0.7954459093852326,0.7950171237401708,0.7930249504337231,0.9772084100278328,80762.59951639175,21.458533491134645,21.458533491134645
cifar10,180,42,Low-conf.,MLP,0.8,10,7,confidence=completed;mlp=completed,4266,44.8,44.8,0.0,0.5870535714285714,0.5952119303801946,0.6074557680658182,0.5927992465396892,0.932642288849582,3.818522691726685,0.0226812362670898,0.0226812362670898
cifar10,180,42,Low-conf.,KetGPT #180,0.8,10,7,confidence=completed;quantum=completed,4252,44.8,0.0,44.8,0.5714285714285714,0.5911303503589195,0.5988784178847901,0.5874693454436629,0.928189922644353,80759.34653711319,68.49067497253418,68.49067497253418
cifar10,180,42,Adaptive,Classical,0.8,10,7,confidence=completed;mlp=completed,8460,44.8,44.8,0.0,0.795,0.793959213472922,0.7926046124659483,0.7915156981210416,0.9764401823230204,7.071501970291138,0.0311134185791015,0.0311134185791015
cifar10,180,42,Adaptive,KetGPT #180,0.8,10,7,confidence=completed;quantum=completed,8446,44.8,55.2,44.8,0.788,0.7876606169099817,0.7865907397816834,0.7847336483776663,0.9763997787876396,80762.59951639175,30.704774612426757,30.704774612426757
cifar10,180,42,Low-conf.,MLP,0.9,10,7,confidence=completed;mlp=completed,4266,65.4,65.4,0.0,0.6804281345565749,0.683929890830791,0.6888309132219541,0.6811131088912432,0.9529536299429282,3.818522691726685,0.0226812362670898,0.0226812362670898
cifar10,180,42,Low-conf.,KetGPT #180,0.9,10,7,confidence=completed;quantum=completed,4252,65.4,0.0,65.4,0.6620795107033639,0.676982683686119,0.6812535557286842,0.672540462054956,0.9511966876190028,80759.34653711319,68.49067497253418,68.49067497253418
cifar10,180,42,Adaptive,Classical,0.9,10,7,confidence=completed;mlp=completed,8460,65.4,65.4,0.0,0.785,0.784426427047865,0.782225733067929,0.7815208516715282,0.9746620279772528,7.071501970291138,0.035785753250122,0.035785753250122
cifar10,180,42,Adaptive,KetGPT #180,0.9,10,7,confidence=completed;quantum=completed,8446,65.4,34.599999999999994,65.4,0.773,0.7748719106147437,0.7717943813197502,0.7695964594940155,0.9740523422716804,80762.59951639175,44.8138536567688,44.8138536567688
cifar10,180,48,Low-conf.,MLP,0.7,10,8,confidence=completed;mlp=completed,4266,28.0,28.0,0.0,0.5785714285714286,0.5863077111464208,0.5939671573068158,0.578807719623943,0.9148402006636588,3.811042547225952,0.0226144790649414,0.0226144790649414
cifar10,180,48,Low-conf.,KetGPT #180,0.7,10,8,confidence=completed;quantum=completed,4252,28.0,0.0,28.0,0.5321428571428571,0.5307590230802013,0.5308160782923592,0.5156516942192102,0.9183292306016746,80834.07618880272,67.24296069145203,67.24296069145203
cifar10,180,48,Adaptive,Classical,0.7,10,8,confidence=completed;mlp=completed,8460,28.0,28.0,0.0,0.823,0.8219579183391392,0.8216374336287595,0.8195177118346088,0.9755742292216096,7.05427360534668,0.0273393535614013,0.0273393535614013
cifar10,180,48,Adaptive,KetGPT #180,0.7,10,8,confidence=completed;quantum=completed,8446,28.0,72.0,28.0,0.81,0.8117904392036637,0.8086933103211127,0.8084580415744164,0.9777704778202028,80837.31941986084,18.849036293029787,18.84903629302979
cifar10,180,48,Low-conf.,MLP,0.8,10,8,confidence=completed;mlp=completed,4266,39.8,39.8,0.0,0.628140703517588,0.6229087302135148,0.6244063684853158,0.6150162123050057,0.9316441924512824,3.811042547225952,0.0226144790649414,0.0226144790649414
cifar10,180,48,Low-conf.,KetGPT #180,0.8,10,8,confidence=completed;quantum=completed,4252,39.8,0.0,39.8,0.5979899497487438,0.5988287398223877,0.6072248678639657,0.5877479327735982,0.9328369104119568,80834.07618880272,67.24296069145203,67.24296069145203
cifar10,180,48,Adaptive,Classical,0.8,10,8,confidence=completed;mlp=completed,8460,39.8,39.8,0.0,0.817,0.8174213998707124,0.8159476301023819,0.8137651427064805,0.9745154682335994,7.05427360534668,0.0300078620910644,0.0300078620910644
cifar10,180,48,Adaptive,KetGPT #180,0.8,10,8,confidence=completed;quantum=completed,8446,39.8,60.2,39.8,0.805,0.807950558906281,0.804360140017615,0.803624887919225,0.9761756305914736,80837.31941986084,26.783705654621123,26.783705654621123
cifar10,180,48,Low-conf.,MLP,0.9,10,8,confidence=completed;mlp=completed,4266,62.0,62.0,0.0,0.7080645161290322,0.6988089973651087,0.7021799338273438,0.6962821016798241,0.9487518636952164,3.811042547225952,0.0226144790649414,0.0226144790649414
cifar10,180,48,Low-conf.,KetGPT #180,0.9,10,8,confidence=completed;quantum=completed,4252,62.0,0.0,62.0,0.6838709677419355,0.6765576845109654,0.6892312501933717,0.6752229266091866,0.9520235921038196,80834.07618880272,67.24296069145203,67.24296069145203
cifar10,180,48,Adaptive,Classical,0.9,10,8,confidence=completed;mlp=completed,8460,62.0,62.0,0.0,0.813,0.8126842929587564,0.8117114850013115,0.809773527673641,0.9723937650255828,7.05427360534668,0.0350282764434814,0.0350282764434814
cifar10,180,48,Adaptive,KetGPT #180,0.9,10,8,confidence=completed;quantum=completed,8446,62.0,38.0,62.0,0.798,0.8008649017881033,0.7972404483689625,0.7963281127036665,0.9752780204710628,80837.31941986084,41.711642928123474,41.711642928123474
cifar10,180,550,Low-conf.,MLP,0.7,6,4,confidence=flashjt_validated;mlp=flashjt_validated,4266,51.1,51.1,0.0,0.5440313111545988,0.5558379538171222,0.5695709722278873,0.5420805798521859,0.9183989192517008,28.2147057056427,0.0227851867675781,0.0227851867675781
cifar10,180,550,Low-conf.,KetGPT #180,0.7,6,4,confidence=flashjt_validated;quantum=flashjt_validated,4252,51.1,0.0,51.1,0.6164383561643836,0.6428942234423369,0.6533870996139457,0.6324414053620224,0.942898564450798,47846.029136419296,67.12819790840149,67.12819790840149
cifar10,180,550,Adaptive,Classical,0.7,6,4,confidence=flashjt_validated;mlp=flashjt_validated,8460,51.1,51.1,0.0,0.754,0.7529660525936498,0.7518069734138695,0.7433891796627441,0.96625317849095,56.38843035697937,0.0329533214569091,0.0329533214569091
cifar10,180,550,Adaptive,KetGPT #180,0.7,6,4,confidence=flashjt_validated;quantum=flashjt_validated,8446,51.1,48.9,51.1,0.791,0.7924962096601085,0.7893430971839075,0.7829435868371585,0.9757587543355384,47874.20286107063,34.32381922221184,34.32381922221184
cifar10,180,550,Low-conf.,MLP,0.8,6,4,confidence=flashjt_validated;mlp=flashjt_validated,4266,67.9,67.9,0.0,0.6082474226804123,0.623830026177213,0.6375090173802561,0.6128248944438572,0.937744468736348,28.2147057056427,0.0227851867675781,0.0227851867675781
cifar10,180,550,Low-conf.,KetGPT #180,0.8,6,4,confidence=flashjt_validated;quantum=flashjt_validated,4252,67.9,0.0,67.9,0.6730486008836525,0.7009294256792776,0.7062239182709622,0.6872288344378465,0.9565180481693218,47846.029136419296,67.12819790840149,67.12819790840149
cifar10,180,550,Adaptive,Classical,0.8,6,4,confidence=flashjt_validated;mlp=flashjt_validated,8460,67.9,67.9,0.0,0.729,0.7199591767397532,0.727230452077698,0.7108641634165229,0.9635087382617168,56.38843035697937,0.0367812328338623,0.0367812328338623
cifar10,180,550,Adaptive,KetGPT #180,0.8,6,4,confidence=flashjt_validated;quantum=flashjt_validated,8446,67.9,32.099999999999994,67.9,0.773,0.7738466543073689,0.7719065642206242,0.7592811962829012,0.9743010602007548,47874.20286107063,45.60135647082329,45.60135647082329
cifar10,180,550,Low-conf.,MLP,0.9,6,4,confidence=flashjt_validated;mlp=flashjt_validated,4266,99.5,99.5,0.0,0.7246231155778895,0.714563800980505,0.7221904552835146,0.7056725569020499,0.9598195827576856,28.2147057056427,0.0227851867675781,0.0227851867675781
cifar10,180,550,Low-conf.,KetGPT #180,0.9,6,4,confidence=flashjt_validated;quantum=flashjt_validated,4252,99.5,0.0,99.5,0.770854271356784,0.7700966756935571,0.768886733528109,0.7563262169098925,0.9718532475172408,47846.029136419296,67.12819790840149,67.12819790840149
cifar10,180,550,Adaptive,Classical,0.9,6,4,confidence=flashjt_validated;mlp=flashjt_validated,8460,99.5,99.5,0.0,0.726,0.7168511866112234,0.7242719941867588,0.7079466624205459,0.9603333609874272,56.38843035697937,0.0439813518524169,0.0439813518524169
cifar10,180,550,Adaptive,KetGPT #180,0.9,6,4,confidence=flashjt_validated;quantum=flashjt_validated,8446,99.5,0.5,99.5,0.772,0.7721337127305942,0.7705376092099924,0.7583747255955694,0.9723219549151436,47874.20286107063,66.81386700987815,66.81386700987815
kmnist,160,1,Low-conf.,MLP,0.7,10,9,confidence=completed;mlp=completed,4266,48.9,48.9,0.0,0.476482617586912,0.4560015795422478,0.459847905864135,0.439344384588276,0.8545162861003635,4.014153957366943,0.0231294631958007,0.0231294631958007
kmnist,160,1,Low-conf.,KetGPT #160,0.7,10,10,confidence=completed;quantum=completed,4204,48.9,0.0,48.9,0.5501022494887525,0.5287576955360077,0.5418426393487064,0.516080238268767,0.8954028570258385,9324.361211061478,16.67594289779663,16.67594289779663
kmnist,160,1,Adaptive,Classical,0.7,10,9,confidence=completed;mlp=completed,8460,48.9,48.9,0.0,0.685,0.6948340379585367,0.6852188037068192,0.681536944878964,0.9288841436791304,7.388197898864746,0.0344097299575805,0.0344097299575805
kmnist,160,1,Adaptive,KetGPT #160,0.7,10,10,confidence=completed;quantum=completed,8398,48.9,51.1,48.9,0.721,0.7365508264181109,0.722154405063434,0.7167260131667821,0.944168807930386,9327.735255002975,8.177635499477386,8.177635499477386
kmnist,160,1,Low-conf.,MLP,0.8,10,9,confidence=completed;mlp=completed,4266,62.9,62.9,0.0,0.505564387917329,0.5010006517578962,0.497179889870286,0.4834923312099459,0.8699794160123668,4.014153957366943,0.0231294631958007,0.0231294631958007
kmnist,160,1,Low-conf.,KetGPT #160,0.8,10,10,confidence=completed;quantum=completed,4204,62.9,0.0,62.9,0.5818759936406995,0.5847152329784018,0.5813822250711029,0.5654725159595453,0.90803129819935,9324.361211061478,16.67594289779663,16.67594289779663
kmnist,160,1,Adaptive,Classical,0.8,10,9,confidence=completed;mlp=completed,8460,62.9,62.9,0.0,0.665,0.6737334472528603,0.664933752401403,0.6618158816297891,0.9245171677864884,7.388197898864746,0.0376478548049926,0.0376478548049926
kmnist,160,1,Adaptive,KetGPT #160,0.8,10,10,confidence=completed;quantum=completed,8398,62.9,37.1,62.9,0.713,0.7266023658874491,0.7138219154694103,0.7090082718239856,0.9442263136631242,9327.735255002975,10.512267505168914,10.512267505168914
kmnist,160,1,Low-conf.,MLP,0.9,10,9,confidence=completed;mlp=completed,4266,80.1,80.1,0.0,0.5730337078651685,0.5758025084276125,0.5644263095760463,0.5586938280293308,0.8914172244738718,4.014153957366943,0.0231294631958007,0.0231294631958007
kmnist,160,1,Low-conf.,KetGPT #160,0.9,10,10,confidence=completed;quantum=completed,4204,80.1,0.0,80.1,0.6379525593008739,0.6492302634273579,0.6384350410206049,0.6296270014064738,0.92372401389392,9324.361211061478,16.67594289779663,16.67594289779663
kmnist,160,1,Adaptive,Classical,0.9,10,9,confidence=completed;mlp=completed,8460,80.1,80.1,0.0,0.652,0.6622236296366287,0.6522655461580402,0.6492706286804343,0.9211078448123196,7.388197898864746,0.0416261224746704,0.0416261224746704
kmnist,160,1,Adaptive,KetGPT #160,0.9,10,10,confidence=completed;quantum=completed,8398,80.1,19.90000000000001,80.1,0.704,0.7179226726160383,0.7046686371368007,0.700350369582784,0.9439909197936476,9327.735255002975,13.380529683589934,13.380529683589934
kmnist,160,2026,Low-conf.,MLP,0.7,6,6,confidence=flashjt_validated;mlp=flashjt_validated,4266,69.9,69.9,0.0,0.4878397711015736,0.5329968551913463,0.493369163669244,0.4800395780385922,0.8746883528382907,24.41218852996826,0.0235762596130371,0.0235762596130371
kmnist,160,2026,Low-conf.,KetGPT #160,0.7,6,6,confidence=flashjt_validated;quantum=flashjt_validated,4204,69.9,0.0,69.9,0.4949928469241774,0.5295454700717575,0.4955852706710409,0.4873884845179098,0.8757011914950169,5791.933180809021,17.39776635169983,17.39776635169983
kmnist,160,2026,Adaptive,Classical,0.7,6,6,confidence=flashjt_validated;mlp=flashjt_validated,8460,69.9,69.9,0.0,0.618,0.6573620840984712,0.6229850512345388,0.6187385320653647,0.917195814983902,48.78450202941895,0.0383532795906066,0.0383532795906066
kmnist,160,2026,Adaptive,KetGPT #160,0.7,6,6,confidence=flashjt_validated;quantum=flashjt_validated,8398,69.9,30.099999999999994,69.9,0.623,0.6576179139091936,0.6269220941762241,0.624716446335557,0.9175773079654148,5816.305494308472,12.182912153959276,12.182912153959276
kmnist,160,2026,Low-conf.,MLP,0.8,6,6,confidence=flashjt_validated;mlp=flashjt_validated,4266,82.6,82.6,0.0,0.5460048426150121,0.5845064116350392,0.5457104455074548,0.5349052984245593,0.8919761372973161,24.41218852996826,0.0235762596130371,0.0235762596130371
kmnist,160,2026,Low-conf.,KetGPT #160,0.8,6,6,confidence=flashjt_validated;quantum=flashjt_validated,4204,82.6,0.0,82.6,0.5569007263922519,0.5852321316502788,0.5528344316799945,0.5471786075451213,0.8923982489741208,5791.933180809021,17.39776635169983,17.39776635169983
kmnist,160,2026,Adaptive,Classical,0.8,6,6,confidence=flashjt_validated;mlp=flashjt_validated,8460,82.6,82.6,0.0,0.613,0.65447275191208,0.6178977846940407,0.6139714227943848,0.916634320309624,48.78450202941895,0.0413474645614624,0.0413474645614624
kmnist,160,2026,Adaptive,KetGPT #160,0.8,6,6,confidence=flashjt_validated;quantum=flashjt_validated,8398,82.6,17.400000000000006,82.6,0.622,0.6562740136829808,0.625867249114956,0.6238715923650491,0.9163299888908234,5816.305494308472,14.392428480625153,14.392428480625153
kmnist,160,2026,Low-conf.,MLP,0.9,6,6,confidence=flashjt_validated;mlp=flashjt_validated,4266,96.3,96.3,0.0,0.5991692627206646,0.6363318230157702,0.5988356837326629,0.5931678324799449,0.910505572219754,24.41218852996826,0.0235762596130371,0.0235762596130371
kmnist,160,2026,Low-conf.,KetGPT #160,0.9,6,6,confidence=flashjt_validated;quantum=flashjt_validated,4204,96.3,0.0,96.3,0.6064382139148494,0.6359662526476197,0.6054293978222371,0.6033832995511675,0.9095127127574048,5791.933180809021,17.39776635169983,17.39776635169983
kmnist,160,2026,Adaptive,Classical,0.9,6,6,confidence=flashjt_validated;mlp=flashjt_validated,8460,96.3,96.3,0.0,0.612,0.6544988560021819,0.6168876836839396,0.6132134055559251,0.9170069671661456,48.78450202941895,0.0445774121284484,0.0445774121284484
kmnist,160,2026,Adaptive,KetGPT #160,0.9,6,6,confidence=flashjt_validated;quantum=flashjt_validated,8398,96.3,3.700000000000003,96.3,0.619,0.6528476089263148,0.6227258729472639,0.6206309412080298,0.9154613716050176,5816.305494308472,16.77592247080803,16.77592247080803
kmnist,160,42,Low-conf.,MLP,0.7,10,10,confidence=completed;mlp=completed,4266,53.2,53.2,0.0,0.518796992481203,0.53579101956455,0.5285049199904168,0.5062323374277445,0.8774185495251237,3.925218343734741,0.0235815048217773,0.0235815048217773
kmnist,160,42,Low-conf.,KetGPT #160,0.7,10,10,confidence=completed;quantum=completed,4204,53.2,0.0,53.2,0.5075187969924813,0.5338627461832264,0.5167648983184047,0.4902018474191888,0.8920065738686663,10100.997403621674,19.113980054855347,19.113980054855347
kmnist,160,42,Adaptive,Classical,0.7,10,10,confidence=completed;mlp=completed,8460,53.2,53.2,0.0,0.698,0.7135995935653661,0.7016853438919719,0.6969664790683348,0.9339509321766536,7.247179746627808,0.0338590278625488,0.0338590278625488
kmnist,160,42,Adaptive,KetGPT #160,0.7,10,10,confidence=completed;quantum=completed,8398,53.2,46.8,53.2,0.692,0.7124545194904268,0.6955720153764995,0.6897392715442956,0.9395645017168076,10104.319365024568,10.189951056480409,10.189951056480409
kmnist,160,42,Low-conf.,MLP,0.8,10,10,confidence=completed;mlp=completed,4266,65.8,65.8,0.0,0.547112462006079,0.5645460315842232,0.5505712256188273,0.536082182509405,0.886366812645431,3.925218343734741,0.0235815048217773,0.0235815048217773
kmnist,160,42,Low-conf.,KetGPT #160,0.8,10,10,confidence=completed;quantum=completed,4204,65.8,0.0,65.8,0.5501519756838906,0.5785211335623979,0.55649373416339,0.536440089311166,0.9001260976050556,10100.997403621674,19.113980054855347,19.113980054855347
kmnist,160,42,Adaptive,Classical,0.8,10,10,confidence=completed;mlp=completed,8460,65.8,65.8,0.0,0.686,0.7047897581441235,0.6902655812622898,0.685151734658498,0.9349881613694178,7.247179746627808,0.0368302974700927,0.0368302974700927
kmnist,160,42,Adaptive,KetGPT #160,0.8,10,10,confidence=completed;quantum=completed,8398,65.8,34.2,65.8,0.688,0.7112146581446981,0.6921986691041604,0.6849323612772352,0.9409939991854956,10104.319365024568,12.59831254339218,12.59831254339218
kmnist,160,42,Low-conf.,MLP,0.9,10,10,confidence=completed;mlp=completed,4266,81.4,81.4,0.0,0.6007371007371007,0.617183657828176,0.5988122357632573,0.5898933464675048,0.9075578273079226,3.925218343734741,0.0235815048217773,0.0235815048217773
kmnist,160,42,Low-conf.,KetGPT #160,0.9,10,10,confidence=completed;quantum=completed,4204,81.4,0.0,81.4,0.6167076167076168,0.6430543171796841,0.6164361637841366,0.6039082922261971,0.9190560315227032,10100.997403621674,19.113980054855347,19.113980054855347
kmnist,160,42,Adaptive,Classical,0.9,10,10,confidence=completed;mlp=completed,8460,81.4,81.4,0.0,0.67,0.6915072229907848,0.6744588388008836,0.6696339084916053,0.932929428733626,7.247179746627808,0.04050901222229,0.04050901222229
kmnist,160,42,Adaptive,KetGPT #160,0.9,10,10,confidence=completed;quantum=completed,8398,81.4,18.599999999999994,81.4,0.683,0.7094549230764727,0.6872077106916212,0.6802917488869042,0.9411363983098068,10104.319365024568,15.580093431949615,15.580093431949615
kmnist,160,48,Low-conf.,MLP,0.7,10,8,confidence=completed;mlp=completed,4266,57.6,57.6,0.0,0.5121527777777778,0.5436996107308608,0.5061527930617417,0.5119232610364292,0.8684668096308693,3.892111301422119,0.0229189395904541,0.0229189395904541
kmnist,160,48,Low-conf.,KetGPT #160,0.7,10,8,confidence=completed;quantum=completed,4204,57.6,0.0,57.6,0.5190972222222222,0.5540566768551417,0.5226256879324794,0.5114041341514842,0.8853663044077889,10049.78884768486,18.9567813873291,18.9567813873291
kmnist,160,48,Adaptive,Classical,0.7,10,8,confidence=completed;mlp=completed,8460,57.6,57.6,0.0,0.686,0.7045143586697222,0.688845893317359,0.6909803634457422,0.9286671662799026,7.1822052001953125,0.034323049545288,0.034323049545288
kmnist,160,48,Adaptive,KetGPT #160,0.7,10,8,confidence=completed;quantum=completed,8398,57.6,42.4,57.6,0.69,0.7114155867276181,0.6921391152215881,0.6886492955486727,0.9402140620712954,10053.078941583632,10.94022781944275,10.94022781944275
kmnist,160,48,Low-conf.,MLP,0.8,10,8,confidence=completed;mlp=completed,4266,68.4,68.4,0.0,0.554093567251462,0.5804440979577242,0.5450044374109478,0.5500536361645405,0.8842054277078789,3.892111301422119,0.0229189395904541,0.0229189395904541
kmnist,160,48,Low-conf.,KetGPT #160,0.8,10,8,confidence=completed;quantum=completed,4204,68.4,0.0,68.4,0.5745614035087719,0.5999847378549487,0.5708870340829829,0.5634207227057306,0.9004952573628641,10049.78884768486,18.9567813873291,18.9567813873291
kmnist,160,48,Adaptive,Classical,0.8,10,8,confidence=completed;mlp=completed,8460,68.4,68.4,0.0,0.676,0.6984281227478283,0.6787609390170868,0.6816745302609033,0.9275055705952284,7.1822052001953125,0.0367982950210571,0.0367982950210571
kmnist,160,48,Adaptive,KetGPT #160,0.8,10,8,confidence=completed;quantum=completed,8398,68.4,31.599999999999994,68.4,0.69,0.7121557733133257,0.6918549171543711,0.6888723496227558,0.9395269070605567,10053.078941583632,12.987560209274292,12.987560209274292
kmnist,160,48,Low-conf.,MLP,0.9,10,8,confidence=completed;mlp=completed,4266,85.8,85.8,0.0,0.6118881118881119,0.6374006256817286,0.6090803260577046,0.6131081871132382,0.9034799042672004,3.892111301422119,0.0229189395904541,0.0229189395904541
kmnist,160,48,Low-conf.,KetGPT #160,0.9,10,8,confidence=completed;quantum=completed,4204,85.8,0.0,85.8,0.6363636363636364,0.6562600334983931,0.6320201534306971,0.6265183770454068,0.9185681992785716,10049.78884768486,18.9567813873291,18.9567813873291
kmnist,160,48,Adaptive,Classical,0.9,10,8,confidence=completed;mlp=completed,8460,85.8,85.8,0.0,0.667,0.6917425176946786,0.6701333330168038,0.6730028482522752,0.9252659313393596,7.1822052001953125,0.0407861905097961,0.0407861905097961
kmnist,160,48,Adaptive,KetGPT #160,0.9,10,8,confidence=completed;quantum=completed,8398,85.8,14.200000000000005,85.8,0.688,0.710431239165741,0.6899013846745229,0.6869081445627285,0.9380585588074328,10053.078941583632,16.286040170669555,16.286040170669555
kmnist,160,550,Low-conf.,MLP,0.7,6,5,confidence=flashjt_validated;mlp=flashjt_validated,4266,71.3,71.3,0.0,0.5105189340813464,0.5609830666900668,0.5193956700038702,0.5114165264377124,0.873670177861183,24.444276809692383,0.0246601104736328,0.0246601104736328
kmnist,160,550,Low-conf.,KetGPT #160,0.7,6,5,confidence=flashjt_validated;quantum=flashjt_validated,4204,71.3,0.0,71.3,0.5105189340813464,0.5149994412568337,0.508704000362801,0.4966792261623144,0.8725828691275863,6011.251384973526,19.238680362701416,19.238680362701416
kmnist,160,550,Adaptive,Classical,0.7,6,5,confidence=flashjt_validated;mlp=flashjt_validated,8460,71.3,71.3,0.0,0.632,0.6713757558618244,0.6359776830009366,0.6325124762171968,0.9169536777485984,48.72627258300781,0.0419089832305908,0.0419089832305908
kmnist,160,550,Adaptive,KetGPT #160,0.7,6,5,confidence=flashjt_validated;quantum=flashjt_validated,8398,71.3,28.700000000000003,71.3,0.632,0.6465054035833416,0.6363823438045751,0.6304139279525348,0.91733655031451,6035.533380746841,13.741505423069,13.741505423069
kmnist,160,550,Low-conf.,MLP,0.8,6,5,confidence=flashjt_validated;mlp=flashjt_validated,4266,84.3,84.3,0.0,0.564650059311981,0.606785094926618,0.5643839212619655,0.558485112005513,0.8909006414559807,24.444276809692383,0.0246601104736328,0.0246601104736328
kmnist,160,550,Low-conf.,KetGPT #160,0.8,6,5,confidence=flashjt_validated;quantum=flashjt_validated,4204,84.3,0.0,84.3,0.5658362989323843,0.5692275561852732,0.558857555664278,0.5505298275001057,0.8885164982069009,6011.251384973526,19.238680362701416,19.238680362701416
kmnist,160,550,Adaptive,Classical,0.8,6,5,confidence=flashjt_validated;mlp=flashjt_validated,8460,84.3,84.3,0.0,0.629,0.6685255150575126,0.6332235002467538,0.6295449186094191,0.9169599795831525,48.72627258300781,0.045114797592163,0.045114797592163
kmnist,160,550,Adaptive,KetGPT #160,0.8,6,5,confidence=flashjt_validated;quantum=flashjt_validated,8398,84.3,15.700000000000005,84.3,0.63,0.6444399922206627,0.6344431450018103,0.6286126012508277,0.9164549889183446,6035.533380746841,16.242533870220182,16.242533870220182
kmnist,160,550,Low-conf.,MLP,0.9,6,5,confidence=flashjt_validated;mlp=flashjt_validated,4266,96.2,96.2,0.0,0.6122661122661123,0.6514142721072745,0.6112683325383602,0.606808439325089,0.9093277607197195,24.444276809692383,0.0246601104736328,0.0246601104736328
kmnist,160,550,Low-conf.,KetGPT #160,0.9,6,5,confidence=flashjt_validated;quantum=flashjt_validated,4204,96.2,0.0,96.2,0.6143451143451143,0.62357539648529,0.612624301038147,0.6063748396535096,0.9082342433289442,6011.251384973526,19.238680362701416,19.238680362701416
kmnist,160,550,Adaptive,Classical,0.9,6,5,confidence=flashjt_validated;mlp=flashjt_validated,8460,96.2,96.2,0.0,0.627,0.6670776482313563,0.631421698444952,0.6272731195487695,0.9160959481021224,48.72627258300781,0.0480493507385253,0.0480493507385253
kmnist,160,550,Adaptive,KetGPT #160,0.9,6,5,confidence=flashjt_validated;quantum=flashjt_validated,8398,96.2,3.799999999999997,96.2,0.629,0.643270374201593,0.6334330439917093,0.6276726301535616,0.9157806002039852,6035.533380746841,18.531936833381653,18.531936833381653
kmnist,180,1,Low-conf.,MLP,0.7,10,9,confidence=completed;mlp=completed,4266,50.9,50.9,0.0,0.4931237721021611,0.4812509122762464,0.4882406578400816,0.4711966698411582,0.8562016244006712,4.073370456695557,0.0232501029968261,0.0232501029968261
kmnist,180,1,Low-conf.,KetGPT #180,0.7,10,7,confidence=completed;quantum=completed,4252,50.9,0.0,50.9,0.5029469548133595,0.5148213338513198,0.5003724764026545,0.4989214964271035,0.8610339193850278,77596.75394797325,69.85845375061035,69.85845375061035
kmnist,180,1,Adaptive,Classical,0.7,10,9,confidence=completed;mlp=completed,8460,50.9,50.9,0.0,0.696,0.704893912365762,0.6968746494689136,0.6929542210405554,0.9289136969764328,7.518234729766846,0.0333470492362976,0.0333470492362976
kmnist,180,1,Adaptive,KetGPT #180,0.7,10,7,confidence=completed;quantum=completed,8446,50.9,49.1,50.9,0.701,0.7105351826860503,0.7030351131300715,0.7022460496110792,0.934965387193585,77600.19881224632,35.579465705871584,35.579465705871584
kmnist,180,1,Low-conf.,MLP,0.8,10,9,confidence=completed;mlp=completed,4266,63.6,63.6,0.0,0.5188679245283019,0.512602774116114,0.5111589325863795,0.5001663979991926,0.8657761143290978,4.073370456695557,0.0232501029968261,0.0232501029968261
kmnist,180,1,Low-conf.,KetGPT #180,0.8,10,7,confidence=completed;quantum=completed,4252,63.6,0.0,63.6,0.5471698113207547,0.5636150401663984,0.5483662335328762,0.5487907551855729,0.8727938938502089,77596.75394797325,69.85845375061035,69.85845375061035
kmnist,180,1,Adaptive,Classical,0.8,10,9,confidence=completed;mlp=completed,8460,63.6,63.6,0.0,0.674,0.6815131657696442,0.6747212997866553,0.6704940482891651,0.9235908920727832,7.518234729766846,0.0362998123168945,0.0362998123168945
kmnist,180,1,Adaptive,KetGPT #180,0.8,10,7,confidence=completed;quantum=completed,8446,63.6,36.4,63.6,0.692,0.7023498217733936,0.6936501271054912,0.6934999547523024,0.930509745082848,77600.19881224632,44.451489332199095,44.451489332199095
kmnist,180,1,Low-conf.,MLP,0.9,10,9,confidence=completed;mlp=completed,4266,82.7,82.7,0.0,0.6045949214026602,0.6008862949304303,0.5960973209721493,0.5883710591748913,0.8976825153801815,4.073370456695557,0.0232501029968261,0.0232501029968261
kmnist,180,1,Low-conf.,KetGPT #180,0.9,10,7,confidence=completed;quantum=completed,4252,82.7,0.0,82.7,0.6287787182587666,0.6392026298730543,0.6273172172186244,0.6275087009442796,0.9022130568952644,77596.75394797325,69.85845375061035,69.85845375061035
kmnist,180,1,Adaptive,Classical,0.9,10,9,confidence=completed;mlp=completed,8460,82.7,82.7,0.0,0.665,0.6715369653868796,0.6656110875722756,0.6607925813254544,0.9219315491517288,7.518234729766846,0.0407405819892883,0.0407405819892883
kmnist,180,1,Adaptive,KetGPT #180,0.9,10,7,confidence=completed;quantum=completed,8446,82.7,17.299999999999997,82.7,0.685,0.6950216605270572,0.6868265159183217,0.6864543251639599,0.9256816678044082,77600.19881224632,57.79445399856568,57.79445399856568
svhn,160,1,Low-conf.,MLP,0.7,10,10,confidence=completed;mlp=completed,4266,85.3,85.3,0.0,0.3903868698710434,0.4103560113030785,0.3784581988874352,0.365161459421245,0.8325789839766576,3.902634859085083,0.0235843658447265,0.0235843658447265
svhn,160,1,Low-conf.,KetGPT #160,0.7,10,10,confidence=completed;quantum=completed,4204,85.3,0.0,85.3,0.4431418522860492,0.4624015353305378,0.4198194777115949,0.4188783635793881,0.8451362390519561,9602.081985473633,17.169283628463745,17.169283628463745
svhn,160,1,Adaptive,Classical,0.7,10,10,confidence=completed;mlp=completed,8460,85.3,85.3,0.0,0.465,0.4519321793892056,0.4147107673627136,0.4072523052541725,0.8592560201366064,7.21759557723999,0.0416364097595214,0.0416364097595214
svhn,160,1,Adaptive,KetGPT #160,0.7,10,10,confidence=completed;quantum=completed,8398,85.3,14.700000000000005,85.3,0.51,0.5014163055330275,0.4549845521124648,0.457109953113859,0.8699369541078417,9605.396946191788,14.666917880773545,14.666917880773545
svhn,160,1,Low-conf.,MLP,0.8,10,10,confidence=completed;mlp=completed,4266,91.5,91.5,0.0,0.4207650273224044,0.43114679880904,0.3974123932263256,0.3862195443978101,0.8436317812762899,3.902634859085083,0.0235843658447265,0.0235843658447265
svhn,160,1,Low-conf.,KetGPT #160,0.8,10,10,confidence=completed;quantum=completed,4204,91.5,0.0,91.5,0.4666666666666667,0.4794539262467744,0.4347171221829392,0.4351170343142208,0.8540737523869529,9602.081985473633,17.169283628463745,17.169283628463745
svhn,160,1,Adaptive,Classical,0.8,10,10,confidence=completed;mlp=completed,8460,91.5,91.5,0.0,0.465,0.452118275387883,0.4148735160064749,0.4068833536158729,0.8597964816452714,7.21759557723999,0.0430986404418945,0.0430986404418945
svhn,160,1,Adaptive,KetGPT #160,0.8,10,10,confidence=completed;quantum=completed,8398,91.5,8.5,91.5,0.507,0.4988262115379839,0.4520220167083545,0.4540653006394258,0.8693582917851543,9605.396946191788,15.731413465738298,15.731413465738298
svhn,160,1,Low-conf.,MLP,0.9,10,10,confidence=completed;mlp=completed,4266,96.6,96.6,0.0,0.4461697722567287,0.4453975380275385,0.409639649545701,0.4001802321261252,0.8527284997367021,3.902634859085083,0.0235843658447265,0.0235843658447265
svhn,160,1,Low-conf.,KetGPT #160,0.9,10,10,confidence=completed;quantum=completed,4204,96.6,0.0,96.6,0.4906832298136646,0.49232034328764,0.4462364456494048,0.4478763953878801,0.8632647380604066,9602.081985473633,17.169283628463745,17.169283628463745
svhn,160,1,Adaptive,Classical,0.9,10,10,confidence=completed;mlp=completed,8460,96.6,96.6,0.0,0.464,0.4515555151234385,0.4143329754659344,0.4062901893568869,0.8591322774142739,7.21759557723999,0.0443014430999755,0.0443014430999755
svhn,160,1,Adaptive,KetGPT #160,0.9,10,10,confidence=completed;quantum=completed,8398,96.6,3.4000000000000057,96.6,0.507,0.4988262115379839,0.4520220167083545,0.4540653006394258,0.8693275463812883,9605.396946191788,16.60704693078995,16.60704693078995
svhn,160,2026,Low-conf.,MLP,0.7,6,5,confidence=flashjt_validated;mlp=flashjt_validated,4266,93.8,93.8,0.0,0.4157782515991471,0.3970080727193822,0.3832922789446454,0.3725921338683522,0.8437923259769388,25.348655700683597,0.0244505405426025,0.0244505405426025
svhn,160,2026,Low-conf.,KetGPT #160,0.7,6,5,confidence=flashjt_validated;quantum=flashjt_validated,4204,93.8,0.0,93.8,0.3720682302771855,0.3245378171955578,0.323252404028961,0.2981835069693513,0.8126621923089999,6031.709821462631,19.734878063201904,19.734878063201904
svhn,160,2026,Adaptive,Classical,0.7,6,5,confidence=flashjt_validated;mlp=flashjt_validated,8460,93.8,93.8,0.0,0.451,0.4129785809312697,0.3961493693424967,0.3879669877861172,0.8558438092391208,50.22134184837341,0.0450646195411682,0.0450646195411682
svhn,160,2026,Adaptive,KetGPT #160,0.7,6,5,confidence=flashjt_validated;quantum=flashjt_validated,8398,93.8,6.200000000000003,93.8,0.41,0.3393742155929006,0.3336287873401269,0.3136090220844496,0.8282567300712632,6056.582507610321,18.53344563579559,18.53344563579559
svhn,160,2026,Low-conf.,MLP,0.8,6,5,confidence=flashjt_validated;mlp=flashjt_validated,4266,97.1,97.1,0.0,0.4335736354273944,0.4070879112505366,0.3919913651844925,0.3824903140485739,0.850054935454357,25.348655700683597,0.0244505405426025,0.0244505405426025
svhn,160,2026,Low-conf.,KetGPT #160,0.8,6,5,confidence=flashjt_validated;quantum=flashjt_validated,4204,97.1,0.0,97.1,0.3913491246138002,0.333729547935796,0.3299895437008833,0.307552841016506,0.8197102993544508,6031.709821462631,19.734878063201904,19.734878063201904
svhn,160,2026,Adaptive,Classical,0.8,6,5,confidence=flashjt_validated;mlp=flashjt_validated,8460,97.1,97.1,0.0,0.45,0.412438102510142,0.3956088288019562,0.3874212747357423,0.855627576314769,50.22134184837341,0.045871487379074,0.045871487379074
svhn,160,2026,Adaptive,KetGPT #160,0.8,6,5,confidence=flashjt_validated;quantum=flashjt_validated,8398,97.1,2.9000000000000057,97.1,0.409,0.3384435183485854,0.3322002159115555,0.3123941086495713,0.8267785726636516,6056.582507610321,19.18469661188125,19.18469661188125
svhn,160,2026,Low-conf.,MLP,0.9,6,5,confidence=flashjt_validated;mlp=flashjt_validated,4266,100.0,100.0,0.0,0.45,0.412438102510142,0.3956088288019562,0.3874212747357423,0.8558549616730456,25.348655700683597,0.0244505405426025,0.0244505405426025
svhn,160,2026,Low-conf.,KetGPT #160,0.9,6,5,confidence=flashjt_validated;quantum=flashjt_validated,4204,100.0,0.0,100.0,0.409,0.3384435183485854,0.3322002159115555,0.3123941086495713,0.8253098289887056,6031.709821462631,19.734878063201904,19.734878063201904
svhn,160,2026,Adaptive,Classical,0.9,6,5,confidence=flashjt_validated;mlp=flashjt_validated,8460,100.0,100.0,0.0,0.45,0.412438102510142,0.3956088288019562,0.3874212747357423,0.8558549616730456,50.22134184837341,0.0465805530548095,0.0465805530548095
svhn,160,2026,Adaptive,KetGPT #160,0.9,6,5,confidence=flashjt_validated;quantum=flashjt_validated,8398,100.0,0.0,100.0,0.409,0.3384435183485854,0.3322002159115555,0.3123941086495713,0.8253098289887056,6056.582507610321,19.75700807571411,19.75700807571411
svhn,160,42,Low-conf.,MLP,0.7,10,8,confidence=completed;mlp=completed,4266,81.9,81.9,0.0,0.3540903540903541,0.4276143181850857,0.3291839613340754,0.3168088292460344,0.8125246987907151,4.06764554977417,0.0237500667572021,0.0237500667572021
svhn,160,42,Low-conf.,KetGPT #160,0.7,10,10,confidence=completed;quantum=completed,4204,81.9,0.0,81.9,0.4139194139194139,0.4232161766228703,0.4228109531944629,0.4086787396985268,0.8413019443911853,10088.40552163124,19.247743368148804,19.247743368148804
svhn,160,42,Adaptive,Classical,0.7,10,8,confidence=completed;mlp=completed,8460,81.9,81.9,0.0,0.449,0.4808271071242546,0.3777454661434468,0.3685313739948852,0.849471664663443,7.522353649139404,0.0419675552845001,0.0419675552845001
svhn,160,42,Adaptive,KetGPT #160,0.7,10,10,confidence=completed;quantum=completed,8398,81.9,18.099999999999994,81.9,0.498,0.4728900026037698,0.467317380683125,0.4560478272056525,0.8719230004328251,10091.860229730606,15.786418069124222,15.786418069124222
svhn,160,42,Low-conf.,MLP,0.8,10,8,confidence=completed;mlp=completed,4266,88.8,88.8,0.0,0.3828828828828828,0.4485174762837638,0.3493585850449612,0.3374871498230133,0.8228628844759157,4.06764554977417,0.0237500667572021,0.0237500667572021
svhn,160,42,Low-conf.,KetGPT #160,0.8,10,10,confidence=completed;quantum=completed,4204,88.8,0.0,88.8,0.4391891891891892,0.4421951102997191,0.4385943660721383,0.4260809243341045,0.8495135596837304,10088.40552163124,19.247743368148804,19.247743368148804
svhn,160,42,Adaptive,Classical,0.8,10,8,confidence=completed;mlp=completed,8460,88.8,88.8,0.0,0.448,0.478714540623604,0.3765406468663384,0.3668513252419926,0.8487124034521211,7.522353649139404,0.043606309890747,0.043606309890747
svhn,160,42,Adaptive,KetGPT #160,0.8,10,10,confidence=completed;quantum=completed,8398,88.8,11.200000000000005,88.8,0.498,0.4728900026037698,0.467317380683125,0.4560478272056525,0.8718301127423194,10091.860229730606,17.11451236152649,17.11451236152649
svhn,160,42,Low-conf.,MLP,0.9,10,8,confidence=completed;mlp=completed,4266,95.6,95.6,0.0,0.4225941422594142,0.4698181070423569,0.3694264713432296,0.3585325712627804,0.8356306444821143,4.06764554977417,0.0237500667572021,0.0237500667572021
svhn,160,42,Low-conf.,KetGPT #160,0.9,10,10,confidence=completed;quantum=completed,4204,95.6,0.0,95.6,0.4748953974895397,0.4637380016465475,0.4593511135875662,0.4473476813438658,0.8625980886092881,10088.40552163124,19.247743368148804,19.247743368148804
svhn,160,42,Adaptive,Classical,0.9,10,8,confidence=completed;mlp=completed,8460,95.6,95.6,0.0,0.448,0.478714540623604,0.3765406468663384,0.3668513252419926,0.8456464032314569,7.522353649139404,0.0452213144302368,0.0452213144302368
svhn,160,42,Adaptive,KetGPT #160,0.9,10,10,confidence=completed;quantum=completed,8398,95.6,4.400000000000006,95.6,0.498,0.4728900026037698,0.467317380683125,0.4560478272056525,0.8712599757032858,10091.860229730606,18.42335891056061,18.42335891056061
svhn,160,48,Low-conf.,MLP,0.7,10,7,confidence=completed;mlp=completed,4266,89.9,89.9,0.0,0.4371523915461624,0.4521687140407905,0.4184296879202417,0.4055446685699226,0.849405061455441,4.061368227005005,0.0234525203704834,0.0234525203704834
svhn,160,48,Low-conf.,KetGPT #160,0.7,10,7,confidence=completed;quantum=completed,4204,89.9,0.0,89.9,0.4460511679644049,0.4696640278382665,0.4316561475986533,0.425852723951693,0.8569980459729838,10045.139793157578,16.957985162734985,16.957985162734985
svhn,160,48,Adaptive,Classical,0.7,10,7,confidence=completed;mlp=completed,8460,89.9,89.9,0.0,0.49,0.4780524701868048,0.443111946213038,0.4313044602032194,0.8678875060139555,7.475870847702026,0.0431096394062042,0.0431096394062042
svhn,160,48,Adaptive,KetGPT #160,0.7,10,7,confidence=completed;quantum=completed,8398,89.9,10.099999999999994,89.9,0.498,0.4943859292356981,0.4536677864407814,0.449496016477352,0.8750785049594807,10048.554295778276,15.267254484891891,15.267254484891891
svhn,160,48,Low-conf.,MLP,0.8,10,7,confidence=completed;mlp=completed,4266,93.5,93.5,0.0,0.4545454545454545,0.461549417359486,0.4281181772537614,0.4154595390893703,0.8559957274924862,4.061368227005005,0.0234525203704834,0.0234525203704834
svhn,160,48,Low-conf.,KetGPT #160,0.8,10,7,confidence=completed;quantum=completed,4204,93.5,0.0,93.5,0.46524064171123,0.4806159400346744,0.4418771571502916,0.4365336084097831,0.8640936793628693,10045.139793157578,16.957985162734985,16.957985162734985
svhn,160,48,Adaptive,Classical,0.8,10,7,confidence=completed;mlp=completed,8460,93.5,93.5,0.0,0.488,0.4761460888039835,0.442030865131957,0.4298889840848252,0.8677056973146706,7.475870847702026,0.0439539301395416,0.0439539301395416
svhn,160,48,Adaptive,KetGPT #160,0.8,10,7,confidence=completed;quantum=completed,8398,93.5,6.5,93.5,0.498,0.4943859292356981,0.4536677864407814,0.449496016477352,0.8755091104948536,10048.554295778276,15.877741950750352,15.877741950750352
svhn,160,48,Low-conf.,MLP,0.9,10,7,confidence=completed;mlp=completed,4266,97.3,97.3,0.0,0.473792394655704,0.4706756053687919,0.4366835197996173,0.4244749484319191,0.8622339723860856,4.061368227005005,0.0234525203704834,0.0234525203704834
svhn,160,48,Low-conf.,KetGPT #160,0.9,10,7,confidence=completed;quantum=completed,4204,97.3,0.0,97.3,0.4840698869475848,0.4891370558050065,0.4493039566610696,0.4445495933149664,0.8709732569988289,10045.139793157578,16.957985162734985,16.957985162734985
svhn,160,48,Adaptive,Classical,0.9,10,7,confidence=completed;mlp=completed,8460,97.3,97.3,0.0,0.488,0.4761460888039835,0.442030865131957,0.4298889840848252,0.8673376316671929,7.475870847702026,0.04484512591362,0.0448451259136199
svhn,160,48,Adaptive,KetGPT #160,0.9,10,7,confidence=completed;quantum=completed,8398,97.3,2.700000000000003,97.3,0.498,0.4943859292356981,0.4536677864407814,0.449496016477352,0.8758116875924177,10048.554295778276,16.52214538693428,16.52214538693428
svhn,160,550,Low-conf.,MLP,0.7,6,5,confidence=completed;mlp=flashjt_validated,4266,85.7,85.7,0.0,0.3803967327887981,0.3592580812600035,0.3570576367321699,0.34368730723544,0.826006588181112,24.69753861427307,0.0228028297424316,0.0228028297424316
svhn,160,550,Low-conf.,KetGPT #160,0.7,9,6,confidence=completed;quantum=early_stopping,4204,85.7,0.0,85.7,0.3698949824970828,0.3495736760620338,0.3422109439579307,0.3132904425510439,0.8248036411440761,8498.733558893204,16.843467473983765,16.843467473983765
svhn,160,550,Adaptive,Classical,0.7,6,5,confidence=completed;mlp=flashjt_validated,8460,85.7,85.7,0.0,0.453,0.4974598420723047,0.399479722354423,0.3916877142431642,0.8536196050475617,50.5068724155426,0.0404861435890197,0.0404861435890197
svhn,160,550,Adaptive,KetGPT #160,0.7,9,6,confidence=completed;quantum=early_stopping,8398,85.7,14.299999999999995,85.7,0.444,0.4167516812001525,0.3827342483418799,0.3584168431671586,0.8527711589998386,8524.542892694473,14.455795743703842,14.455795743703842
svhn,160,550,Low-conf.,MLP,0.8,6,5,confidence=completed;mlp=flashjt_validated,4266,92.1,92.1,0.0,0.4028230184581976,0.3744284170702875,0.3756300100973303,0.3617366408697776,0.8352213011426912,24.69753861427307,0.0228028297424316,0.0228028297424316
svhn,160,550,Low-conf.,KetGPT #160,0.8,9,6,confidence=completed;quantum=early_stopping,4204,92.1,0.0,92.1,0.3973941368078176,0.3837521631005081,0.3643552869268148,0.3356536033557179,0.8337763657194271,8498.733558893204,16.843467473983765,16.843467473983765
svhn,160,550,Adaptive,Classical,0.8,6,5,confidence=completed;mlp=flashjt_validated,8460,92.1,92.1,0.0,0.446,0.3920056266470187,0.391120752879686,0.3785724556192061,0.8511463463624047,50.5068724155426,0.0419455246925354,0.0419455246925354
svhn,160,550,Adaptive,KetGPT #160,0.8,9,6,confidence=completed;quantum=early_stopping,8398,92.1,7.900000000000006,92.1,0.441,0.4008280471224685,0.3791634047710364,0.3518921358863698,0.8503098027661284,8524.542892694473,15.5337776620388,15.5337776620388
svhn,160,550,Low-conf.,MLP,0.9,6,5,confidence=completed;mlp=flashjt_validated,4266,97.6,97.6,0.0,0.4323770491803279,0.3872736059099729,0.3870712435915765,0.3740688401278677,0.8447712383538276,24.69753861427307,0.0228028297424316,0.0228028297424316
svhn,160,550,Low-conf.,KetGPT #160,0.9,9,6,confidence=completed;quantum=early_stopping,4204,97.6,0.0,97.6,0.4262295081967213,0.3955121816393639,0.3745495870448114,0.3468599204731107,0.8428571050853104,8498.733558893204,16.843467473983765,16.843467473983765
svhn,160,550,Adaptive,Classical,0.9,6,5,confidence=completed;mlp=flashjt_validated,8460,97.6,97.6,0.0,0.446,0.3920056266470187,0.391120752879686,0.3785724556192061,0.8498316930935961,50.5068724155426,0.0431996803283691,0.0431996803283691
svhn,160,550,Adaptive,KetGPT #160,0.9,9,6,confidence=completed;quantum=early_stopping,8398,97.6,2.4000000000000057,97.6,0.44,0.4002424877785216,0.3786228642304959,0.3513509992637809,0.8481452224104077,8524.542892694473,16.46016837310791,16.46016837310791
svhn,180,1,Low-conf.,MLP,0.7,10,9,confidence=completed;mlp=completed,4266,84.7,84.7,0.0,0.3624557260920897,0.3581408445841861,0.3467493797258369,0.3376812324983286,0.8305899463825023,3.893061876296997,0.0235240459442138,0.0235240459442138
svhn,180,1,Low-conf.,KetGPT #180,0.7,10,9,confidence=completed;quantum=completed,4252,84.7,0.0,84.7,0.4203069657615112,0.4670418030184352,0.4156717554547565,0.4210514974061752,0.8375830339280241,79379.85123372078,67.07577610015869,67.07577610015869
svhn,180,1,Adaptive,Classical,0.7,10,9,confidence=completed;mlp=completed,8460,84.7,84.7,0.0,0.443,0.4046028342063575,0.3923016388018492,0.383859973497657,0.8585387565818083,7.194934129714966,0.0414290306568145,0.0414290306568145
svhn,180,1,Adaptive,KetGPT #180,0.7,10,9,confidence=completed;quantum=completed,8446,84.7,15.299999999999995,84.7,0.492,0.5166516824157575,0.4640368272063485,0.4712250894859299,0.8655267908909984,79383.1531059742,56.83468652057648,56.83468652057648
svhn,180,1,Low-conf.,MLP,0.8,10,9,confidence=completed;mlp=completed,4266,91.4,91.4,0.0,0.3971553610503282,0.3818664794382793,0.371622408612266,0.3619810119901637,0.8409493789975728,3.893061876296997,0.0235240459442138,0.0235240459442138
svhn,180,1,Low-conf.,KetGPT #180,0.8,10,9,confidence=completed;quantum=completed,4252,91.4,0.0,91.4,0.4507658643326039,0.4951264789703732,0.4423704012162142,0.4492064823280245,0.8481503738925433,79379.85123372078,67.07577610015869,67.07577610015869
svhn,180,1,Adaptive,Classical,0.8,10,9,confidence=completed;mlp=completed,8460,91.4,91.4,0.0,0.444,0.4035867560205785,0.3924459217749709,0.3833605251614678,0.8572098843043362,7.194934129714966,0.0430051417350769,0.0430051417350769
svhn,180,1,Adaptive,KetGPT #180,0.8,10,9,confidence=completed;quantum=completed,8446,91.4,8.599999999999994,91.4,0.493,0.517887147767146,0.4642781706555392,0.4716887246780282,0.8640069692995317,79383.1531059742,61.32876351928712,61.32876351928712
svhn,180,1,Low-conf.,MLP,0.9,10,9,confidence=completed;mlp=completed,4266,96.5,96.5,0.0,0.4238341968911917,0.3958808992580221,0.3850948392755724,0.3757638298034704,0.8502727532573408,3.893061876296997,0.0235240459442138,0.0235240459442138
svhn,180,1,Low-conf.,KetGPT #180,0.9,10,9,confidence=completed;quantum=completed,4252,96.5,0.0,96.5,0.4746113989637305,0.5096594605276723,0.4565520757117592,0.4637306232532336,0.8564039715002686,79379.85123372078,67.07577610015869,67.07577610015869
svhn,180,1,Adaptive,Classical,0.9,10,9,confidence=completed;mlp=completed,8460,96.5,96.5,0.0,0.443,0.4031114236670279,0.39183616567741,0.3828139386138605,0.8569474632624617,7.194934129714966,0.0442048680782318,0.0442048680782318
svhn,180,1,Adaptive,KetGPT #180,0.9,10,9,confidence=completed;quantum=completed,8446,96.5,3.5,96.5,0.492,0.5171548049054322,0.4636684145579782,0.4710274068898578,0.8630216995478678,79383.1531059742,64.7496281003952,64.7496281003952
