dataset,source_candidate,seed,exp,model,threshold,routed_to_classical_pct,routed_to_quantum_pct,accuracy,precision_macro,recall_macro,f1_macro,auc_ovr_macro,total_trainable_params,epochs_executed,stop_reason,source_file
cifar10,160,1,Adaptive,Classical,0.7,26.0,0.0,0.815,0.8155330134950127,0.8129691197387233,0.8119697592306542,0.9779632966028968,8460,10,confidence=completed;mlp=completed,/scratch/sr7849/QC_June28/ICASSP_multiseed_new_datasets/runs/cifar10/run_20260921_164946/table2/adaptive160/seed_1.csv
cifar10,160,1,Adaptive,Classical,0.8,35.3,0.0,0.811,0.8120274470481219,0.8093675729861802,0.8081553753349912,0.977944212452481,8460,10,confidence=completed;mlp=completed,/scratch/sr7849/QC_June28/ICASSP_multiseed_new_datasets/runs/cifar10/run_20260921_164946/table2/adaptive160/seed_1.csv
cifar10,160,1,Adaptive,Classical,0.9,50.6,0.0,0.799,0.8006993335936524,0.797481324906612,0.7954343633066747,0.9766212734515296,8460,10,confidence=completed;mlp=completed,/scratch/sr7849/QC_June28/ICASSP_multiseed_new_datasets/runs/cifar10/run_20260921_164946/table2/adaptive160/seed_1.csv
cifar10,160,1,Adaptive,KetGPT #160,0.7,74.0,26.0,0.829,0.8260033245124296,0.8273279373613809,0.8260958635529381,0.9814758419890064,8398,10,confidence=completed;quantum=completed,/scratch/sr7849/QC_June28/ICASSP_multiseed_new_datasets/runs/cifar10/run_20260921_164946/table2/adaptive160/seed_1.csv
cifar10,160,1,Adaptive,KetGPT #160,0.8,64.7,35.3,0.829,0.8263793981426598,0.8275834343438971,0.8259824764334424,0.9818652773680372,8398,10,confidence=completed;quantum=completed,/scratch/sr7849/QC_June28/ICASSP_multiseed_new_datasets/runs/cifar10/run_20260921_164946/table2/adaptive160/seed_1.csv
cifar10,160,1,Adaptive,KetGPT #160,0.9,49.4,50.6,0.823,0.82063661793767,0.8218677658766573,0.8199994132971469,0.981917088792874,8398,10,confidence=completed;quantum=completed,/scratch/sr7849/QC_June28/ICASSP_multiseed_new_datasets/runs/cifar10/run_20260921_164946/table2/adaptive160/seed_1.csv
cifar10,160,1,Low-conf.,KetGPT #160,0.7,0.0,26.0,0.5538461538461539,0.5493659283326466,0.5528388066732505,0.5457515116825524,0.9211505134700272,4204,10,confidence=completed;quantum=completed,/scratch/sr7849/QC_June28/ICASSP_multiseed_new_datasets/runs/cifar10/run_20260921_164946/table2/adaptive160/seed_1.csv
cifar10,160,1,Low-conf.,KetGPT #160,0.8,0.0,35.3,0.6005665722379604,0.6061198062146846,0.6130580421318087,0.6053308250798619,0.9296617735974566,4204,10,confidence=completed;quantum=completed,/scratch/sr7849/QC_June28/ICASSP_multiseed_new_datasets/runs/cifar10/run_20260921_164946/table2/adaptive160/seed_1.csv
cifar10,160,1,Low-conf.,KetGPT #160,0.9,0.0,50.6,0.6620553359683794,0.669171821050633,0.6753244316114196,0.6699966418627138,0.946265274044263,4204,10,confidence=completed;quantum=completed,/scratch/sr7849/QC_June28/ICASSP_multiseed_new_datasets/runs/cifar10/run_20260921_164946/table2/adaptive160/seed_1.csv
cifar10,160,1,Low-conf.,MLP,0.7,26.0,0.0,0.5,0.5188850338115044,0.5178244446531387,0.5055597613559791,0.9081003089647892,4266,10,confidence=completed;mlp=completed,/scratch/sr7849/QC_June28/ICASSP_multiseed_new_datasets/runs/cifar10/run_20260921_164946/table2/adaptive160/seed_1.csv
cifar10,160,1,Low-conf.,MLP,0.8,35.3,0.0,0.5495750708215298,0.5616339178839178,0.5681001205467525,0.5565365231051959,0.9203631339713092,4266,10,confidence=completed;mlp=completed,/scratch/sr7849/QC_June28/ICASSP_multiseed_new_datasets/runs/cifar10/run_20260921_164946/table2/adaptive160/seed_1.csv
cifar10,160,1,Low-conf.,MLP,0.9,50.6,0.0,0.6146245059288538,0.6308699492670085,0.635963843885248,0.6244334927475026,0.9364994607697644,4266,10,confidence=completed;mlp=completed,/scratch/sr7849/QC_June28/ICASSP_multiseed_new_datasets/runs/cifar10/run_20260921_164946/table2/adaptive160/seed_1.csv
cifar10,160,42,Adaptive,Classical,0.7,26.2,0.0,0.832,0.8313427908165048,0.8291107137213464,0.8292279138675962,0.9792562400082916,8460,10,confidence=completed;mlp=completed,/scratch/sr7849/QC_June28/ICASSP_multiseed_new_datasets/runs/cifar10/run_20260921_164946/table2/adaptive160/seed_42.csv
cifar10,160,42,Adaptive,Classical,0.8,37.5,0.0,0.826,0.8268353587179298,0.8231457467071758,0.8234863603970949,0.9787621542714666,8460,10,confidence=completed;mlp=completed,/scratch/sr7849/QC_June28/ICASSP_multiseed_new_datasets/runs/cifar10/run_20260921_164946/table2/adaptive160/seed_42.csv
cifar10,160,42,Adaptive,Classical,0.9,52.9,0.0,0.821,0.8219101187559195,0.8184159652482773,0.8189078485786169,0.9777606186194784,8460,10,confidence=completed;mlp=completed,/scratch/sr7849/QC_June28/ICASSP_multiseed_new_datasets/runs/cifar10/run_20260921_164946/table2/adaptive160/seed_42.csv
cifar10,160,42,Adaptive,KetGPT #160,0.7,73.8,26.2,0.835,0.8345369213233618,0.8324297565078107,0.8326713214083279,0.9811469541510852,8398,10,confidence=completed;quantum=completed,/scratch/sr7849/QC_June28/ICASSP_multiseed_new_datasets/runs/cifar10/run_20260921_164946/table2/adaptive160/seed_42.csv
cifar10,160,42,Adaptive,KetGPT #160,0.8,62.5,37.5,0.837,0.8363162507952717,0.8345622804888875,0.8347969930574906,0.9812917702741906,8398,10,confidence=completed;quantum=completed,/scratch/sr7849/QC_June28/ICASSP_multiseed_new_datasets/runs/cifar10/run_20260921_164946/table2/adaptive160/seed_42.csv
cifar10,160,42,Adaptive,KetGPT #160,0.9,47.1,52.9,0.832,0.8322508812998042,0.8299015118766249,0.830463071943233,0.9829196900698476,8398,10,confidence=completed;quantum=completed,/scratch/sr7849/QC_June28/ICASSP_multiseed_new_datasets/runs/cifar10/run_20260921_164946/table2/adaptive160/seed_42.csv
cifar10,160,42,Low-conf.,KetGPT #160,0.7,0.0,26.2,0.6030534351145038,0.620100135384988,0.6160639202669562,0.6159738267916225,0.9311667441165756,4204,10,confidence=completed;quantum=completed,/scratch/sr7849/QC_June28/ICASSP_multiseed_new_datasets/runs/cifar10/run_20260921_164946/table2/adaptive160/seed_42.csv
cifar10,160,42,Low-conf.,KetGPT #160,0.8,0.0,37.5,0.6533333333333333,0.6651892419533565,0.6674339609040107,0.6638814657450294,0.9460380233175224,4204,10,confidence=completed;quantum=completed,/scratch/sr7849/QC_June28/ICASSP_multiseed_new_datasets/runs/cifar10/run_20260921_164946/table2/adaptive160/seed_42.csv
cifar10,160,42,Low-conf.,KetGPT #160,0.9,0.0,52.9,0.7032136105860114,0.7136255751205085,0.7090335734078318,0.7102199309357813,0.9578832299312412,4204,10,confidence=completed;quantum=completed,/scratch/sr7849/QC_June28/ICASSP_multiseed_new_datasets/runs/cifar10/run_20260921_164946/table2/adaptive160/seed_42.csv
cifar10,160,42,Low-conf.,MLP,0.7,26.2,0.0,0.5916030534351145,0.6184770270769083,0.5942555199386319,0.5938211209286663,0.9210125997750496,4266,10,confidence=completed;mlp=completed,/scratch/sr7849/QC_June28/ICASSP_multiseed_new_datasets/runs/cifar10/run_20260921_164946/table2/adaptive160/seed_42.csv
cifar10,160,42,Low-conf.,MLP,0.8,37.5,0.0,0.624,0.6421363229619491,0.6301623062472819,0.629386300322582,0.9335905436205212,4266,10,confidence=completed;mlp=completed,/scratch/sr7849/QC_June28/ICASSP_multiseed_new_datasets/runs/cifar10/run_20260921_164946/table2/adaptive160/seed_42.csv
cifar10,160,42,Low-conf.,MLP,0.9,52.9,0.0,0.6824196597353497,0.6977231341525061,0.6881785353215476,0.6891507160174623,0.9432389228516876,4266,10,confidence=completed;mlp=completed,/scratch/sr7849/QC_June28/ICASSP_multiseed_new_datasets/runs/cifar10/run_20260921_164946/table2/adaptive160/seed_42.csv
cifar10,160,48,Adaptive,Classical,0.7,25.1,0.0,0.819,0.8220309326410996,0.8177474434148676,0.8173951764634747,0.9769089052629566,8460,10,confidence=completed;mlp=completed,/scratch/sr7849/QC_June28/ICASSP_multiseed_new_datasets/runs/cifar10/run_20260921_164946/table2/adaptive160/seed_48.csv
cifar10,160,48,Adaptive,Classical,0.8,36.0,0.0,0.812,0.8138177209491481,0.8098215406612018,0.8092407826146886,0.9742571846786452,8460,10,confidence=completed;mlp=completed,/scratch/sr7849/QC_June28/ICASSP_multiseed_new_datasets/runs/cifar10/run_20260921_164946/table2/adaptive160/seed_48.csv
cifar10,160,48,Adaptive,Classical,0.9,54.0,0.0,0.803,0.8044094237358959,0.8015184104847053,0.8007589547206958,0.972707857126623,8460,10,confidence=completed;mlp=completed,/scratch/sr7849/QC_June28/ICASSP_multiseed_new_datasets/runs/cifar10/run_20260921_164946/table2/adaptive160/seed_48.csv
cifar10,160,48,Adaptive,KetGPT #160,0.7,74.9,25.1,0.837,0.8398697313599527,0.8357730183093693,0.8363888451025459,0.9797506060944896,8398,10,confidence=completed;quantum=completed,/scratch/sr7849/QC_June28/ICASSP_multiseed_new_datasets/runs/cifar10/run_20260921_164946/table2/adaptive160/seed_48.csv
cifar10,160,48,Adaptive,KetGPT #160,0.8,64.0,36.0,0.835,0.8368882703301607,0.833505943247437,0.8339260901871779,0.9799858295753594,8398,10,confidence=completed;quantum=completed,/scratch/sr7849/QC_June28/ICASSP_multiseed_new_datasets/runs/cifar10/run_20260921_164946/table2/adaptive160/seed_48.csv
cifar10,160,48,Adaptive,KetGPT #160,0.9,46.0,54.0,0.828,0.8310701954671513,0.8266275105619165,0.8271855918878053,0.980139167506414,8398,10,confidence=completed;quantum=completed,/scratch/sr7849/QC_June28/ICASSP_multiseed_new_datasets/runs/cifar10/run_20260921_164946/table2/adaptive160/seed_48.csv
cifar10,160,48,Low-conf.,KetGPT #160,0.7,0.0,25.1,0.6215139442231076,0.6138308249721293,0.6003171773392914,0.6000899680417804,0.928844804801248,4204,10,confidence=completed;quantum=completed,/scratch/sr7849/QC_June28/ICASSP_multiseed_new_datasets/runs/cifar10/run_20260921_164946/table2/adaptive160/seed_48.csv
cifar10,160,48,Low-conf.,KetGPT #160,0.8,0.0,36.0,0.6444444444444445,0.6480595687641284,0.6433689246114063,0.6348332346274951,0.942848376910806,4204,10,confidence=completed;quantum=completed,/scratch/sr7849/QC_June28/ICASSP_multiseed_new_datasets/runs/cifar10/run_20260921_164946/table2/adaptive160/seed_48.csv
cifar10,160,48,Low-conf.,KetGPT #160,0.9,0.0,54.0,0.7111111111111111,0.7128965942455219,0.7083429613864397,0.7030315415770227,0.960170868932864,4204,10,confidence=completed;quantum=completed,/scratch/sr7849/QC_June28/ICASSP_multiseed_new_datasets/runs/cifar10/run_20260921_164946/table2/adaptive160/seed_48.csv
cifar10,160,48,Low-conf.,MLP,0.7,25.1,0.0,0.549800796812749,0.5596076333550447,0.5368427305730529,0.5403490590686074,0.9089475813914312,4266,10,confidence=completed;mlp=completed,/scratch/sr7849/QC_June28/ICASSP_multiseed_new_datasets/runs/cifar10/run_20260921_164946/table2/adaptive160/seed_48.csv
cifar10,160,48,Low-conf.,MLP,0.8,36.0,0.0,0.5805555555555556,0.5910423400129282,0.580593672301893,0.5796034775718425,0.917858539272172,4266,10,confidence=completed;mlp=completed,/scratch/sr7849/QC_June28/ICASSP_multiseed_new_datasets/runs/cifar10/run_20260921_164946/table2/adaptive160/seed_48.csv
cifar10,160,48,Low-conf.,MLP,0.9,54.0,0.0,0.6648148148148149,0.6713476103868188,0.6622466301814127,0.6628051570978688,0.940980475908445,4266,10,confidence=completed;mlp=completed,/scratch/sr7849/QC_June28/ICASSP_multiseed_new_datasets/runs/cifar10/run_20260921_164946/table2/adaptive160/seed_48.csv
cifar10,160,550,Adaptive,Classical,0.7,35.5,0.0,0.792,0.7891691760190599,0.7906222394070643,0.7884791586570715,0.9725985852169032,8460,6,confidence=flashjt_validated;mlp=flashjt_validated,/scratch/sr7849/QC_June28/ICASSP_multiseed_new_datasets/runs/cifar10/run_20260921_164946/table2/adaptive160/seed_550.csv
cifar10,160,550,Adaptive,Classical,0.8,49.1,0.0,0.772,0.7684380792125783,0.7705995528884806,0.7665382013991573,0.9704562344718076,8460,6,confidence=flashjt_validated;mlp=flashjt_validated,/scratch/sr7849/QC_June28/ICASSP_multiseed_new_datasets/runs/cifar10/run_20260921_164946/table2/adaptive160/seed_550.csv
cifar10,160,550,Adaptive,Classical,0.9,71.8,0.0,0.742,0.7356315183268373,0.7415648905644951,0.7311686803212822,0.9651409683725,8460,6,confidence=flashjt_validated;mlp=flashjt_validated,/scratch/sr7849/QC_June28/ICASSP_multiseed_new_datasets/runs/cifar10/run_20260921_164946/table2/adaptive160/seed_550.csv
cifar10,160,550,Adaptive,KetGPT #160,0.7,64.5,35.5,0.816,0.813618203743081,0.815237444171182,0.8125427080321644,0.979709617750788,8398,6,confidence=flashjt_validated;quantum=flashjt_validated,/scratch/sr7849/QC_June28/ICASSP_multiseed_new_datasets/runs/cifar10/run_20260921_164946/table2/adaptive160/seed_550.csv
cifar10,160,550,Adaptive,KetGPT #160,0.8,50.9,49.1,0.815,0.8130188676822538,0.8150036108180447,0.8115032855675001,0.9798574416988114,8398,6,confidence=flashjt_validated;quantum=flashjt_validated,/scratch/sr7849/QC_June28/ICASSP_multiseed_new_datasets/runs/cifar10/run_20260921_164946/table2/adaptive160/seed_550.csv
cifar10,160,550,Adaptive,KetGPT #160,0.9,28.200000000000003,71.8,0.811,0.8094065184105483,0.8110786951771255,0.8077305516523033,0.9793964015204744,8398,6,confidence=flashjt_validated;quantum=flashjt_validated,/scratch/sr7849/QC_June28/ICASSP_multiseed_new_datasets/runs/cifar10/run_20260921_164946/table2/adaptive160/seed_550.csv
cifar10,160,550,Low-conf.,KetGPT #160,0.7,0.0,35.5,0.5802816901408451,0.5764753033597148,0.5893759564869405,0.5774371895392281,0.9306208266592048,4204,6,confidence=flashjt_validated;quantum=flashjt_validated,/scratch/sr7849/QC_June28/ICASSP_multiseed_new_datasets/runs/cifar10/run_20260921_164946/table2/adaptive160/seed_550.csv
cifar10,160,550,Low-conf.,KetGPT #160,0.8,0.0,49.1,0.6517311608961304,0.6510156221505878,0.6645202027673565,0.6525727968054376,0.9488730659715886,4204,6,confidence=flashjt_validated;quantum=flashjt_validated,/scratch/sr7849/QC_June28/ICASSP_multiseed_new_datasets/runs/cifar10/run_20260921_164946/table2/adaptive160/seed_550.csv
cifar10,160,550,Low-conf.,KetGPT #160,0.9,0.0,71.8,0.7395543175487466,0.7404414620402635,0.7476405901822721,0.7408274673025091,0.9657255107076026,4204,6,confidence=flashjt_validated;quantum=flashjt_validated,/scratch/sr7849/QC_June28/ICASSP_multiseed_new_datasets/runs/cifar10/run_20260921_164946/table2/adaptive160/seed_550.csv
cifar10,160,550,Low-conf.,MLP,0.7,35.5,0.0,0.5126760563380282,0.5234239834239833,0.5154129369232344,0.5072314433533947,0.8907570109066828,4266,6,confidence=flashjt_validated;mlp=flashjt_validated,/scratch/sr7849/QC_June28/ICASSP_multiseed_new_datasets/runs/cifar10/run_20260921_164946/table2/adaptive160/seed_550.csv
cifar10,160,550,Low-conf.,MLP,0.8,49.1,0.0,0.5641547861507128,0.58265270406239,0.5790862362873749,0.5724038270861486,0.9152803405629438,4266,6,confidence=flashjt_validated;mlp=flashjt_validated,/scratch/sr7849/QC_June28/ICASSP_multiseed_new_datasets/runs/cifar10/run_20260921_164946/table2/adaptive160/seed_550.csv
cifar10,160,550,Low-conf.,MLP,0.9,71.8,0.0,0.6434540389972145,0.6630842545808189,0.6646981434069279,0.6535917924184387,0.939940565178664,4266,6,confidence=flashjt_validated;mlp=flashjt_validated,/scratch/sr7849/QC_June28/ICASSP_multiseed_new_datasets/runs/cifar10/run_20260921_164946/table2/adaptive160/seed_550.csv
cifar10,160,2026,Adaptive,Classical,0.7,41.2,0.0,0.825,0.8258978472575025,0.8231942730033845,0.8199030903160169,0.9776716372588112,8460,6,confidence=flashjt_validated;mlp=flashjt_validated,/scratch/sr7849/QC_June28/ICASSP_multiseed_new_datasets/runs/cifar10/run_20260921_164946/table2/adaptive160/seed_2026.csv
cifar10,160,2026,Adaptive,Classical,0.8,58.7,0.0,0.817,0.8189692112645268,0.8151297294847752,0.8112732757965713,0.977521280261038,8460,6,confidence=flashjt_validated;mlp=flashjt_validated,/scratch/sr7849/QC_June28/ICASSP_multiseed_new_datasets/runs/cifar10/run_20260921_164946/table2/adaptive160/seed_2026.csv
cifar10,160,2026,Adaptive,Classical,0.9,88.1,0.0,0.813,0.8154867668151307,0.8110754113178593,0.8073905607555354,0.9776094332348916,8460,6,confidence=flashjt_validated;mlp=flashjt_validated,/scratch/sr7849/QC_June28/ICASSP_multiseed_new_datasets/runs/cifar10/run_20260921_164946/table2/adaptive160/seed_2026.csv
cifar10,160,2026,Adaptive,KetGPT #160,0.7,58.8,41.2,0.827,0.8300950970578075,0.8259243842471025,0.8255179913104849,0.980406028558844,8398,6,confidence=flashjt_validated;quantum=flashjt_validated,/scratch/sr7849/QC_June28/ICASSP_multiseed_new_datasets/runs/cifar10/run_20260921_164946/table2/adaptive160/seed_2026.csv
cifar10,160,2026,Adaptive,KetGPT #160,0.8,41.3,58.7,0.82,0.8249540753326141,0.818284682622347,0.8185091964670563,0.9808579097645516,8398,6,confidence=flashjt_validated;quantum=flashjt_validated,/scratch/sr7849/QC_June28/ICASSP_multiseed_new_datasets/runs/cifar10/run_20260921_164946/table2/adaptive160/seed_2026.csv
cifar10,160,2026,Adaptive,KetGPT #160,0.9,11.900000000000006,88.1,0.816,0.821339848426639,0.8143005173673018,0.8145661342509503,0.9791755008035856,8398,6,confidence=flashjt_validated;quantum=flashjt_validated,/scratch/sr7849/QC_June28/ICASSP_multiseed_new_datasets/runs/cifar10/run_20260921_164946/table2/adaptive160/seed_2026.csv
cifar10,160,2026,Low-conf.,KetGPT #160,0.7,0.0,41.2,0.6237864077669902,0.6348724469773043,0.6261513743659599,0.6191884647148077,0.9364418762310546,4204,6,confidence=flashjt_validated;quantum=flashjt_validated,/scratch/sr7849/QC_June28/ICASSP_multiseed_new_datasets/runs/cifar10/run_20260921_164946/table2/adaptive160/seed_2026.csv
cifar10,160,2026,Low-conf.,KetGPT #160,0.8,0.0,58.7,0.7052810902896082,0.7218488377747604,0.707065403766918,0.7058132476647437,0.9578454813996088,4204,6,confidence=flashjt_validated;quantum=flashjt_validated,/scratch/sr7849/QC_June28/ICASSP_multiseed_new_datasets/runs/cifar10/run_20260921_164946/table2/adaptive160/seed_2026.csv
cifar10,160,2026,Low-conf.,KetGPT #160,0.9,0.0,88.1,0.7922814982973894,0.8041115969304748,0.7907216545352329,0.7932712330845006,0.9743981139733392,4204,6,confidence=flashjt_validated;quantum=flashjt_validated,/scratch/sr7849/QC_June28/ICASSP_multiseed_new_datasets/runs/cifar10/run_20260921_164946/table2/adaptive160/seed_2026.csv
cifar10,160,2026,Low-conf.,MLP,0.7,41.2,0.0,0.6189320388349514,0.6242383329248384,0.6306878253014871,0.6134107286620301,0.9355735374476698,4266,6,confidence=flashjt_validated;mlp=flashjt_validated,/scratch/sr7849/QC_June28/ICASSP_multiseed_new_datasets/runs/cifar10/run_20260921_164946/table2/adaptive160/seed_2026.csv
cifar10,160,2026,Low-conf.,MLP,0.8,58.7,0.0,0.7001703577512777,0.7108104472781522,0.7121033341352586,0.7027316059615988,0.9556694342938276,4266,6,confidence=flashjt_validated;mlp=flashjt_validated,/scratch/sr7849/QC_June28/ICASSP_multiseed_new_datasets/runs/cifar10/run_20260921_164946/table2/adaptive160/seed_2026.csv
cifar10,160,2026,Low-conf.,MLP,0.9,88.1,0.0,0.7888762769580022,0.7979503896592515,0.7865027917618659,0.7851401301425225,0.9734953798100756,4266,6,confidence=flashjt_validated;mlp=flashjt_validated,/scratch/sr7849/QC_June28/ICASSP_multiseed_new_datasets/runs/cifar10/run_20260921_164946/table2/adaptive160/seed_2026.csv
cifar10,180,1,Adaptive,Classical,0.7,26.3,0.0,0.818,0.8184832144049942,0.8166072563906119,0.8163068583090265,0.9789939945344532,8460,10,confidence=completed;mlp=completed,/scratch/sr7849/QC_June28/ICASSP_multiseed_new_datasets/runs/cifar10/run_20260921_164946/table2/adaptive180/seed_1.csv
cifar10,180,1,Adaptive,Classical,0.8,34.3,0.0,0.814,0.815247247341012,0.812302681011054,0.8120710216104376,0.9789327633420112,8460,10,confidence=completed;mlp=completed,/scratch/sr7849/QC_June28/ICASSP_multiseed_new_datasets/runs/cifar10/run_20260921_164946/table2/adaptive180/seed_1.csv
cifar10,180,1,Adaptive,Classical,0.9,49.7,0.0,0.805,0.8078010469033428,0.8036405564339812,0.8029213087527987,0.9780777766578502,8460,10,confidence=completed;mlp=completed,/scratch/sr7849/QC_June28/ICASSP_multiseed_new_datasets/runs/cifar10/run_20260921_164946/table2/adaptive180/seed_1.csv
cifar10,180,1,Adaptive,KetGPT #180,0.7,73.7,26.3,0.825,0.8249580726413435,0.8221842020026784,0.8226257907080248,0.9793222897536072,8446,10,confidence=completed;quantum=completed,/scratch/sr7849/QC_June28/ICASSP_multiseed_new_datasets/runs/cifar10/run_20260921_164946/table2/adaptive180/seed_1.csv
cifar10,180,1,Adaptive,KetGPT #180,0.8,65.7,34.3,0.817,0.8165020153917482,0.8140845879192099,0.814152176346741,0.9785552738574014,8446,10,confidence=completed;quantum=completed,/scratch/sr7849/QC_June28/ICASSP_multiseed_new_datasets/runs/cifar10/run_20260921_164946/table2/adaptive180/seed_1.csv
cifar10,180,1,Adaptive,KetGPT #180,0.9,50.3,49.7,0.806,0.8064269523847847,0.8029819157317661,0.8031847374330624,0.9763042313802236,8446,10,confidence=completed;quantum=completed,/scratch/sr7849/QC_June28/ICASSP_multiseed_new_datasets/runs/cifar10/run_20260921_164946/table2/adaptive180/seed_1.csv
cifar10,180,1,Low-conf.,KetGPT #180,0.7,0.0,26.3,0.5247148288973384,0.546233426704015,0.5497974933750795,0.536495797983509,0.8951537924484395,4252,10,confidence=completed;quantum=completed,/scratch/sr7849/QC_June28/ICASSP_multiseed_new_datasets/runs/cifar10/run_20260921_164946/table2/adaptive180/seed_1.csv
cifar10,180,1,Low-conf.,KetGPT #180,0.8,0.0,34.3,0.5451895043731778,0.5593222445859363,0.5680083618860708,0.5552727965745021,0.907237923145607,4252,10,confidence=completed;quantum=completed,/scratch/sr7849/QC_June28/ICASSP_multiseed_new_datasets/runs/cifar10/run_20260921_164946/table2/adaptive180/seed_1.csv
cifar10,180,1,Low-conf.,KetGPT #180,0.9,0.0,49.7,0.6217303822937625,0.6327358649854995,0.6369134885041488,0.6287740398947178,0.9283114778034977,4252,10,confidence=completed;quantum=completed,/scratch/sr7849/QC_June28/ICASSP_multiseed_new_datasets/runs/cifar10/run_20260921_164946/table2/adaptive180/seed_1.csv
cifar10,180,1,Low-conf.,MLP,0.7,26.3,0.0,0.4980988593155893,0.5231113202417551,0.5179625235875236,0.5121264385908696,0.906223466850237,4266,10,confidence=completed;mlp=completed,/scratch/sr7849/QC_June28/ICASSP_multiseed_new_datasets/runs/cifar10/run_20260921_164946/table2/adaptive180/seed_1.csv
cifar10,180,1,Low-conf.,MLP,0.8,34.3,0.0,0.5364431486880467,0.5627138116112365,0.5563379477292016,0.5531983872944971,0.919162411323414,4266,10,confidence=completed;mlp=completed,/scratch/sr7849/QC_June28/ICASSP_multiseed_new_datasets/runs/cifar10/run_20260921_164946/table2/adaptive180/seed_1.csv
cifar10,180,1,Low-conf.,MLP,0.9,49.7,0.0,0.6197183098591549,0.6434429279085206,0.6364163103184536,0.6342572249875033,0.9386924858820084,4266,10,confidence=completed;mlp=completed,/scratch/sr7849/QC_June28/ICASSP_multiseed_new_datasets/runs/cifar10/run_20260921_164946/table2/adaptive180/seed_1.csv
cifar10,180,42,Adaptive,Classical,0.7,31.3,0.0,0.806,0.8040293397757482,0.8043499595623874,0.8027803513473488,0.9769255129732356,8460,10,confidence=completed;mlp=completed,/scratch/sr7849/QC_June28/ICASSP_multiseed_new_datasets/runs/cifar10/run_20260921_164946/table2/adaptive180/seed_42.csv
cifar10,180,42,Adaptive,Classical,0.8,44.8,0.0,0.795,0.793959213472922,0.7926046124659483,0.7915156981210416,0.9764401823230204,8460,10,confidence=completed;mlp=completed,/scratch/sr7849/QC_June28/ICASSP_multiseed_new_datasets/runs/cifar10/run_20260921_164946/table2/adaptive180/seed_42.csv
cifar10,180,42,Adaptive,Classical,0.9,65.4,0.0,0.785,0.784426427047865,0.782225733067929,0.7815208516715282,0.9746620279772528,8460,10,confidence=completed;mlp=completed,/scratch/sr7849/QC_June28/ICASSP_multiseed_new_datasets/runs/cifar10/run_20260921_164946/table2/adaptive180/seed_42.csv
cifar10,180,42,Adaptive,KetGPT #180,0.7,68.7,31.3,0.796,0.7954459093852326,0.7950171237401708,0.7930249504337231,0.9772084100278328,8446,10,confidence=completed;quantum=completed,/scratch/sr7849/QC_June28/ICASSP_multiseed_new_datasets/runs/cifar10/run_20260921_164946/table2/adaptive180/seed_42.csv
cifar10,180,42,Adaptive,KetGPT #180,0.8,55.2,44.8,0.788,0.7876606169099817,0.7865907397816834,0.7847336483776663,0.9763997787876396,8446,10,confidence=completed;quantum=completed,/scratch/sr7849/QC_June28/ICASSP_multiseed_new_datasets/runs/cifar10/run_20260921_164946/table2/adaptive180/seed_42.csv
cifar10,180,42,Adaptive,KetGPT #180,0.9,34.599999999999994,65.4,0.773,0.7748719106147437,0.7717943813197502,0.7695964594940155,0.9740523422716804,8446,10,confidence=completed;quantum=completed,/scratch/sr7849/QC_June28/ICASSP_multiseed_new_datasets/runs/cifar10/run_20260921_164946/table2/adaptive180/seed_42.csv
cifar10,180,42,Low-conf.,KetGPT #180,0.7,0.0,31.3,0.5143769968051118,0.5368416053699728,0.5523741233424568,0.5329124215244638,0.912590240680992,4252,10,confidence=completed;quantum=completed,/scratch/sr7849/QC_June28/ICASSP_multiseed_new_datasets/runs/cifar10/run_20260921_164946/table2/adaptive180/seed_42.csv
cifar10,180,42,Low-conf.,KetGPT #180,0.8,0.0,44.8,0.5714285714285714,0.5911303503589195,0.5988784178847901,0.5874693454436629,0.928189922644353,4252,10,confidence=completed;quantum=completed,/scratch/sr7849/QC_June28/ICASSP_multiseed_new_datasets/runs/cifar10/run_20260921_164946/table2/adaptive180/seed_42.csv
cifar10,180,42,Low-conf.,KetGPT #180,0.9,0.0,65.4,0.6620795107033639,0.676982683686119,0.6812535557286842,0.672540462054956,0.9511966876190028,4252,10,confidence=completed;quantum=completed,/scratch/sr7849/QC_June28/ICASSP_multiseed_new_datasets/runs/cifar10/run_20260921_164946/table2/adaptive180/seed_42.csv
cifar10,180,42,Low-conf.,MLP,0.7,31.3,0.0,0.5463258785942492,0.5639689833730082,0.575414766561398,0.5567125871043934,0.9210985862530404,4266,10,confidence=completed;mlp=completed,/scratch/sr7849/QC_June28/ICASSP_multiseed_new_datasets/runs/cifar10/run_20260921_164946/table2/adaptive180/seed_42.csv
cifar10,180,42,Low-conf.,MLP,0.8,44.8,0.0,0.5870535714285714,0.5952119303801946,0.6074557680658182,0.5927992465396892,0.932642288849582,4266,10,confidence=completed;mlp=completed,/scratch/sr7849/QC_June28/ICASSP_multiseed_new_datasets/runs/cifar10/run_20260921_164946/table2/adaptive180/seed_42.csv
cifar10,180,42,Low-conf.,MLP,0.9,65.4,0.0,0.6804281345565749,0.683929890830791,0.6888309132219541,0.6811131088912432,0.9529536299429282,4266,10,confidence=completed;mlp=completed,/scratch/sr7849/QC_June28/ICASSP_multiseed_new_datasets/runs/cifar10/run_20260921_164946/table2/adaptive180/seed_42.csv
cifar10,180,48,Adaptive,Classical,0.7,28.0,0.0,0.823,0.8219579183391392,0.8216374336287595,0.8195177118346088,0.9755742292216096,8460,10,confidence=completed;mlp=completed,/scratch/sr7849/QC_June28/ICASSP_multiseed_new_datasets/runs/cifar10/run_20260921_164946/table2/adaptive180/seed_48.csv
cifar10,180,48,Adaptive,Classical,0.8,39.8,0.0,0.817,0.8174213998707124,0.8159476301023819,0.8137651427064805,0.9745154682335994,8460,10,confidence=completed;mlp=completed,/scratch/sr7849/QC_June28/ICASSP_multiseed_new_datasets/runs/cifar10/run_20260921_164946/table2/adaptive180/seed_48.csv
cifar10,180,48,Adaptive,Classical,0.9,62.0,0.0,0.813,0.8126842929587564,0.8117114850013115,0.809773527673641,0.9723937650255828,8460,10,confidence=completed;mlp=completed,/scratch/sr7849/QC_June28/ICASSP_multiseed_new_datasets/runs/cifar10/run_20260921_164946/table2/adaptive180/seed_48.csv
cifar10,180,48,Adaptive,KetGPT #180,0.7,72.0,28.0,0.81,0.8117904392036637,0.8086933103211127,0.8084580415744164,0.9777704778202028,8446,10,confidence=completed;quantum=completed,/scratch/sr7849/QC_June28/ICASSP_multiseed_new_datasets/runs/cifar10/run_20260921_164946/table2/adaptive180/seed_48.csv
cifar10,180,48,Adaptive,KetGPT #180,0.8,60.2,39.8,0.805,0.807950558906281,0.804360140017615,0.803624887919225,0.9761756305914736,8446,10,confidence=completed;quantum=completed,/scratch/sr7849/QC_June28/ICASSP_multiseed_new_datasets/runs/cifar10/run_20260921_164946/table2/adaptive180/seed_48.csv
cifar10,180,48,Adaptive,KetGPT #180,0.9,38.0,62.0,0.798,0.8008649017881033,0.7972404483689625,0.7963281127036665,0.9752780204710628,8446,10,confidence=completed;quantum=completed,/scratch/sr7849/QC_June28/ICASSP_multiseed_new_datasets/runs/cifar10/run_20260921_164946/table2/adaptive180/seed_48.csv
cifar10,180,48,Low-conf.,KetGPT #180,0.7,0.0,28.0,0.5321428571428571,0.5307590230802013,0.5308160782923592,0.5156516942192102,0.9183292306016746,4252,10,confidence=completed;quantum=completed,/scratch/sr7849/QC_June28/ICASSP_multiseed_new_datasets/runs/cifar10/run_20260921_164946/table2/adaptive180/seed_48.csv
cifar10,180,48,Low-conf.,KetGPT #180,0.8,0.0,39.8,0.5979899497487438,0.5988287398223877,0.6072248678639657,0.5877479327735982,0.9328369104119568,4252,10,confidence=completed;quantum=completed,/scratch/sr7849/QC_June28/ICASSP_multiseed_new_datasets/runs/cifar10/run_20260921_164946/table2/adaptive180/seed_48.csv
cifar10,180,48,Low-conf.,KetGPT #180,0.9,0.0,62.0,0.6838709677419355,0.6765576845109654,0.6892312501933717,0.6752229266091866,0.9520235921038196,4252,10,confidence=completed;quantum=completed,/scratch/sr7849/QC_June28/ICASSP_multiseed_new_datasets/runs/cifar10/run_20260921_164946/table2/adaptive180/seed_48.csv
cifar10,180,48,Low-conf.,MLP,0.7,28.0,0.0,0.5785714285714286,0.5863077111464208,0.5939671573068158,0.578807719623943,0.9148402006636588,4266,10,confidence=completed;mlp=completed,/scratch/sr7849/QC_June28/ICASSP_multiseed_new_datasets/runs/cifar10/run_20260921_164946/table2/adaptive180/seed_48.csv
cifar10,180,48,Low-conf.,MLP,0.8,39.8,0.0,0.628140703517588,0.6229087302135148,0.6244063684853158,0.6150162123050057,0.9316441924512824,4266,10,confidence=completed;mlp=completed,/scratch/sr7849/QC_June28/ICASSP_multiseed_new_datasets/runs/cifar10/run_20260921_164946/table2/adaptive180/seed_48.csv
cifar10,180,48,Low-conf.,MLP,0.9,62.0,0.0,0.7080645161290322,0.6988089973651087,0.7021799338273438,0.6962821016798241,0.9487518636952164,4266,10,confidence=completed;mlp=completed,/scratch/sr7849/QC_June28/ICASSP_multiseed_new_datasets/runs/cifar10/run_20260921_164946/table2/adaptive180/seed_48.csv
cifar10,180,550,Adaptive,Classical,0.7,51.1,0.0,0.754,0.7529660525936498,0.7518069734138695,0.7433891796627441,0.96625317849095,8460,6,confidence=flashjt_validated;mlp=flashjt_validated,/scratch/sr7849/QC_June28/ICASSP_multiseed_new_datasets/runs/cifar10/run_20260921_164946/table2/adaptive180/seed_550.csv
cifar10,180,550,Adaptive,Classical,0.8,67.9,0.0,0.729,0.7199591767397532,0.727230452077698,0.7108641634165229,0.9635087382617168,8460,6,confidence=flashjt_validated;mlp=flashjt_validated,/scratch/sr7849/QC_June28/ICASSP_multiseed_new_datasets/runs/cifar10/run_20260921_164946/table2/adaptive180/seed_550.csv
cifar10,180,550,Adaptive,Classical,0.9,99.5,0.0,0.726,0.7168511866112234,0.7242719941867588,0.7079466624205459,0.9603333609874272,8460,6,confidence=flashjt_validated;mlp=flashjt_validated,/scratch/sr7849/QC_June28/ICASSP_multiseed_new_datasets/runs/cifar10/run_20260921_164946/table2/adaptive180/seed_550.csv
cifar10,180,550,Adaptive,KetGPT #180,0.7,48.9,51.1,0.791,0.7924962096601085,0.7893430971839075,0.7829435868371585,0.9757587543355384,8446,6,confidence=flashjt_validated;quantum=flashjt_validated,/scratch/sr7849/QC_June28/ICASSP_multiseed_new_datasets/runs/cifar10/run_20260921_164946/table2/adaptive180/seed_550.csv
cifar10,180,550,Adaptive,KetGPT #180,0.8,32.099999999999994,67.9,0.773,0.7738466543073689,0.7719065642206242,0.7592811962829012,0.9743010602007548,8446,6,confidence=flashjt_validated;quantum=flashjt_validated,/scratch/sr7849/QC_June28/ICASSP_multiseed_new_datasets/runs/cifar10/run_20260921_164946/table2/adaptive180/seed_550.csv
cifar10,180,550,Adaptive,KetGPT #180,0.9,0.5,99.5,0.772,0.7721337127305942,0.7705376092099924,0.7583747255955694,0.9723219549151436,8446,6,confidence=flashjt_validated;quantum=flashjt_validated,/scratch/sr7849/QC_June28/ICASSP_multiseed_new_datasets/runs/cifar10/run_20260921_164946/table2/adaptive180/seed_550.csv
cifar10,180,550,Low-conf.,KetGPT #180,0.7,0.0,51.1,0.6164383561643836,0.6428942234423369,0.6533870996139457,0.6324414053620224,0.942898564450798,4252,6,confidence=flashjt_validated;quantum=flashjt_validated,/scratch/sr7849/QC_June28/ICASSP_multiseed_new_datasets/runs/cifar10/run_20260921_164946/table2/adaptive180/seed_550.csv
cifar10,180,550,Low-conf.,KetGPT #180,0.8,0.0,67.9,0.6730486008836525,0.7009294256792776,0.7062239182709622,0.6872288344378465,0.9565180481693218,4252,6,confidence=flashjt_validated;quantum=flashjt_validated,/scratch/sr7849/QC_June28/ICASSP_multiseed_new_datasets/runs/cifar10/run_20260921_164946/table2/adaptive180/seed_550.csv
cifar10,180,550,Low-conf.,KetGPT #180,0.9,0.0,99.5,0.770854271356784,0.7700966756935571,0.768886733528109,0.7563262169098925,0.9718532475172408,4252,6,confidence=flashjt_validated;quantum=flashjt_validated,/scratch/sr7849/QC_June28/ICASSP_multiseed_new_datasets/runs/cifar10/run_20260921_164946/table2/adaptive180/seed_550.csv
cifar10,180,550,Low-conf.,MLP,0.7,51.1,0.0,0.5440313111545988,0.5558379538171222,0.5695709722278873,0.5420805798521859,0.9183989192517008,4266,6,confidence=flashjt_validated;mlp=flashjt_validated,/scratch/sr7849/QC_June28/ICASSP_multiseed_new_datasets/runs/cifar10/run_20260921_164946/table2/adaptive180/seed_550.csv
cifar10,180,550,Low-conf.,MLP,0.8,67.9,0.0,0.6082474226804123,0.623830026177213,0.6375090173802561,0.6128248944438572,0.937744468736348,4266,6,confidence=flashjt_validated;mlp=flashjt_validated,/scratch/sr7849/QC_June28/ICASSP_multiseed_new_datasets/runs/cifar10/run_20260921_164946/table2/adaptive180/seed_550.csv
cifar10,180,550,Low-conf.,MLP,0.9,99.5,0.0,0.7246231155778895,0.714563800980505,0.7221904552835146,0.7056725569020499,0.9598195827576856,4266,6,confidence=flashjt_validated;mlp=flashjt_validated,/scratch/sr7849/QC_June28/ICASSP_multiseed_new_datasets/runs/cifar10/run_20260921_164946/table2/adaptive180/seed_550.csv
cifar10,180,2026,Adaptive,Classical,0.7,49.9,0.0,0.822,0.8246939241080747,0.8206432554260148,0.8164275275348618,0.9764479551843502,8460,6,confidence=flashjt_validated;mlp=flashjt_validated,/scratch/sr7849/QC_June28/ICASSP_multiseed_new_datasets/runs/cifar10/run_20260921_164946/table2/adaptive180/seed_2026.csv
cifar10,180,2026,Adaptive,Classical,0.8,72.3,0.0,0.81,0.8094376946314272,0.8078251088114075,0.8037424748281257,0.9752991546247072,8460,6,confidence=flashjt_validated;mlp=flashjt_validated,/scratch/sr7849/QC_June28/ICASSP_multiseed_new_datasets/runs/cifar10/run_20260921_164946/table2/adaptive180/seed_2026.csv
cifar10,180,2026,Adaptive,Classical,0.9,100.0,0.0,0.81,0.8094012453058076,0.8079322516685503,0.8038469557977029,0.9769212963259296,8460,6,confidence=flashjt_validated;mlp=flashjt_validated,/scratch/sr7849/QC_June28/ICASSP_multiseed_new_datasets/runs/cifar10/run_20260921_164946/table2/adaptive180/seed_2026.csv
cifar10,180,2026,Adaptive,KetGPT #180,0.7,50.1,49.9,0.802,0.8025846710447638,0.801906939529338,0.7991118788901196,0.9761821971650072,8446,6,confidence=flashjt_validated;quantum=flashjt_validated,/scratch/sr7849/QC_June28/ICASSP_multiseed_new_datasets/runs/cifar10/run_20260921_164946/table2/adaptive180/seed_2026.csv
cifar10,180,2026,Adaptive,KetGPT #180,0.8,27.700000000000003,72.3,0.79,0.7913503264946882,0.7896426586624397,0.7870089510591955,0.975142856786846,8446,6,confidence=flashjt_validated;quantum=flashjt_validated,/scratch/sr7849/QC_June28/ICASSP_multiseed_new_datasets/runs/cifar10/run_20260921_164946/table2/adaptive180/seed_2026.csv
cifar10,180,2026,Adaptive,KetGPT #180,0.9,0.0,100.0,0.789,0.790388775226315,0.7887252274697791,0.7860119727714494,0.9734780383348868,8446,6,confidence=flashjt_validated;quantum=flashjt_validated,/scratch/sr7849/QC_June28/ICASSP_multiseed_new_datasets/runs/cifar10/run_20260921_164946/table2/adaptive180/seed_2026.csv
cifar10,180,2026,Low-conf.,KetGPT #180,0.7,0.0,49.9,0.627254509018036,0.6383326286148768,0.6341640519743756,0.6254422811451924,0.94122939837818,4252,6,confidence=flashjt_validated;quantum=flashjt_validated,/scratch/sr7849/QC_June28/ICASSP_multiseed_new_datasets/runs/cifar10/run_20260921_164946/table2/adaptive180/seed_2026.csv
cifar10,180,2026,Low-conf.,KetGPT #180,0.8,0.0,72.3,0.7206085753803596,0.7193417353147187,0.7126018095546675,0.7094734907636109,0.9622585795641544,4252,6,confidence=flashjt_validated;quantum=flashjt_validated,/scratch/sr7849/QC_June28/ICASSP_multiseed_new_datasets/runs/cifar10/run_20260921_164946/table2/adaptive180/seed_2026.csv
cifar10,180,2026,Low-conf.,KetGPT #180,0.9,0.0,100.0,0.789,0.790388775226315,0.7887252274697791,0.7860119727714494,0.9734780383348868,4252,6,confidence=flashjt_validated;quantum=flashjt_validated,/scratch/sr7849/QC_June28/ICASSP_multiseed_new_datasets/runs/cifar10/run_20260921_164946/table2/adaptive180/seed_2026.csv
cifar10,180,2026,Low-conf.,MLP,0.7,49.9,0.0,0.6673346693386774,0.6867434158046567,0.6970082764573682,0.6809238143738522,0.950349888127668,4266,6,confidence=flashjt_validated;mlp=flashjt_validated,/scratch/sr7849/QC_June28/ICASSP_multiseed_new_datasets/runs/cifar10/run_20260921_164946/table2/adaptive180/seed_2026.csv
cifar10,180,2026,Low-conf.,MLP,0.8,72.3,0.0,0.7482710926694329,0.7559524488190312,0.7627126040394364,0.7537282782180708,0.9661603980915562,4266,6,confidence=flashjt_validated;mlp=flashjt_validated,/scratch/sr7849/QC_June28/ICASSP_multiseed_new_datasets/runs/cifar10/run_20260921_164946/table2/adaptive180/seed_2026.csv
cifar10,180,2026,Low-conf.,MLP,0.9,100.0,0.0,0.81,0.8094012453058076,0.8079322516685503,0.8038469557977029,0.9769212963259296,4266,6,confidence=flashjt_validated;mlp=flashjt_validated,/scratch/sr7849/QC_June28/ICASSP_multiseed_new_datasets/runs/cifar10/run_20260921_164946/table2/adaptive180/seed_2026.csv
kmnist,160,1,Adaptive,Classical,0.7,48.9,0.0,0.685,0.6948340379585367,0.6852188037068192,0.681536944878964,0.9288841436791304,8460,10,confidence=completed;mlp=completed,/scratch/sr7849/QC_June28/ICASSP_multiseed_new_datasets/runs/kmnist/run_20260922_213814/table2/adaptive160/seed_1.csv
kmnist,160,1,Adaptive,Classical,0.8,62.9,0.0,0.665,0.6737334472528603,0.664933752401403,0.6618158816297891,0.9245171677864884,8460,10,confidence=completed;mlp=completed,/scratch/sr7849/QC_June28/ICASSP_multiseed_new_datasets/runs/kmnist/run_20260922_213814/table2/adaptive160/seed_1.csv
kmnist,160,1,Adaptive,Classical,0.9,80.1,0.0,0.652,0.6622236296366287,0.6522655461580402,0.6492706286804343,0.9211078448123196,8460,10,confidence=completed;mlp=completed,/scratch/sr7849/QC_June28/ICASSP_multiseed_new_datasets/runs/kmnist/run_20260922_213814/table2/adaptive160/seed_1.csv
kmnist,160,1,Adaptive,KetGPT #160,0.7,51.1,48.9,0.721,0.7365508264181109,0.722154405063434,0.7167260131667821,0.944168807930386,8398,10,confidence=completed;quantum=completed,/scratch/sr7849/QC_June28/ICASSP_multiseed_new_datasets/runs/kmnist/run_20260922_213814/table2/adaptive160/seed_1.csv
kmnist,160,1,Adaptive,KetGPT #160,0.8,37.1,62.9,0.713,0.7266023658874491,0.7138219154694103,0.7090082718239856,0.9442263136631242,8398,10,confidence=completed;quantum=completed,/scratch/sr7849/QC_June28/ICASSP_multiseed_new_datasets/runs/kmnist/run_20260922_213814/table2/adaptive160/seed_1.csv
kmnist,160,1,Adaptive,KetGPT #160,0.9,19.90000000000001,80.1,0.704,0.7179226726160383,0.7046686371368007,0.700350369582784,0.9439909197936476,8398,10,confidence=completed;quantum=completed,/scratch/sr7849/QC_June28/ICASSP_multiseed_new_datasets/runs/kmnist/run_20260922_213814/table2/adaptive160/seed_1.csv
kmnist,160,1,Low-conf.,KetGPT #160,0.7,0.0,48.9,0.5501022494887525,0.5287576955360077,0.5418426393487064,0.516080238268767,0.8954028570258385,4204,10,confidence=completed;quantum=completed,/scratch/sr7849/QC_June28/ICASSP_multiseed_new_datasets/runs/kmnist/run_20260922_213814/table2/adaptive160/seed_1.csv
kmnist,160,1,Low-conf.,KetGPT #160,0.8,0.0,62.9,0.5818759936406995,0.5847152329784018,0.5813822250711029,0.5654725159595453,0.90803129819935,4204,10,confidence=completed;quantum=completed,/scratch/sr7849/QC_June28/ICASSP_multiseed_new_datasets/runs/kmnist/run_20260922_213814/table2/adaptive160/seed_1.csv
kmnist,160,1,Low-conf.,KetGPT #160,0.9,0.0,80.1,0.6379525593008739,0.6492302634273579,0.6384350410206049,0.6296270014064738,0.92372401389392,4204,10,confidence=completed;quantum=completed,/scratch/sr7849/QC_June28/ICASSP_multiseed_new_datasets/runs/kmnist/run_20260922_213814/table2/adaptive160/seed_1.csv
kmnist,160,1,Low-conf.,MLP,0.7,48.9,0.0,0.476482617586912,0.4560015795422478,0.459847905864135,0.439344384588276,0.8545162861003635,4266,10,confidence=completed;mlp=completed,/scratch/sr7849/QC_June28/ICASSP_multiseed_new_datasets/runs/kmnist/run_20260922_213814/table2/adaptive160/seed_1.csv
kmnist,160,1,Low-conf.,MLP,0.8,62.9,0.0,0.505564387917329,0.5010006517578962,0.497179889870286,0.4834923312099459,0.8699794160123668,4266,10,confidence=completed;mlp=completed,/scratch/sr7849/QC_June28/ICASSP_multiseed_new_datasets/runs/kmnist/run_20260922_213814/table2/adaptive160/seed_1.csv
kmnist,160,1,Low-conf.,MLP,0.9,80.1,0.0,0.5730337078651685,0.5758025084276125,0.5644263095760463,0.5586938280293308,0.8914172244738718,4266,10,confidence=completed;mlp=completed,/scratch/sr7849/QC_June28/ICASSP_multiseed_new_datasets/runs/kmnist/run_20260922_213814/table2/adaptive160/seed_1.csv
kmnist,160,42,Adaptive,Classical,0.7,53.2,0.0,0.698,0.7135995935653661,0.7016853438919719,0.6969664790683348,0.9339509321766536,8460,10,confidence=completed;mlp=completed,/scratch/sr7849/QC_June28/ICASSP_multiseed_new_datasets/runs/kmnist/run_20260922_213814/table2/adaptive160/seed_42.csv
kmnist,160,42,Adaptive,Classical,0.8,65.8,0.0,0.686,0.7047897581441235,0.6902655812622898,0.685151734658498,0.9349881613694178,8460,10,confidence=completed;mlp=completed,/scratch/sr7849/QC_June28/ICASSP_multiseed_new_datasets/runs/kmnist/run_20260922_213814/table2/adaptive160/seed_42.csv
kmnist,160,42,Adaptive,Classical,0.9,81.4,0.0,0.67,0.6915072229907848,0.6744588388008836,0.6696339084916053,0.932929428733626,8460,10,confidence=completed;mlp=completed,/scratch/sr7849/QC_June28/ICASSP_multiseed_new_datasets/runs/kmnist/run_20260922_213814/table2/adaptive160/seed_42.csv
kmnist,160,42,Adaptive,KetGPT #160,0.7,46.8,53.2,0.692,0.7124545194904268,0.6955720153764995,0.6897392715442956,0.9395645017168076,8398,10,confidence=completed;quantum=completed,/scratch/sr7849/QC_June28/ICASSP_multiseed_new_datasets/runs/kmnist/run_20260922_213814/table2/adaptive160/seed_42.csv
kmnist,160,42,Adaptive,KetGPT #160,0.8,34.2,65.8,0.688,0.7112146581446981,0.6921986691041604,0.6849323612772352,0.9409939991854956,8398,10,confidence=completed;quantum=completed,/scratch/sr7849/QC_June28/ICASSP_multiseed_new_datasets/runs/kmnist/run_20260922_213814/table2/adaptive160/seed_42.csv
kmnist,160,42,Adaptive,KetGPT #160,0.9,18.599999999999994,81.4,0.683,0.7094549230764727,0.6872077106916212,0.6802917488869042,0.9411363983098068,8398,10,confidence=completed;quantum=completed,/scratch/sr7849/QC_June28/ICASSP_multiseed_new_datasets/runs/kmnist/run_20260922_213814/table2/adaptive160/seed_42.csv
kmnist,160,42,Low-conf.,KetGPT #160,0.7,0.0,53.2,0.5075187969924813,0.5338627461832264,0.5167648983184047,0.4902018474191888,0.8920065738686663,4204,10,confidence=completed;quantum=completed,/scratch/sr7849/QC_June28/ICASSP_multiseed_new_datasets/runs/kmnist/run_20260922_213814/table2/adaptive160/seed_42.csv
kmnist,160,42,Low-conf.,KetGPT #160,0.8,0.0,65.8,0.5501519756838906,0.5785211335623979,0.55649373416339,0.536440089311166,0.9001260976050556,4204,10,confidence=completed;quantum=completed,/scratch/sr7849/QC_June28/ICASSP_multiseed_new_datasets/runs/kmnist/run_20260922_213814/table2/adaptive160/seed_42.csv
kmnist,160,42,Low-conf.,KetGPT #160,0.9,0.0,81.4,0.6167076167076168,0.6430543171796841,0.6164361637841366,0.6039082922261971,0.9190560315227032,4204,10,confidence=completed;quantum=completed,/scratch/sr7849/QC_June28/ICASSP_multiseed_new_datasets/runs/kmnist/run_20260922_213814/table2/adaptive160/seed_42.csv
kmnist,160,42,Low-conf.,MLP,0.7,53.2,0.0,0.518796992481203,0.53579101956455,0.5285049199904168,0.5062323374277445,0.8774185495251237,4266,10,confidence=completed;mlp=completed,/scratch/sr7849/QC_June28/ICASSP_multiseed_new_datasets/runs/kmnist/run_20260922_213814/table2/adaptive160/seed_42.csv
kmnist,160,42,Low-conf.,MLP,0.8,65.8,0.0,0.547112462006079,0.5645460315842232,0.5505712256188273,0.536082182509405,0.886366812645431,4266,10,confidence=completed;mlp=completed,/scratch/sr7849/QC_June28/ICASSP_multiseed_new_datasets/runs/kmnist/run_20260922_213814/table2/adaptive160/seed_42.csv
kmnist,160,42,Low-conf.,MLP,0.9,81.4,0.0,0.6007371007371007,0.617183657828176,0.5988122357632573,0.5898933464675048,0.9075578273079226,4266,10,confidence=completed;mlp=completed,/scratch/sr7849/QC_June28/ICASSP_multiseed_new_datasets/runs/kmnist/run_20260922_213814/table2/adaptive160/seed_42.csv
kmnist,160,48,Adaptive,Classical,0.7,57.6,0.0,0.686,0.7045143586697222,0.688845893317359,0.6909803634457422,0.9286671662799026,8460,10,confidence=completed;mlp=completed,/scratch/sr7849/QC_June28/ICASSP_multiseed_new_datasets/runs/kmnist/run_20260922_213814/table2/adaptive160/seed_48.csv
kmnist,160,48,Adaptive,Classical,0.8,68.4,0.0,0.676,0.6984281227478283,0.6787609390170868,0.6816745302609033,0.9275055705952284,8460,10,confidence=completed;mlp=completed,/scratch/sr7849/QC_June28/ICASSP_multiseed_new_datasets/runs/kmnist/run_20260922_213814/table2/adaptive160/seed_48.csv
kmnist,160,48,Adaptive,Classical,0.9,85.8,0.0,0.667,0.6917425176946786,0.6701333330168038,0.6730028482522752,0.9252659313393596,8460,10,confidence=completed;mlp=completed,/scratch/sr7849/QC_June28/ICASSP_multiseed_new_datasets/runs/kmnist/run_20260922_213814/table2/adaptive160/seed_48.csv
kmnist,160,48,Adaptive,KetGPT #160,0.7,42.4,57.6,0.69,0.7114155867276181,0.6921391152215881,0.6886492955486727,0.9402140620712954,8398,10,confidence=completed;quantum=completed,/scratch/sr7849/QC_June28/ICASSP_multiseed_new_datasets/runs/kmnist/run_20260922_213814/table2/adaptive160/seed_48.csv
kmnist,160,48,Adaptive,KetGPT #160,0.8,31.599999999999994,68.4,0.69,0.7121557733133257,0.6918549171543711,0.6888723496227558,0.9395269070605567,8398,10,confidence=completed;quantum=completed,/scratch/sr7849/QC_June28/ICASSP_multiseed_new_datasets/runs/kmnist/run_20260922_213814/table2/adaptive160/seed_48.csv
kmnist,160,48,Adaptive,KetGPT #160,0.9,14.200000000000005,85.8,0.688,0.710431239165741,0.6899013846745229,0.6869081445627285,0.9380585588074328,8398,10,confidence=completed;quantum=completed,/scratch/sr7849/QC_June28/ICASSP_multiseed_new_datasets/runs/kmnist/run_20260922_213814/table2/adaptive160/seed_48.csv
kmnist,160,48,Low-conf.,KetGPT #160,0.7,0.0,57.6,0.5190972222222222,0.5540566768551417,0.5226256879324794,0.5114041341514842,0.8853663044077889,4204,10,confidence=completed;quantum=completed,/scratch/sr7849/QC_June28/ICASSP_multiseed_new_datasets/runs/kmnist/run_20260922_213814/table2/adaptive160/seed_48.csv
kmnist,160,48,Low-conf.,KetGPT #160,0.8,0.0,68.4,0.5745614035087719,0.5999847378549487,0.5708870340829829,0.5634207227057306,0.9004952573628641,4204,10,confidence=completed;quantum=completed,/scratch/sr7849/QC_June28/ICASSP_multiseed_new_datasets/runs/kmnist/run_20260922_213814/table2/adaptive160/seed_48.csv
kmnist,160,48,Low-conf.,KetGPT #160,0.9,0.0,85.8,0.6363636363636364,0.6562600334983931,0.6320201534306971,0.6265183770454068,0.9185681992785716,4204,10,confidence=completed;quantum=completed,/scratch/sr7849/QC_June28/ICASSP_multiseed_new_datasets/runs/kmnist/run_20260922_213814/table2/adaptive160/seed_48.csv
kmnist,160,48,Low-conf.,MLP,0.7,57.6,0.0,0.5121527777777778,0.5436996107308608,0.5061527930617417,0.5119232610364292,0.8684668096308693,4266,10,confidence=completed;mlp=completed,/scratch/sr7849/QC_June28/ICASSP_multiseed_new_datasets/runs/kmnist/run_20260922_213814/table2/adaptive160/seed_48.csv
kmnist,160,48,Low-conf.,MLP,0.8,68.4,0.0,0.554093567251462,0.5804440979577242,0.5450044374109478,0.5500536361645405,0.8842054277078789,4266,10,confidence=completed;mlp=completed,/scratch/sr7849/QC_June28/ICASSP_multiseed_new_datasets/runs/kmnist/run_20260922_213814/table2/adaptive160/seed_48.csv
kmnist,160,48,Low-conf.,MLP,0.9,85.8,0.0,0.6118881118881119,0.6374006256817286,0.6090803260577046,0.6131081871132382,0.9034799042672004,4266,10,confidence=completed;mlp=completed,/scratch/sr7849/QC_June28/ICASSP_multiseed_new_datasets/runs/kmnist/run_20260922_213814/table2/adaptive160/seed_48.csv
kmnist,160,550,Adaptive,Classical,0.7,71.3,0.0,0.632,0.6713757558618244,0.6359776830009366,0.6325124762171968,0.9169536777485984,8460,6,confidence=flashjt_validated;mlp=flashjt_validated,/scratch/sr7849/QC_June28/ICASSP_multiseed_new_datasets/runs/kmnist/run_20260922_213814/table2/adaptive160/seed_550.csv
kmnist,160,550,Adaptive,Classical,0.8,84.3,0.0,0.629,0.6685255150575126,0.6332235002467538,0.6295449186094191,0.9169599795831525,8460,6,confidence=flashjt_validated;mlp=flashjt_validated,/scratch/sr7849/QC_June28/ICASSP_multiseed_new_datasets/runs/kmnist/run_20260922_213814/table2/adaptive160/seed_550.csv
kmnist,160,550,Adaptive,Classical,0.9,96.2,0.0,0.627,0.6670776482313563,0.631421698444952,0.6272731195487695,0.9160959481021224,8460,6,confidence=flashjt_validated;mlp=flashjt_validated,/scratch/sr7849/QC_June28/ICASSP_multiseed_new_datasets/runs/kmnist/run_20260922_213814/table2/adaptive160/seed_550.csv
kmnist,160,550,Adaptive,KetGPT #160,0.7,28.700000000000003,71.3,0.632,0.6465054035833416,0.6363823438045751,0.6304139279525348,0.91733655031451,8398,6,confidence=flashjt_validated;quantum=flashjt_validated,/scratch/sr7849/QC_June28/ICASSP_multiseed_new_datasets/runs/kmnist/run_20260922_213814/table2/adaptive160/seed_550.csv
kmnist,160,550,Adaptive,KetGPT #160,0.8,15.700000000000005,84.3,0.63,0.6444399922206627,0.6344431450018103,0.6286126012508277,0.9164549889183446,8398,6,confidence=flashjt_validated;quantum=flashjt_validated,/scratch/sr7849/QC_June28/ICASSP_multiseed_new_datasets/runs/kmnist/run_20260922_213814/table2/adaptive160/seed_550.csv
kmnist,160,550,Adaptive,KetGPT #160,0.9,3.799999999999997,96.2,0.629,0.643270374201593,0.6334330439917093,0.6276726301535616,0.9157806002039852,8398,6,confidence=flashjt_validated;quantum=flashjt_validated,/scratch/sr7849/QC_June28/ICASSP_multiseed_new_datasets/runs/kmnist/run_20260922_213814/table2/adaptive160/seed_550.csv
kmnist,160,550,Low-conf.,KetGPT #160,0.7,0.0,71.3,0.5105189340813464,0.5149994412568337,0.508704000362801,0.4966792261623144,0.8725828691275863,4204,6,confidence=flashjt_validated;quantum=flashjt_validated,/scratch/sr7849/QC_June28/ICASSP_multiseed_new_datasets/runs/kmnist/run_20260922_213814/table2/adaptive160/seed_550.csv
kmnist,160,550,Low-conf.,KetGPT #160,0.8,0.0,84.3,0.5658362989323843,0.5692275561852732,0.558857555664278,0.5505298275001057,0.8885164982069009,4204,6,confidence=flashjt_validated;quantum=flashjt_validated,/scratch/sr7849/QC_June28/ICASSP_multiseed_new_datasets/runs/kmnist/run_20260922_213814/table2/adaptive160/seed_550.csv
kmnist,160,550,Low-conf.,KetGPT #160,0.9,0.0,96.2,0.6143451143451143,0.62357539648529,0.612624301038147,0.6063748396535096,0.9082342433289442,4204,6,confidence=flashjt_validated;quantum=flashjt_validated,/scratch/sr7849/QC_June28/ICASSP_multiseed_new_datasets/runs/kmnist/run_20260922_213814/table2/adaptive160/seed_550.csv
kmnist,160,550,Low-conf.,MLP,0.7,71.3,0.0,0.5105189340813464,0.5609830666900668,0.5193956700038702,0.5114165264377124,0.873670177861183,4266,6,confidence=flashjt_validated;mlp=flashjt_validated,/scratch/sr7849/QC_June28/ICASSP_multiseed_new_datasets/runs/kmnist/run_20260922_213814/table2/adaptive160/seed_550.csv
kmnist,160,550,Low-conf.,MLP,0.8,84.3,0.0,0.564650059311981,0.606785094926618,0.5643839212619655,0.558485112005513,0.8909006414559807,4266,6,confidence=flashjt_validated;mlp=flashjt_validated,/scratch/sr7849/QC_June28/ICASSP_multiseed_new_datasets/runs/kmnist/run_20260922_213814/table2/adaptive160/seed_550.csv
kmnist,160,550,Low-conf.,MLP,0.9,96.2,0.0,0.6122661122661123,0.6514142721072745,0.6112683325383602,0.606808439325089,0.9093277607197195,4266,6,confidence=flashjt_validated;mlp=flashjt_validated,/scratch/sr7849/QC_June28/ICASSP_multiseed_new_datasets/runs/kmnist/run_20260922_213814/table2/adaptive160/seed_550.csv
kmnist,160,2026,Adaptive,Classical,0.7,69.9,0.0,0.618,0.6573620840984712,0.6229850512345388,0.6187385320653647,0.917195814983902,8460,6,confidence=flashjt_validated;mlp=flashjt_validated,/scratch/sr7849/QC_June28/ICASSP_multiseed_new_datasets/runs/kmnist/run_20260922_213814/table2/adaptive160/seed_2026.csv
kmnist,160,2026,Adaptive,Classical,0.8,82.6,0.0,0.613,0.65447275191208,0.6178977846940407,0.6139714227943848,0.916634320309624,8460,6,confidence=flashjt_validated;mlp=flashjt_validated,/scratch/sr7849/QC_June28/ICASSP_multiseed_new_datasets/runs/kmnist/run_20260922_213814/table2/adaptive160/seed_2026.csv
kmnist,160,2026,Adaptive,Classical,0.9,96.3,0.0,0.612,0.6544988560021819,0.6168876836839396,0.6132134055559251,0.9170069671661456,8460,6,confidence=flashjt_validated;mlp=flashjt_validated,/scratch/sr7849/QC_June28/ICASSP_multiseed_new_datasets/runs/kmnist/run_20260922_213814/table2/adaptive160/seed_2026.csv
kmnist,160,2026,Adaptive,KetGPT #160,0.7,30.099999999999994,69.9,0.623,0.6576179139091936,0.6269220941762241,0.624716446335557,0.9175773079654148,8398,6,confidence=flashjt_validated;quantum=flashjt_validated,/scratch/sr7849/QC_June28/ICASSP_multiseed_new_datasets/runs/kmnist/run_20260922_213814/table2/adaptive160/seed_2026.csv
kmnist,160,2026,Adaptive,KetGPT #160,0.8,17.400000000000006,82.6,0.622,0.6562740136829808,0.625867249114956,0.6238715923650491,0.9163299888908234,8398,6,confidence=flashjt_validated;quantum=flashjt_validated,/scratch/sr7849/QC_June28/ICASSP_multiseed_new_datasets/runs/kmnist/run_20260922_213814/table2/adaptive160/seed_2026.csv
kmnist,160,2026,Adaptive,KetGPT #160,0.9,3.700000000000003,96.3,0.619,0.6528476089263148,0.6227258729472639,0.6206309412080298,0.9154613716050176,8398,6,confidence=flashjt_validated;quantum=flashjt_validated,/scratch/sr7849/QC_June28/ICASSP_multiseed_new_datasets/runs/kmnist/run_20260922_213814/table2/adaptive160/seed_2026.csv
kmnist,160,2026,Low-conf.,KetGPT #160,0.7,0.0,69.9,0.4949928469241774,0.5295454700717575,0.4955852706710409,0.4873884845179098,0.8757011914950169,4204,6,confidence=flashjt_validated;quantum=flashjt_validated,/scratch/sr7849/QC_June28/ICASSP_multiseed_new_datasets/runs/kmnist/run_20260922_213814/table2/adaptive160/seed_2026.csv
kmnist,160,2026,Low-conf.,KetGPT #160,0.8,0.0,82.6,0.5569007263922519,0.5852321316502788,0.5528344316799945,0.5471786075451213,0.8923982489741208,4204,6,confidence=flashjt_validated;quantum=flashjt_validated,/scratch/sr7849/QC_June28/ICASSP_multiseed_new_datasets/runs/kmnist/run_20260922_213814/table2/adaptive160/seed_2026.csv
kmnist,160,2026,Low-conf.,KetGPT #160,0.9,0.0,96.3,0.6064382139148494,0.6359662526476197,0.6054293978222371,0.6033832995511675,0.9095127127574048,4204,6,confidence=flashjt_validated;quantum=flashjt_validated,/scratch/sr7849/QC_June28/ICASSP_multiseed_new_datasets/runs/kmnist/run_20260922_213814/table2/adaptive160/seed_2026.csv
kmnist,160,2026,Low-conf.,MLP,0.7,69.9,0.0,0.4878397711015736,0.5329968551913463,0.493369163669244,0.4800395780385922,0.8746883528382907,4266,6,confidence=flashjt_validated;mlp=flashjt_validated,/scratch/sr7849/QC_June28/ICASSP_multiseed_new_datasets/runs/kmnist/run_20260922_213814/table2/adaptive160/seed_2026.csv
kmnist,160,2026,Low-conf.,MLP,0.8,82.6,0.0,0.5460048426150121,0.5845064116350392,0.5457104455074548,0.5349052984245593,0.8919761372973161,4266,6,confidence=flashjt_validated;mlp=flashjt_validated,/scratch/sr7849/QC_June28/ICASSP_multiseed_new_datasets/runs/kmnist/run_20260922_213814/table2/adaptive160/seed_2026.csv
kmnist,160,2026,Low-conf.,MLP,0.9,96.3,0.0,0.5991692627206646,0.6363318230157702,0.5988356837326629,0.5931678324799449,0.910505572219754,4266,6,confidence=flashjt_validated;mlp=flashjt_validated,/scratch/sr7849/QC_June28/ICASSP_multiseed_new_datasets/runs/kmnist/run_20260922_213814/table2/adaptive160/seed_2026.csv
kmnist,180,1,Adaptive,Classical,0.7,50.9,0.0,0.696,0.704893912365762,0.6968746494689136,0.6929542210405554,0.9289136969764328,8460,10,confidence=completed;mlp=completed,/scratch/sr7849/QC_June28/ICASSP_multiseed_new_datasets/runs/kmnist/run_20260922_213814/table2/adaptive180/seed_1.csv
kmnist,180,1,Adaptive,Classical,0.8,63.6,0.0,0.674,0.6815131657696442,0.6747212997866553,0.6704940482891651,0.9235908920727832,8460,10,confidence=completed;mlp=completed,/scratch/sr7849/QC_June28/ICASSP_multiseed_new_datasets/runs/kmnist/run_20260922_213814/table2/adaptive180/seed_1.csv
kmnist,180,1,Adaptive,Classical,0.9,82.7,0.0,0.665,0.6715369653868796,0.6656110875722756,0.6607925813254544,0.9219315491517288,8460,10,confidence=completed;mlp=completed,/scratch/sr7849/QC_June28/ICASSP_multiseed_new_datasets/runs/kmnist/run_20260922_213814/table2/adaptive180/seed_1.csv
kmnist,180,1,Adaptive,KetGPT #180,0.7,49.1,50.9,0.701,0.7105351826860503,0.7030351131300715,0.7022460496110792,0.934965387193585,8446,10,confidence=completed;quantum=completed,/scratch/sr7849/QC_June28/ICASSP_multiseed_new_datasets/runs/kmnist/run_20260922_213814/table2/adaptive180/seed_1.csv
kmnist,180,1,Adaptive,KetGPT #180,0.8,36.4,63.6,0.692,0.7023498217733936,0.6936501271054912,0.6934999547523024,0.930509745082848,8446,10,confidence=completed;quantum=completed,/scratch/sr7849/QC_June28/ICASSP_multiseed_new_datasets/runs/kmnist/run_20260922_213814/table2/adaptive180/seed_1.csv
kmnist,180,1,Adaptive,KetGPT #180,0.9,17.299999999999997,82.7,0.685,0.6950216605270572,0.6868265159183217,0.6864543251639599,0.9256816678044082,8446,10,confidence=completed;quantum=completed,/scratch/sr7849/QC_June28/ICASSP_multiseed_new_datasets/runs/kmnist/run_20260922_213814/table2/adaptive180/seed_1.csv
kmnist,180,1,Low-conf.,KetGPT #180,0.7,0.0,50.9,0.5029469548133595,0.5148213338513198,0.5003724764026545,0.4989214964271035,0.8610339193850278,4252,10,confidence=completed;quantum=completed,/scratch/sr7849/QC_June28/ICASSP_multiseed_new_datasets/runs/kmnist/run_20260922_213814/table2/adaptive180/seed_1.csv
kmnist,180,1,Low-conf.,KetGPT #180,0.8,0.0,63.6,0.5471698113207547,0.5636150401663984,0.5483662335328762,0.5487907551855729,0.8727938938502089,4252,10,confidence=completed;quantum=completed,/scratch/sr7849/QC_June28/ICASSP_multiseed_new_datasets/runs/kmnist/run_20260922_213814/table2/adaptive180/seed_1.csv
kmnist,180,1,Low-conf.,KetGPT #180,0.9,0.0,82.7,0.6287787182587666,0.6392026298730543,0.6273172172186244,0.6275087009442796,0.9022130568952644,4252,10,confidence=completed;quantum=completed,/scratch/sr7849/QC_June28/ICASSP_multiseed_new_datasets/runs/kmnist/run_20260922_213814/table2/adaptive180/seed_1.csv
kmnist,180,1,Low-conf.,MLP,0.7,50.9,0.0,0.4931237721021611,0.4812509122762464,0.4882406578400816,0.4711966698411582,0.8562016244006712,4266,10,confidence=completed;mlp=completed,/scratch/sr7849/QC_June28/ICASSP_multiseed_new_datasets/runs/kmnist/run_20260922_213814/table2/adaptive180/seed_1.csv
kmnist,180,1,Low-conf.,MLP,0.8,63.6,0.0,0.5188679245283019,0.512602774116114,0.5111589325863795,0.5001663979991926,0.8657761143290978,4266,10,confidence=completed;mlp=completed,/scratch/sr7849/QC_June28/ICASSP_multiseed_new_datasets/runs/kmnist/run_20260922_213814/table2/adaptive180/seed_1.csv
kmnist,180,1,Low-conf.,MLP,0.9,82.7,0.0,0.6045949214026602,0.6008862949304303,0.5960973209721493,0.5883710591748913,0.8976825153801815,4266,10,confidence=completed;mlp=completed,/scratch/sr7849/QC_June28/ICASSP_multiseed_new_datasets/runs/kmnist/run_20260922_213814/table2/adaptive180/seed_1.csv
svhn,160,1,Adaptive,Classical,0.7,85.3,0.0,0.465,0.4519321793892056,0.4147107673627136,0.4072523052541725,0.8592560201366064,8460,10,confidence=completed;mlp=completed,/scratch/sr7849/QC_June28/ICASSP_multiseed_new_datasets/runs/svhn/run_20260922_213846/table2/adaptive160/seed_1.csv
svhn,160,1,Adaptive,Classical,0.8,91.5,0.0,0.465,0.452118275387883,0.4148735160064749,0.4068833536158729,0.8597964816452714,8460,10,confidence=completed;mlp=completed,/scratch/sr7849/QC_June28/ICASSP_multiseed_new_datasets/runs/svhn/run_20260922_213846/table2/adaptive160/seed_1.csv
svhn,160,1,Adaptive,Classical,0.9,96.6,0.0,0.464,0.4515555151234385,0.4143329754659344,0.4062901893568869,0.8591322774142739,8460,10,confidence=completed;mlp=completed,/scratch/sr7849/QC_June28/ICASSP_multiseed_new_datasets/runs/svhn/run_20260922_213846/table2/adaptive160/seed_1.csv
svhn,160,1,Adaptive,KetGPT #160,0.7,14.700000000000005,85.3,0.51,0.5014163055330275,0.4549845521124648,0.457109953113859,0.8699369541078417,8398,10,confidence=completed;quantum=completed,/scratch/sr7849/QC_June28/ICASSP_multiseed_new_datasets/runs/svhn/run_20260922_213846/table2/adaptive160/seed_1.csv
svhn,160,1,Adaptive,KetGPT #160,0.8,8.5,91.5,0.507,0.4988262115379839,0.4520220167083545,0.4540653006394258,0.8693582917851543,8398,10,confidence=completed;quantum=completed,/scratch/sr7849/QC_June28/ICASSP_multiseed_new_datasets/runs/svhn/run_20260922_213846/table2/adaptive160/seed_1.csv
svhn,160,1,Adaptive,KetGPT #160,0.9,3.4000000000000057,96.6,0.507,0.4988262115379839,0.4520220167083545,0.4540653006394258,0.8693275463812883,8398,10,confidence=completed;quantum=completed,/scratch/sr7849/QC_June28/ICASSP_multiseed_new_datasets/runs/svhn/run_20260922_213846/table2/adaptive160/seed_1.csv
svhn,160,1,Low-conf.,KetGPT #160,0.7,0.0,85.3,0.4431418522860492,0.4624015353305378,0.4198194777115949,0.4188783635793881,0.8451362390519561,4204,10,confidence=completed;quantum=completed,/scratch/sr7849/QC_June28/ICASSP_multiseed_new_datasets/runs/svhn/run_20260922_213846/table2/adaptive160/seed_1.csv
svhn,160,1,Low-conf.,KetGPT #160,0.8,0.0,91.5,0.4666666666666667,0.4794539262467744,0.4347171221829392,0.4351170343142208,0.8540737523869529,4204,10,confidence=completed;quantum=completed,/scratch/sr7849/QC_June28/ICASSP_multiseed_new_datasets/runs/svhn/run_20260922_213846/table2/adaptive160/seed_1.csv
svhn,160,1,Low-conf.,KetGPT #160,0.9,0.0,96.6,0.4906832298136646,0.49232034328764,0.4462364456494048,0.4478763953878801,0.8632647380604066,4204,10,confidence=completed;quantum=completed,/scratch/sr7849/QC_June28/ICASSP_multiseed_new_datasets/runs/svhn/run_20260922_213846/table2/adaptive160/seed_1.csv
svhn,160,1,Low-conf.,MLP,0.7,85.3,0.0,0.3903868698710434,0.4103560113030785,0.3784581988874352,0.365161459421245,0.8325789839766576,4266,10,confidence=completed;mlp=completed,/scratch/sr7849/QC_June28/ICASSP_multiseed_new_datasets/runs/svhn/run_20260922_213846/table2/adaptive160/seed_1.csv
svhn,160,1,Low-conf.,MLP,0.8,91.5,0.0,0.4207650273224044,0.43114679880904,0.3974123932263256,0.3862195443978101,0.8436317812762899,4266,10,confidence=completed;mlp=completed,/scratch/sr7849/QC_June28/ICASSP_multiseed_new_datasets/runs/svhn/run_20260922_213846/table2/adaptive160/seed_1.csv
svhn,160,1,Low-conf.,MLP,0.9,96.6,0.0,0.4461697722567287,0.4453975380275385,0.409639649545701,0.4001802321261252,0.8527284997367021,4266,10,confidence=completed;mlp=completed,/scratch/sr7849/QC_June28/ICASSP_multiseed_new_datasets/runs/svhn/run_20260922_213846/table2/adaptive160/seed_1.csv
svhn,160,42,Adaptive,Classical,0.7,81.9,0.0,0.449,0.4808271071242546,0.3777454661434468,0.3685313739948852,0.849471664663443,8460,10,confidence=completed;mlp=completed,/scratch/sr7849/QC_June28/ICASSP_multiseed_new_datasets/runs/svhn/run_20260922_213846/table2/adaptive160/seed_42.csv
svhn,160,42,Adaptive,Classical,0.8,88.8,0.0,0.448,0.478714540623604,0.3765406468663384,0.3668513252419926,0.8487124034521211,8460,10,confidence=completed;mlp=completed,/scratch/sr7849/QC_June28/ICASSP_multiseed_new_datasets/runs/svhn/run_20260922_213846/table2/adaptive160/seed_42.csv
svhn,160,42,Adaptive,Classical,0.9,95.6,0.0,0.448,0.478714540623604,0.3765406468663384,0.3668513252419926,0.8456464032314569,8460,10,confidence=completed;mlp=completed,/scratch/sr7849/QC_June28/ICASSP_multiseed_new_datasets/runs/svhn/run_20260922_213846/table2/adaptive160/seed_42.csv
svhn,160,42,Adaptive,KetGPT #160,0.7,18.099999999999994,81.9,0.498,0.4728900026037698,0.467317380683125,0.4560478272056525,0.8719230004328251,8398,10,confidence=completed;quantum=completed,/scratch/sr7849/QC_June28/ICASSP_multiseed_new_datasets/runs/svhn/run_20260922_213846/table2/adaptive160/seed_42.csv
svhn,160,42,Adaptive,KetGPT #160,0.8,11.200000000000005,88.8,0.498,0.4728900026037698,0.467317380683125,0.4560478272056525,0.8718301127423194,8398,10,confidence=completed;quantum=completed,/scratch/sr7849/QC_June28/ICASSP_multiseed_new_datasets/runs/svhn/run_20260922_213846/table2/adaptive160/seed_42.csv
svhn,160,42,Adaptive,KetGPT #160,0.9,4.400000000000006,95.6,0.498,0.4728900026037698,0.467317380683125,0.4560478272056525,0.8712599757032858,8398,10,confidence=completed;quantum=completed,/scratch/sr7849/QC_June28/ICASSP_multiseed_new_datasets/runs/svhn/run_20260922_213846/table2/adaptive160/seed_42.csv
svhn,160,42,Low-conf.,KetGPT #160,0.7,0.0,81.9,0.4139194139194139,0.4232161766228703,0.4228109531944629,0.4086787396985268,0.8413019443911853,4204,10,confidence=completed;quantum=completed,/scratch/sr7849/QC_June28/ICASSP_multiseed_new_datasets/runs/svhn/run_20260922_213846/table2/adaptive160/seed_42.csv
svhn,160,42,Low-conf.,KetGPT #160,0.8,0.0,88.8,0.4391891891891892,0.4421951102997191,0.4385943660721383,0.4260809243341045,0.8495135596837304,4204,10,confidence=completed;quantum=completed,/scratch/sr7849/QC_June28/ICASSP_multiseed_new_datasets/runs/svhn/run_20260922_213846/table2/adaptive160/seed_42.csv
svhn,160,42,Low-conf.,KetGPT #160,0.9,0.0,95.6,0.4748953974895397,0.4637380016465475,0.4593511135875662,0.4473476813438658,0.8625980886092881,4204,10,confidence=completed;quantum=completed,/scratch/sr7849/QC_June28/ICASSP_multiseed_new_datasets/runs/svhn/run_20260922_213846/table2/adaptive160/seed_42.csv
svhn,160,42,Low-conf.,MLP,0.7,81.9,0.0,0.3540903540903541,0.4276143181850857,0.3291839613340754,0.3168088292460344,0.8125246987907151,4266,10,confidence=completed;mlp=completed,/scratch/sr7849/QC_June28/ICASSP_multiseed_new_datasets/runs/svhn/run_20260922_213846/table2/adaptive160/seed_42.csv
svhn,160,42,Low-conf.,MLP,0.8,88.8,0.0,0.3828828828828828,0.4485174762837638,0.3493585850449612,0.3374871498230133,0.8228628844759157,4266,10,confidence=completed;mlp=completed,/scratch/sr7849/QC_June28/ICASSP_multiseed_new_datasets/runs/svhn/run_20260922_213846/table2/adaptive160/seed_42.csv
svhn,160,42,Low-conf.,MLP,0.9,95.6,0.0,0.4225941422594142,0.4698181070423569,0.3694264713432296,0.3585325712627804,0.8356306444821143,4266,10,confidence=completed;mlp=completed,/scratch/sr7849/QC_June28/ICASSP_multiseed_new_datasets/runs/svhn/run_20260922_213846/table2/adaptive160/seed_42.csv
svhn,160,48,Adaptive,Classical,0.7,89.9,0.0,0.49,0.4780524701868048,0.443111946213038,0.4313044602032194,0.8678875060139555,8460,10,confidence=completed;mlp=completed,/scratch/sr7849/QC_June28/ICASSP_multiseed_new_datasets/runs/svhn/run_20260922_213846/table2/adaptive160/seed_48.csv
svhn,160,48,Adaptive,Classical,0.8,93.5,0.0,0.488,0.4761460888039835,0.442030865131957,0.4298889840848252,0.8677056973146706,8460,10,confidence=completed;mlp=completed,/scratch/sr7849/QC_June28/ICASSP_multiseed_new_datasets/runs/svhn/run_20260922_213846/table2/adaptive160/seed_48.csv
svhn,160,48,Adaptive,Classical,0.9,97.3,0.0,0.488,0.4761460888039835,0.442030865131957,0.4298889840848252,0.8673376316671929,8460,10,confidence=completed;mlp=completed,/scratch/sr7849/QC_June28/ICASSP_multiseed_new_datasets/runs/svhn/run_20260922_213846/table2/adaptive160/seed_48.csv
svhn,160,48,Adaptive,KetGPT #160,0.7,10.099999999999994,89.9,0.498,0.4943859292356981,0.4536677864407814,0.449496016477352,0.8750785049594807,8398,10,confidence=completed;quantum=completed,/scratch/sr7849/QC_June28/ICASSP_multiseed_new_datasets/runs/svhn/run_20260922_213846/table2/adaptive160/seed_48.csv
svhn,160,48,Adaptive,KetGPT #160,0.8,6.5,93.5,0.498,0.4943859292356981,0.4536677864407814,0.449496016477352,0.8755091104948536,8398,10,confidence=completed;quantum=completed,/scratch/sr7849/QC_June28/ICASSP_multiseed_new_datasets/runs/svhn/run_20260922_213846/table2/adaptive160/seed_48.csv
svhn,160,48,Adaptive,KetGPT #160,0.9,2.700000000000003,97.3,0.498,0.4943859292356981,0.4536677864407814,0.449496016477352,0.8758116875924177,8398,10,confidence=completed;quantum=completed,/scratch/sr7849/QC_June28/ICASSP_multiseed_new_datasets/runs/svhn/run_20260922_213846/table2/adaptive160/seed_48.csv
svhn,160,48,Low-conf.,KetGPT #160,0.7,0.0,89.9,0.4460511679644049,0.4696640278382665,0.4316561475986533,0.425852723951693,0.8569980459729838,4204,10,confidence=completed;quantum=completed,/scratch/sr7849/QC_June28/ICASSP_multiseed_new_datasets/runs/svhn/run_20260922_213846/table2/adaptive160/seed_48.csv
svhn,160,48,Low-conf.,KetGPT #160,0.8,0.0,93.5,0.46524064171123,0.4806159400346744,0.4418771571502916,0.4365336084097831,0.8640936793628693,4204,10,confidence=completed;quantum=completed,/scratch/sr7849/QC_June28/ICASSP_multiseed_new_datasets/runs/svhn/run_20260922_213846/table2/adaptive160/seed_48.csv
svhn,160,48,Low-conf.,KetGPT #160,0.9,0.0,97.3,0.4840698869475848,0.4891370558050065,0.4493039566610696,0.4445495933149664,0.8709732569988289,4204,10,confidence=completed;quantum=completed,/scratch/sr7849/QC_June28/ICASSP_multiseed_new_datasets/runs/svhn/run_20260922_213846/table2/adaptive160/seed_48.csv
svhn,160,48,Low-conf.,MLP,0.7,89.9,0.0,0.4371523915461624,0.4521687140407905,0.4184296879202417,0.4055446685699226,0.849405061455441,4266,10,confidence=completed;mlp=completed,/scratch/sr7849/QC_June28/ICASSP_multiseed_new_datasets/runs/svhn/run_20260922_213846/table2/adaptive160/seed_48.csv
svhn,160,48,Low-conf.,MLP,0.8,93.5,0.0,0.4545454545454545,0.461549417359486,0.4281181772537614,0.4154595390893703,0.8559957274924862,4266,10,confidence=completed;mlp=completed,/scratch/sr7849/QC_June28/ICASSP_multiseed_new_datasets/runs/svhn/run_20260922_213846/table2/adaptive160/seed_48.csv
svhn,160,48,Low-conf.,MLP,0.9,97.3,0.0,0.473792394655704,0.4706756053687919,0.4366835197996173,0.4244749484319191,0.8622339723860856,4266,10,confidence=completed;mlp=completed,/scratch/sr7849/QC_June28/ICASSP_multiseed_new_datasets/runs/svhn/run_20260922_213846/table2/adaptive160/seed_48.csv
svhn,160,550,Adaptive,Classical,0.7,85.7,0.0,0.453,0.4974598420723047,0.399479722354423,0.3916877142431642,0.8536196050475617,8460,6,confidence=completed;mlp=flashjt_validated,/scratch/sr7849/QC_June28/ICASSP_multiseed_new_datasets/runs/svhn/run_20260922_213846/table2/adaptive160/seed_550.csv
svhn,160,550,Adaptive,Classical,0.8,92.1,0.0,0.446,0.3920056266470187,0.391120752879686,0.3785724556192061,0.8511463463624047,8460,6,confidence=completed;mlp=flashjt_validated,/scratch/sr7849/QC_June28/ICASSP_multiseed_new_datasets/runs/svhn/run_20260922_213846/table2/adaptive160/seed_550.csv
svhn,160,550,Adaptive,Classical,0.9,97.6,0.0,0.446,0.3920056266470187,0.391120752879686,0.3785724556192061,0.8498316930935961,8460,6,confidence=completed;mlp=flashjt_validated,/scratch/sr7849/QC_June28/ICASSP_multiseed_new_datasets/runs/svhn/run_20260922_213846/table2/adaptive160/seed_550.csv
svhn,160,550,Adaptive,KetGPT #160,0.7,14.299999999999995,85.7,0.444,0.4167516812001525,0.3827342483418799,0.3584168431671586,0.8527711589998386,8398,9,confidence=completed;quantum=early_stopping,/scratch/sr7849/QC_June28/ICASSP_multiseed_new_datasets/runs/svhn/run_20260922_213846/table2/adaptive160/seed_550.csv
svhn,160,550,Adaptive,KetGPT #160,0.8,7.900000000000006,92.1,0.441,0.4008280471224685,0.3791634047710364,0.3518921358863698,0.8503098027661284,8398,9,confidence=completed;quantum=early_stopping,/scratch/sr7849/QC_June28/ICASSP_multiseed_new_datasets/runs/svhn/run_20260922_213846/table2/adaptive160/seed_550.csv
svhn,160,550,Adaptive,KetGPT #160,0.9,2.4000000000000057,97.6,0.44,0.4002424877785216,0.3786228642304959,0.3513509992637809,0.8481452224104077,8398,9,confidence=completed;quantum=early_stopping,/scratch/sr7849/QC_June28/ICASSP_multiseed_new_datasets/runs/svhn/run_20260922_213846/table2/adaptive160/seed_550.csv
svhn,160,550,Low-conf.,KetGPT #160,0.7,0.0,85.7,0.3698949824970828,0.3495736760620338,0.3422109439579307,0.3132904425510439,0.8248036411440761,4204,9,confidence=completed;quantum=early_stopping,/scratch/sr7849/QC_June28/ICASSP_multiseed_new_datasets/runs/svhn/run_20260922_213846/table2/adaptive160/seed_550.csv
svhn,160,550,Low-conf.,KetGPT #160,0.8,0.0,92.1,0.3973941368078176,0.3837521631005081,0.3643552869268148,0.3356536033557179,0.8337763657194271,4204,9,confidence=completed;quantum=early_stopping,/scratch/sr7849/QC_June28/ICASSP_multiseed_new_datasets/runs/svhn/run_20260922_213846/table2/adaptive160/seed_550.csv
svhn,160,550,Low-conf.,KetGPT #160,0.9,0.0,97.6,0.4262295081967213,0.3955121816393639,0.3745495870448114,0.3468599204731107,0.8428571050853104,4204,9,confidence=completed;quantum=early_stopping,/scratch/sr7849/QC_June28/ICASSP_multiseed_new_datasets/runs/svhn/run_20260922_213846/table2/adaptive160/seed_550.csv
svhn,160,550,Low-conf.,MLP,0.7,85.7,0.0,0.3803967327887981,0.3592580812600035,0.3570576367321699,0.34368730723544,0.826006588181112,4266,6,confidence=completed;mlp=flashjt_validated,/scratch/sr7849/QC_June28/ICASSP_multiseed_new_datasets/runs/svhn/run_20260922_213846/table2/adaptive160/seed_550.csv
svhn,160,550,Low-conf.,MLP,0.8,92.1,0.0,0.4028230184581976,0.3744284170702875,0.3756300100973303,0.3617366408697776,0.8352213011426912,4266,6,confidence=completed;mlp=flashjt_validated,/scratch/sr7849/QC_June28/ICASSP_multiseed_new_datasets/runs/svhn/run_20260922_213846/table2/adaptive160/seed_550.csv
svhn,160,550,Low-conf.,MLP,0.9,97.6,0.0,0.4323770491803279,0.3872736059099729,0.3870712435915765,0.3740688401278677,0.8447712383538276,4266,6,confidence=completed;mlp=flashjt_validated,/scratch/sr7849/QC_June28/ICASSP_multiseed_new_datasets/runs/svhn/run_20260922_213846/table2/adaptive160/seed_550.csv
svhn,160,2026,Adaptive,Classical,0.7,93.8,0.0,0.451,0.4129785809312697,0.3961493693424967,0.3879669877861172,0.8558438092391208,8460,6,confidence=flashjt_validated;mlp=flashjt_validated,/scratch/sr7849/QC_June28/ICASSP_multiseed_new_datasets/runs/svhn/run_20260922_213846/table2/adaptive160/seed_2026.csv
svhn,160,2026,Adaptive,Classical,0.8,97.1,0.0,0.45,0.412438102510142,0.3956088288019562,0.3874212747357423,0.855627576314769,8460,6,confidence=flashjt_validated;mlp=flashjt_validated,/scratch/sr7849/QC_June28/ICASSP_multiseed_new_datasets/runs/svhn/run_20260922_213846/table2/adaptive160/seed_2026.csv
svhn,160,2026,Adaptive,Classical,0.9,100.0,0.0,0.45,0.412438102510142,0.3956088288019562,0.3874212747357423,0.8558549616730456,8460,6,confidence=flashjt_validated;mlp=flashjt_validated,/scratch/sr7849/QC_June28/ICASSP_multiseed_new_datasets/runs/svhn/run_20260922_213846/table2/adaptive160/seed_2026.csv
svhn,160,2026,Adaptive,KetGPT #160,0.7,6.200000000000003,93.8,0.41,0.3393742155929006,0.3336287873401269,0.3136090220844496,0.8282567300712632,8398,6,confidence=flashjt_validated;quantum=flashjt_validated,/scratch/sr7849/QC_June28/ICASSP_multiseed_new_datasets/runs/svhn/run_20260922_213846/table2/adaptive160/seed_2026.csv
svhn,160,2026,Adaptive,KetGPT #160,0.8,2.9000000000000057,97.1,0.409,0.3384435183485854,0.3322002159115555,0.3123941086495713,0.8267785726636516,8398,6,confidence=flashjt_validated;quantum=flashjt_validated,/scratch/sr7849/QC_June28/ICASSP_multiseed_new_datasets/runs/svhn/run_20260922_213846/table2/adaptive160/seed_2026.csv
svhn,160,2026,Adaptive,KetGPT #160,0.9,0.0,100.0,0.409,0.3384435183485854,0.3322002159115555,0.3123941086495713,0.8253098289887056,8398,6,confidence=flashjt_validated;quantum=flashjt_validated,/scratch/sr7849/QC_June28/ICASSP_multiseed_new_datasets/runs/svhn/run_20260922_213846/table2/adaptive160/seed_2026.csv
svhn,160,2026,Low-conf.,KetGPT #160,0.7,0.0,93.8,0.3720682302771855,0.3245378171955578,0.323252404028961,0.2981835069693513,0.8126621923089999,4204,6,confidence=flashjt_validated;quantum=flashjt_validated,/scratch/sr7849/QC_June28/ICASSP_multiseed_new_datasets/runs/svhn/run_20260922_213846/table2/adaptive160/seed_2026.csv
svhn,160,2026,Low-conf.,KetGPT #160,0.8,0.0,97.1,0.3913491246138002,0.333729547935796,0.3299895437008833,0.307552841016506,0.8197102993544508,4204,6,confidence=flashjt_validated;quantum=flashjt_validated,/scratch/sr7849/QC_June28/ICASSP_multiseed_new_datasets/runs/svhn/run_20260922_213846/table2/adaptive160/seed_2026.csv
svhn,160,2026,Low-conf.,KetGPT #160,0.9,0.0,100.0,0.409,0.3384435183485854,0.3322002159115555,0.3123941086495713,0.8253098289887056,4204,6,confidence=flashjt_validated;quantum=flashjt_validated,/scratch/sr7849/QC_June28/ICASSP_multiseed_new_datasets/runs/svhn/run_20260922_213846/table2/adaptive160/seed_2026.csv
svhn,160,2026,Low-conf.,MLP,0.7,93.8,0.0,0.4157782515991471,0.3970080727193822,0.3832922789446454,0.3725921338683522,0.8437923259769388,4266,6,confidence=flashjt_validated;mlp=flashjt_validated,/scratch/sr7849/QC_June28/ICASSP_multiseed_new_datasets/runs/svhn/run_20260922_213846/table2/adaptive160/seed_2026.csv
svhn,160,2026,Low-conf.,MLP,0.8,97.1,0.0,0.4335736354273944,0.4070879112505366,0.3919913651844925,0.3824903140485739,0.850054935454357,4266,6,confidence=flashjt_validated;mlp=flashjt_validated,/scratch/sr7849/QC_June28/ICASSP_multiseed_new_datasets/runs/svhn/run_20260922_213846/table2/adaptive160/seed_2026.csv
svhn,160,2026,Low-conf.,MLP,0.9,100.0,0.0,0.45,0.412438102510142,0.3956088288019562,0.3874212747357423,0.8558549616730456,4266,6,confidence=flashjt_validated;mlp=flashjt_validated,/scratch/sr7849/QC_June28/ICASSP_multiseed_new_datasets/runs/svhn/run_20260922_213846/table2/adaptive160/seed_2026.csv
svhn,180,1,Adaptive,Classical,0.7,84.7,0.0,0.443,0.4046028342063575,0.3923016388018492,0.383859973497657,0.8585387565818083,8460,10,confidence=completed;mlp=completed,/scratch/sr7849/QC_June28/ICASSP_multiseed_new_datasets/runs/svhn/run_20260922_213846/table2/adaptive180/seed_1.csv
svhn,180,1,Adaptive,Classical,0.8,91.4,0.0,0.444,0.4035867560205785,0.3924459217749709,0.3833605251614678,0.8572098843043362,8460,10,confidence=completed;mlp=completed,/scratch/sr7849/QC_June28/ICASSP_multiseed_new_datasets/runs/svhn/run_20260922_213846/table2/adaptive180/seed_1.csv
svhn,180,1,Adaptive,Classical,0.9,96.5,0.0,0.443,0.4031114236670279,0.39183616567741,0.3828139386138605,0.8569474632624617,8460,10,confidence=completed;mlp=completed,/scratch/sr7849/QC_June28/ICASSP_multiseed_new_datasets/runs/svhn/run_20260922_213846/table2/adaptive180/seed_1.csv
svhn,180,1,Adaptive,KetGPT #180,0.7,15.299999999999995,84.7,0.492,0.5166516824157575,0.4640368272063485,0.4712250894859299,0.8655267908909984,8446,10,confidence=completed;quantum=completed,/scratch/sr7849/QC_June28/ICASSP_multiseed_new_datasets/runs/svhn/run_20260922_213846/table2/adaptive180/seed_1.csv
svhn,180,1,Adaptive,KetGPT #180,0.8,8.599999999999994,91.4,0.493,0.517887147767146,0.4642781706555392,0.4716887246780282,0.8640069692995317,8446,10,confidence=completed;quantum=completed,/scratch/sr7849/QC_June28/ICASSP_multiseed_new_datasets/runs/svhn/run_20260922_213846/table2/adaptive180/seed_1.csv
svhn,180,1,Adaptive,KetGPT #180,0.9,3.5,96.5,0.492,0.5171548049054322,0.4636684145579782,0.4710274068898578,0.8630216995478678,8446,10,confidence=completed;quantum=completed,/scratch/sr7849/QC_June28/ICASSP_multiseed_new_datasets/runs/svhn/run_20260922_213846/table2/adaptive180/seed_1.csv
svhn,180,1,Low-conf.,KetGPT #180,0.7,0.0,84.7,0.4203069657615112,0.4670418030184352,0.4156717554547565,0.4210514974061752,0.8375830339280241,4252,10,confidence=completed;quantum=completed,/scratch/sr7849/QC_June28/ICASSP_multiseed_new_datasets/runs/svhn/run_20260922_213846/table2/adaptive180/seed_1.csv
svhn,180,1,Low-conf.,KetGPT #180,0.8,0.0,91.4,0.4507658643326039,0.4951264789703732,0.4423704012162142,0.4492064823280245,0.8481503738925433,4252,10,confidence=completed;quantum=completed,/scratch/sr7849/QC_June28/ICASSP_multiseed_new_datasets/runs/svhn/run_20260922_213846/table2/adaptive180/seed_1.csv
svhn,180,1,Low-conf.,KetGPT #180,0.9,0.0,96.5,0.4746113989637305,0.5096594605276723,0.4565520757117592,0.4637306232532336,0.8564039715002686,4252,10,confidence=completed;quantum=completed,/scratch/sr7849/QC_June28/ICASSP_multiseed_new_datasets/runs/svhn/run_20260922_213846/table2/adaptive180/seed_1.csv
svhn,180,1,Low-conf.,MLP,0.7,84.7,0.0,0.3624557260920897,0.3581408445841861,0.3467493797258369,0.3376812324983286,0.8305899463825023,4266,10,confidence=completed;mlp=completed,/scratch/sr7849/QC_June28/ICASSP_multiseed_new_datasets/runs/svhn/run_20260922_213846/table2/adaptive180/seed_1.csv
svhn,180,1,Low-conf.,MLP,0.8,91.4,0.0,0.3971553610503282,0.3818664794382793,0.371622408612266,0.3619810119901637,0.8409493789975728,4266,10,confidence=completed;mlp=completed,/scratch/sr7849/QC_June28/ICASSP_multiseed_new_datasets/runs/svhn/run_20260922_213846/table2/adaptive180/seed_1.csv
svhn,180,1,Low-conf.,MLP,0.9,96.5,0.0,0.4238341968911917,0.3958808992580221,0.3850948392755724,0.3757638298034704,0.8502727532573408,4266,10,confidence=completed;mlp=completed,/scratch/sr7849/QC_June28/ICASSP_multiseed_new_datasets/runs/svhn/run_20260922_213846/table2/adaptive180/seed_1.csv
