dataset,source_candidate,exp,model,threshold,n_seeds,seed_status,seeds,missing,routed_to_classical_pct_mean,routed_to_classical_pct_std,routed_to_classical_pct_n,accuracy_mean,accuracy_std,accuracy_n,precision_macro_mean,precision_macro_std,precision_macro_n,recall_macro_mean,recall_macro_std,recall_macro_n,f1_macro_mean,f1_macro_std,f1_macro_n,auc_ovr_macro_mean,auc_ovr_macro_std,auc_ovr_macro_n,params,route_col,routed_entry,accuracy_entry,precision_entry,recall_entry,f1_entry,auc_entry,accuracy_pct_mean,routed_to_quantum_pct_mean,routed_to_quantum_pct_std,routed_to_quantum_pct_n
cifar10,160,Low-conf.,MLP,0.7,5,5/5,1|42|48|550|2026,,30.8,7.192704637339143,5.0,0.5546023890841687,0.05066963232314236,5,0.5689264021184559,0.05043838375594583,5,0.559004691477909,0.05115735256732089,5,0.5520744226737355,0.04954018548355594,5,0.9128782076971245,0.016649863466829874,5,4266,routed_to_classical_pct,30.8 ± 7.2,55.5 ± 5.1,0.569 ± 0.050,0.559 ± 0.051,0.552 ± 0.050,0.913 ± 0.017,55.46023890841687,,,
cifar10,180,Low-conf.,MLP,0.7,5,5/5,1|42|48|550|2026,,37.32,12.172592164366636,5.0,0.5668724293949087,0.06305396420919647,5,0.5831938768765926,0.062169244093267094,5,0.5907847392281985,0.06573222707934546,5,0.5741302279090488,0.06442393398485585,5,0.9221822122292611,0.016714456350941004,5,4266,routed_to_classical_pct,37.3 ± 12.2,56.7 ± 6.3,0.583 ± 0.062,0.591 ± 0.066,0.574 ± 0.064,0.922 ± 0.017,56.687242939490865,,,
cifar10,180,Low-conf.,KetGPT #180,0.7,5,5/5,1|42|48|550|2026,,,,,0.5629855096055454,0.05423654860930733,5,0.5790121814422806,0.05652654748706866,5,0.5841077693196434,0.05551909737689935,5,0.5685887200468795,0.05571035688680267,5,0.9220402453120169,0.020181976104831852,5,4252,routed_to_quantum_pct,37.3 ± 12.2,56.3 ± 5.4,0.579 ± 0.057,0.584 ± 0.056,0.569 ± 0.056,0.922 ± 0.020,56.298550960554536,37.32,12.172592164366636,5.0
cifar10,160,Low-conf.,KetGPT #160,0.7,5,5/5,1|42|48|550|2026,,,,,0.5964963262183202,0.02956170269598569,5,0.5989289278053567,0.03508161665135621,5,0.5969494470264797,0.028427819149494344,5,0.5916881921539983,0.03053652144155175,5,0.929644953055622,0.005528609297969931,5,4204,routed_to_quantum_pct,30.8 ± 7.2,59.6 ± 3.0,0.599 ± 0.035,0.597 ± 0.028,0.592 ± 0.031,0.930 ± 0.006,59.64963262183202,30.8,7.192704637339143,5.0
cifar10,160,Low-conf.,MLP,0.8,5,5/5,1|42|48|550|2026,,43.32000000000001,10.268008570311968,5.0,0.6036911540558151,0.06071988294415616,5,0.6176551464398675,0.059893715374405056,5,0.6140091339037121,0.05984821729847332,5,0.6081323468094735,0.059483827418444386,5,0.9285523983441548,0.01672039725222765,5,4266,routed_to_classical_pct,43.3 ± 10.3,60.4 ± 6.1,0.618 ± 0.060,0.614 ± 0.060,0.608 ± 0.059,0.929 ± 0.017,60.36911540558151,,,
cifar10,180,Low-conf.,MLP,0.8,5,5/5,1|42|48|550|2026,,51.82000000000001,17.166158568532452,5.0,0.6216311877968103,0.07859990144819239,5,0.632123389440238,0.0735993734176034,5,0.6376843411400056,0.0763861966767154,5,0.6255134037602239,0.07584510699189609,5,0.9374707518904366,0.017432935098615286,5,4266,routed_to_classical_pct,51.8 ± 17.2,62.2 ± 7.9,0.632 ± 0.074,0.638 ± 0.076,0.626 ± 0.076,0.937 ± 0.017,62.16311877968103,,,
cifar10,180,Low-conf.,KetGPT #180,0.8,5,5/5,1|42|48|550|2026,,,,,0.621653040362901,0.07308011532734923,5,0.633910499152248,0.07143932970148467,5,0.6385874750920914,0.0663224014364931,5,0.6254384799986441,0.0683106627755597,5,0.9374082767870787,0.022354231103315216,5,4252,routed_to_quantum_pct,51.8 ± 17.2,62.2 ± 7.3,0.634 ± 0.071,0.639 ± 0.066,0.625 ± 0.068,0.937 ± 0.022,62.1653040362901,51.82000000000001,17.166158568532452,5.0
cifar10,160,Low-conf.,KetGPT #160,0.8,5,5/5,1|42|48|550|2026,,,,,0.6510713202402953,0.037211880882711816,5,0.6584466153715035,0.0417328113506075,5,0.6590893068363,0.03452115839022308,5,0.6524863139845136,0.037110949069247355,5,0.9450533442393964,0.01025866667591287,5,4204,routed_to_quantum_pct,43.3 ± 10.3,65.1 ± 3.7,0.658 ± 0.042,0.659 ± 0.035,0.652 ± 0.037,0.945 ± 0.010,65.10713202402954,43.32000000000001,10.268008570311968,5.0
cifar10,160,Low-conf.,MLP,0.9,5,5/5,1|42|48|550|2026,,63.48,16.148281642329625,5.0,0.678837859286847,0.06650807831018837,5,0.6921950676092807,0.06375259545523126,5,0.6875179889114004,0.05834304651625324,5,0.683024257684759,0.06158965959404496,5,0.9468309609037273,0.015102479895091692,5,4266,routed_to_classical_pct,63.5 ± 16.1,67.9 ± 6.7,0.692 ± 0.064,0.688 ± 0.058,0.683 ± 0.062,0.947 ± 0.015,67.8837859286847,,,
cifar10,180,Low-conf.,MLP,0.9,5,5/5,1|42|48|550|2026,,75.32000000000001,23.054218702875186,5.0,0.7085668152245304,0.06934080745583282,5,0.7100293724781466,0.06151456029161232,5,0.7115099728639631,0.0625535292444667,5,0.7042343896516647,0.062087373397622894,5,0.9554277717207537,0.014247969344297319,5,4266,routed_to_classical_pct,75.3 ± 23.1,70.9 ± 6.9,0.710 ± 0.062,0.712 ± 0.063,0.704 ± 0.062,0.955 ± 0.014,70.85668152245303,,,
cifar10,180,Low-conf.,KetGPT #180,0.9,5,5/5,1|42|48|550|2026,,,,,0.7055070264191692,0.07178776587196489,5,0.7093523368204913,0.06754655149452686,5,0.7130020510848185,0.0636780662033778,5,0.7037751236480405,0.06507785983250211,5,0.9553726086756894,0.018441644941016126,5,4252,routed_to_quantum_pct,75.3 ± 23.1,70.6 ± 7.2,0.709 ± 0.068,0.713 ± 0.064,0.704 ± 0.065,0.955 ± 0.018,70.55070264191691,75.32000000000001,23.054218702875186,5.0
cifar10,160,Low-conf.,KetGPT #160,0.9,5,5/5,1|42|48|550|2026,,,,,0.7216431747023275,0.04824900392851478,5,0.7280494098774802,0.04960656345894593,5,0.7262126422246393,0.044228456623113324,5,0.7234693629525056,0.0464386389567947,5,0.960888599517862,0.010359678109524232,5,4204,routed_to_quantum_pct,63.5 ± 16.1,72.2 ± 4.8,0.728 ± 0.050,0.726 ± 0.044,0.723 ± 0.046,0.961 ± 0.010,72.16431747023276,63.48,16.148281642329625,5.0
cifar10,160,Adaptive,Classical,0.7,5,5/5,1|42|48|550|2026,,30.8,7.192704637339143,5.0,0.8166,0.015175638372075128,5,0.8167947520458358,0.0164825195033525,5,0.8147287578570772,0.014763456757813638,5,0.8133950197069627,0.01526325877650099,5,0.9768797328699719,0.002538606180502671,5,8460,routed_to_classical_pct,30.8 ± 7.2,81.7 ± 1.5,0.817 ± 0.016,0.815 ± 0.015,0.813 ± 0.015,0.977 ± 0.003,81.66,,,
cifar10,180,Adaptive,Classical,0.7,5,5/5,1|42|48|550|2026,,37.32,12.172592164366636,5.0,0.8046,0.029082640870457394,5,0.8044260898443213,0.029849814536636453,5,0.8030089756843287,0.02943783186576275,5,0.7996843257377181,0.03212761835925039,5,0.9748389740809198,0.004961429878177226,5,8460,routed_to_classical_pct,37.3 ± 12.2,80.5 ± 2.9,0.804 ± 0.030,0.803 ± 0.029,0.800 ± 0.032,0.975 ± 0.005,80.46,,,
cifar10,180,Adaptive,KetGPT #180,0.7,5,5/5,1|42|48|550|2026,,,,,0.8048,0.013330416347586417,5,0.8054550603870225,0.013199039384153708,5,0.8034289345554415,0.012756954512424425,5,0.8012328496886884,0.01513461748940808,5,0.9772484258204377,0.0014081029655179007,5,8446,routed_to_quantum_pct,37.3 ± 12.2,80.5 ± 1.3,0.805 ± 0.013,0.803 ± 0.013,0.801 ± 0.015,0.977 ± 0.001,80.47999999999999,37.32,12.172592164366636,5.0
cifar10,160,Adaptive,KetGPT #160,0.7,5,5/5,1|42|48|550|2026,,,,,0.8288,0.00825832912882504,5,0.8288246555993265,0.00994275850704408,5,0.8273385081193692,0.00783417798883805,5,0.8266433458812923,0.00910639049772395,5,0.9804978097088426,0.00080092434590853,5,8398,routed_to_quantum_pct,30.8 ± 7.2,82.9 ± 0.8,0.829 ± 0.010,0.827 ± 0.008,0.827 ± 0.009,0.980 ± 0.001,82.88,30.8,7.192704637339143,5.0
cifar10,160,Adaptive,Classical,0.8,5,5/5,1|42|48|550|2026,,43.32000000000001,10.268008570311968,5.0,0.8076000000000001,0.020767763480933597,5,0.808017563438461,0.0228599244015858,5,0.8056128285455628,0.02034524181764683,5,0.8037387991085007,0.02168177203210702,5,0.9757882132270878,0.00343766727601754,5,8460,routed_to_classical_pct,43.3 ± 10.3,80.8 ± 2.1,0.808 ± 0.023,0.806 ± 0.020,0.804 ± 0.022,0.976 ± 0.003,80.76,,,
cifar10,180,Adaptive,Classical,0.8,5,5/5,1|42|48|550|2026,,51.82000000000001,17.166158568532452,5.0,0.793,0.03676275288930359,5,0.7912049464111653,0.040869650893972514,5,0.7911820968936979,0.03683828504248966,5,0.7863917001365216,0.043129011263378404,5,0.973739261357011,0.0059574911636116855,5,8460,routed_to_classical_pct,51.8 ± 17.2,79.3 ± 3.7,0.791 ± 0.041,0.791 ± 0.037,0.786 ± 0.043,0.974 ± 0.006,79.3,,,
cifar10,180,Adaptive,KetGPT #180,0.8,5,5/5,1|42|48|550|2026,,,,,0.7946000000000001,0.016890825912311076,5,0.7954620344020136,0.016908850920288654,5,0.7933169381203145,0.01635843643555067,5,0.7897601719971459,0.020910543636684445,5,0.976114920044823,0.0016027438594353992,5,8446,routed_to_quantum_pct,51.8 ± 17.2,79.5 ± 1.7,0.795 ± 0.017,0.793 ± 0.016,0.790 ± 0.021,0.976 ± 0.002,79.46000000000001,51.82000000000001,17.166158568532452,5.0
cifar10,160,Adaptive,KetGPT #160,0.8,5,5/5,1|42|48|550|2026,,,,,0.8272,0.009497368056467021,5,0.8275113724565919,0.009789100129125889,5,0.8257879903041229,0.008837152429498547,5,0.8249436083425333,0.01001121058889718,5,0.98077164573619,0.000855464380377422,5,8398,routed_to_quantum_pct,43.3 ± 10.3,82.7 ± 0.9,0.828 ± 0.010,0.826 ± 0.009,0.825 ± 0.010,0.981 ± 0.001,82.72,43.32000000000001,10.268008570311968,5.0
cifar10,160,Adaptive,Classical,0.9,5,5/5,1|42|48|550|2026,,63.48,16.148281642329625,5.0,0.7956,0.031173706869732372,5,0.795627432245487,0.034595989740546076,5,0.7940112005043899,0.030437621557284845,5,0.790732081536561,0.034430463191502884,5,0.9739680301610043,0.00534294627090801,5,8460,routed_to_classical_pct,63.5 ± 16.1,79.6 ± 3.1,0.796 ± 0.035,0.794 ± 0.030,0.791 ± 0.034,0.974 ± 0.005,79.56,,,
cifar10,180,Adaptive,Classical,0.9,5,5/5,1|42|48|550|2026,,75.32000000000001,23.054218702875186,5.0,0.7878000000000001,0.03623120202256614,5,0.786232839765399,0.04036929176918657,5,0.7859564040717061,0.036324494645676136,5,0.7812018612632433,0.042329956117260856,5,0.9724776453948086,0.007130387624651685,5,8460,routed_to_classical_pct,75.3 ± 23.1,78.8 ± 3.6,0.786 ± 0.040,0.786 ± 0.036,0.781 ± 0.042,0.972 ± 0.007,78.78,,,
cifar10,180,Adaptive,KetGPT #180,0.9,5,5/5,1|42|48|550|2026,,,,,0.7876000000000001,0.015043270920913458,5,0.7889372505489082,0.015251705879638247,5,0.78625591642005,0.014686027978826292,5,0.7826992015995525,0.01857243140154094,5,0.9742869174745994,0.0015509859277225324,5,8446,routed_to_quantum_pct,75.3 ± 23.1,78.8 ± 1.5,0.789 ± 0.015,0.786 ± 0.015,0.783 ± 0.019,0.974 ± 0.002,78.76,75.32000000000001,23.054218702875186,5.0
cifar10,160,Adaptive,KetGPT #160,0.9,5,5/5,1|42|48|550|2026,,,,,0.8219999999999998,0.008573214099741095,5,0.8229408123083626,0.009271107856247919,5,0.8207552001719252,0.007979262631752962,5,0.8199889526062878,0.009235451465988757,5,0.9807095697386391,0.0016390447765377556,5,8398,routed_to_quantum_pct,63.5 ± 16.1,82.2 ± 0.9,0.823 ± 0.009,0.821 ± 0.008,0.820 ± 0.009,0.981 ± 0.002,82.19999999999999,63.48,16.148281642329625,5.0
kmnist,160,Low-conf.,MLP,0.7,5,5/5,1|42|48|550|2026,,60.17999999999999,10.009345632957231,5.0,0.5011582186057625,0.01806859152641702,5,0.5258944263438143,0.0405636362994727,5,0.5014540905178816,0.02679629684671646,5,0.4897912175057508,0.031095695784292485,5,0.869752035191166,0.009114197318297308,5,4266,routed_to_classical_pct,60.2 ± 10.0,50.1 ± 1.8,0.526 ± 0.041,0.501 ± 0.027,0.490 ± 0.031,0.870 ± 0.009,50.11582186057625,,,
kmnist,180,Low-conf.,MLP,0.7,1,1/5,1,42|48|550|2026,50.9,,1.0,0.4931237721021611,,1,0.4812509122762464,,1,0.4882406578400816,,1,0.4711966698411582,,1,0.8562016244006712,,1,4266,routed_to_classical_pct,50.9,49.3,0.481,0.488,0.471,0.856,49.312377210216106,,,
kmnist,180,Low-conf.,KetGPT #180,0.7,1,1/5,1,42|48|550|2026,,,,0.5029469548133595,,1,0.5148213338513198,,1,0.5003724764026545,,1,0.4989214964271035,,1,0.8610339193850278,,1,4252,routed_to_quantum_pct,50.9,50.3,0.515,0.500,0.499,0.861,50.29469548133595,50.9,,1.0
kmnist,160,Low-conf.,KetGPT #160,0.7,5,5/5,1|42|48|550|2026,,,,,0.5164460099417959,0.02070528283890647,5,0.5322444059805933,0.014099861690848507,5,0.5171044993266866,0.01714803202258808,5,0.5003507861039329,0.012787637972908853,5,0.8842119591849793,0.009937223300306091,5,4204,routed_to_quantum_pct,60.2 ± 10.0,51.6 ± 2.1,0.532 ± 0.014,0.517 ± 0.017,0.500 ± 0.013,0.884 ± 0.010,51.64460099417959,60.17999999999999,10.009345632957231,5.0
kmnist,160,Low-conf.,MLP,0.8,5,5/5,1|42|48|550|2026,,72.8,9.933025722306368,5.0,0.5434850638203728,0.022460979180138646,5,0.5674564575723002,0.0400966524735666,5,0.5405699839338963,0.025475073267725475,5,0.5326037120627927,0.029170496652670286,5,0.8846856870237947,0.008819120750004584,5,4266,routed_to_classical_pct,72.8 ± 9.9,54.3 ± 2.2,0.567 ± 0.040,0.541 ± 0.025,0.533 ± 0.029,0.885 ± 0.009,54.34850638203728,,,
kmnist,180,Low-conf.,MLP,0.8,1,1/5,1,42|48|550|2026,63.6,,1.0,0.5188679245283019,,1,0.512602774116114,,1,0.5111589325863795,,1,0.5001663979991926,,1,0.8657761143290978,,1,4266,routed_to_classical_pct,63.6,51.9,0.513,0.511,0.500,0.866,51.886792452830186,,,
kmnist,180,Low-conf.,KetGPT #180,0.8,1,1/5,1,42|48|550|2026,,,,0.5471698113207547,,1,0.5636150401663984,,1,0.5483662335328762,,1,0.5487907551855729,,1,0.8727938938502089,,1,4252,routed_to_quantum_pct,63.6,54.7,0.564,0.548,0.549,0.873,54.71698113207547,63.6,,1.0
kmnist,160,Low-conf.,KetGPT #160,0.8,5,5/5,1|42|48|550|2026,,,,,0.5658652796315996,0.012837810455675738,5,0.58353615844626,0.011232863389113038,5,0.5640909961323496,0.011800320566267513,5,0.5526083526043338,0.012016750621250438,5,0.8979134800696583,0.007626475860798253,5,4204,routed_to_quantum_pct,72.8 ± 9.9,56.6 ± 1.3,0.584 ± 0.011,0.564 ± 0.012,0.553 ± 0.012,0.898 ± 0.008,56.58652796315996,72.8,9.933025722306368,5.0
kmnist,160,Low-conf.,MLP,0.9,5,5/5,1|42|48|550|2026,,87.96000000000001,7.857035064195654,5.0,0.5994188590954316,0.01595705521124834,5,0.6236265774121124,0.02937667627155003,5,0.5964845775336063,0.01881416042874974,5,0.5923343266830216,0.02109140512118858,5,0.9044576577976937,0.007760720416934219,5,4266,routed_to_classical_pct,88.0 ± 7.9,59.9 ± 1.6,0.624 ± 0.029,0.596 ± 0.019,0.592 ± 0.021,0.904 ± 0.008,59.94188590954316,,,
kmnist,180,Low-conf.,MLP,0.9,1,1/5,1,42|48|550|2026,82.7,,1.0,0.6045949214026602,,1,0.6008862949304303,,1,0.5960973209721493,,1,0.5883710591748913,,1,0.8976825153801815,,1,4266,routed_to_classical_pct,82.7,60.5,0.601,0.596,0.588,0.898,60.45949214026602,,,
kmnist,180,Low-conf.,KetGPT #180,0.9,1,1/5,1,42|48|550|2026,,,,0.6287787182587666,,1,0.6392026298730543,,1,0.6273172172186244,,1,0.6275087009442796,,1,0.9022130568952644,,1,4252,routed_to_quantum_pct,82.7,62.9,0.639,0.627,0.628,0.902,62.87787182587666,82.7,,1.0
kmnist,160,Low-conf.,KetGPT #160,0.9,5,5/5,1|42|48|550|2026,,,,,0.6223614281264181,0.01404386723666867,5,0.6416172526476689,0.01256857682305058,5,0.6209890114191646,0.013773601739965299,5,0.613962361976551,0.012976958601947317,5,0.9158190401563088,0.006667524033562299,5,4204,routed_to_quantum_pct,88.0 ± 7.9,62.2 ± 1.4,0.642 ± 0.013,0.621 ± 0.014,0.614 ± 0.013,0.916 ± 0.007,62.236142812641816,87.96000000000001,7.857035064195654,5.0
kmnist,160,Adaptive,Classical,0.7,5,5/5,1|42|48|550|2026,,60.17999999999999,10.009345632957231,5.0,0.6638,0.03612755181298617,5,0.6883371660307842,0.023394691102342675,5,0.6669425550303252,0.035042560948934785,5,0.6641469591351206,0.03592432963239802,5,0.9251303469736374,0.007652083398441948,5,8460,routed_to_classical_pct,60.2 ± 10.0,66.4 ± 3.6,0.688 ± 0.023,0.667 ± 0.035,0.664 ± 0.036,0.925 ± 0.008,66.38,,,
kmnist,180,Adaptive,Classical,0.7,1,1/5,1,42|48|550|2026,50.9,,1.0,0.696,,1,0.704893912365762,,1,0.6968746494689136,,1,0.6929542210405554,,1,0.9289136969764328,,1,8460,routed_to_classical_pct,50.9,69.6,0.705,0.697,0.693,0.929,69.6,,,
kmnist,180,Adaptive,KetGPT #180,0.7,1,1/5,1,42|48|550|2026,,,,0.701,,1,0.7105351826860503,,1,0.7030351131300715,,1,0.7022460496110792,,1,0.934965387193585,,1,8446,routed_to_quantum_pct,50.9,70.1,0.711,0.703,0.702,0.935,70.1,50.9,,1.0
kmnist,160,Adaptive,KetGPT #160,0.7,5,5/5,1|42|48|550|2026,,,,,0.6716,0.04220544988505629,5,0.6929088500257382,0.038819726349249246,5,0.6746339947284642,0.041056770462525885,5,0.6700489909095684,0.04043018891900261,5,0.9317722459996828,0.013186582490939293,5,8398,routed_to_quantum_pct,60.2 ± 10.0,67.2 ± 4.2,0.693 ± 0.039,0.675 ± 0.041,0.670 ± 0.040,0.932 ± 0.013,67.16,60.17999999999999,10.009345632957231,5.0
kmnist,160,Adaptive,Classical,0.8,5,5/5,1|42|48|550|2026,,72.8,9.933025722306368,5.0,0.6538,0.03136399209284433,5,0.6799899190228809,0.021075466730851627,5,0.6570163115243148,0.03056708050669352,5,0.6544316975905987,0.0316101423119352,5,0.9241210399287823,0.007698020028665263,5,8460,routed_to_classical_pct,72.8 ± 9.9,65.4 ± 3.1,0.680 ± 0.021,0.657 ± 0.031,0.654 ± 0.032,0.924 ± 0.008,65.38000000000001,,,
kmnist,180,Adaptive,Classical,0.8,1,1/5,1,42|48|550|2026,63.6,,1.0,0.674,,1,0.6815131657696442,,1,0.6747212997866553,,1,0.6704940482891651,,1,0.9235908920727832,,1,8460,routed_to_classical_pct,63.6,67.4,0.682,0.675,0.670,0.924,67.4,,,
kmnist,180,Adaptive,KetGPT #180,0.8,1,1/5,1,42|48|550|2026,,,,0.692,,1,0.7023498217733936,,1,0.6936501271054912,,1,0.6934999547523024,,1,0.930509745082848,,1,8446,routed_to_quantum_pct,63.6,69.2,0.702,0.694,0.693,0.931,69.19999999999999,63.6,,1.0
kmnist,160,Adaptive,KetGPT #160,0.8,5,5/5,1|42|48|550|2026,,,,,0.6685999999999999,0.0402094516252087,5,0.6901373606498233,0.037059868193353766,5,0.6716371791689417,0.03901719636620542,5,0.6670594352679707,0.038400190187466085,5,0.931506439543669,0.013901508057637926,5,8398,routed_to_quantum_pct,72.8 ± 9.9,66.9 ± 4.0,0.690 ± 0.037,0.672 ± 0.039,0.667 ± 0.038,0.932 ± 0.014,66.85999999999999,72.8,9.933025722306368,5.0
kmnist,160,Adaptive,Classical,0.9,5,5/5,1|42|48|550|2026,,87.96000000000001,7.857035064195654,5.0,0.6456000000000001,0.025343638254994118,5,0.6734099749111262,0.01722248249480396,5,0.6490334200209238,0.024726635382986927,5,0.6464787821058019,0.026090817931989967,5,0.9224812240307146,0.006883766841087476,5,8460,routed_to_classical_pct,88.0 ± 7.9,64.6 ± 2.5,0.673 ± 0.017,0.649 ± 0.025,0.646 ± 0.026,0.922 ± 0.007,64.56,,,
kmnist,180,Adaptive,Classical,0.9,1,1/5,1,42|48|550|2026,82.7,,1.0,0.665,,1,0.6715369653868796,,1,0.6656110875722756,,1,0.6607925813254544,,1,0.9219315491517288,,1,8460,routed_to_classical_pct,82.7,66.5,0.672,0.666,0.661,0.922,66.5,,,
kmnist,180,Adaptive,KetGPT #180,0.9,1,1/5,1,42|48|550|2026,,,,0.685,,1,0.6950216605270572,,1,0.6868265159183217,,1,0.6864543251639599,,1,0.9256816678044082,,1,8446,routed_to_quantum_pct,82.7,68.5,0.695,0.687,0.686,0.926,68.5,82.7,,1.0
kmnist,160,Adaptive,KetGPT #160,0.9,5,5/5,1|42|48|550|2026,,,,,0.6646000000000001,0.0380302511167097,5,0.686785363597232,0.035664737015442906,5,0.6675873298883837,0.03686789014544396,5,0.6631707668788017,0.036430304900318344,5,0.930885569743978,0.014092085113183632,5,8398,routed_to_quantum_pct,88.0 ± 7.9,66.5 ± 3.8,0.687 ± 0.036,0.668 ± 0.037,0.663 ± 0.036,0.931 ± 0.014,66.46000000000001,87.96000000000001,7.857035064195654,5.0
svhn,160,Low-conf.,MLP,0.7,5,5/5,1|42|48|550|2026,,87.32000000000001,4.602390683112417,5.0,0.395560919979101,0.03207460914705248,5,0.40928103950166805,0.034747443661073046,5,0.3732843527637135,0.033065009428268156,5,0.36075887966819886,0.03312182444565393,5,0.8328615316761729,0.014610163388350634,5,4266,routed_to_classical_pct,87.3 ± 4.6,39.6 ± 3.2,0.409 ± 0.035,0.373 ± 0.033,0.361 ± 0.033,0.833 ± 0.015,39.556091997910094,,,
svhn,180,Low-conf.,MLP,0.7,1,1/5,1,42|48|550|2026,84.7,,1.0,0.3624557260920897,,1,0.3581408445841861,,1,0.3467493797258369,,1,0.3376812324983286,,1,0.8305899463825023,,1,4266,routed_to_classical_pct,84.7,36.2,0.358,0.347,0.338,0.831,36.24557260920897,,,
svhn,180,Low-conf.,KetGPT #180,0.7,1,1/5,1,42|48|550|2026,,,,0.4203069657615112,,1,0.4670418030184352,,1,0.4156717554547565,,1,0.4210514974061752,,1,0.8375830339280241,,1,4252,routed_to_quantum_pct,84.7,42.0,0.467,0.416,0.421,0.838,42.03069657615112,84.7,,1.0
svhn,160,Low-conf.,KetGPT #160,0.7,5,5/5,1|42|48|550|2026,,,,,0.4090151293888272,0.03693173642895056,5,0.4058786466098533,0.06586080395981644,5,0.3879499852983206,0.05103679353466947,5,0.37297675535000063,0.061915150243898605,5,0.8361804125738402,0.017481049660946983,5,4204,routed_to_quantum_pct,87.3 ± 4.6,40.9 ± 3.7,0.406 ± 0.066,0.388 ± 0.051,0.373 ± 0.062,0.836 ± 0.017,40.901512938882725,87.32000000000001,4.602390683112417,5.0
svhn,160,Low-conf.,MLP,0.8,5,5/5,1|42|48|550|2026,,92.6,3.0397368307141317,5.0,0.41891800372726673,0.027591179630336908,5,0.42454600415462285,0.03465549053873516,5,0.38850210616137415,0.02897804054530073,5,0.376678637645709,0.029103259209473962,5,0.841553325968348,0.012986603132448715,5,4266,routed_to_classical_pct,92.6 ± 3.0,41.9 ± 2.8,0.425 ± 0.035,0.389 ± 0.029,0.377 ± 0.029,0.842 ± 0.013,41.89180037272667,,,
svhn,180,Low-conf.,MLP,0.8,1,1/5,1,42|48|550|2026,91.4,,1.0,0.3971553610503282,,1,0.3818664794382793,,1,0.371622408612266,,1,0.3619810119901637,,1,0.8409493789975728,,1,4266,routed_to_classical_pct,91.4,39.7,0.382,0.372,0.362,0.841,39.715536105032825,,,
svhn,180,Low-conf.,KetGPT #180,0.8,1,1/5,1,42|48|550|2026,,,,0.4507658643326039,,1,0.4951264789703732,,1,0.4423704012162142,,1,0.4492064823280245,,1,0.8481503738925433,,1,4252,routed_to_quantum_pct,91.4,45.1,0.495,0.442,0.449,0.848,45.07658643326039,91.4,,1.0
svhn,160,Low-conf.,KetGPT #160,0.8,5,5/5,1|42|48|550|2026,,,,,0.4319679517977407,0.03608481946003798,5,0.4239493375234944,0.06399256733899397,5,0.4019066952066134,0.05148381319500135,5,0.38818760228606647,0.06171992693419363,5,0.844233531301486,0.017534789340671618,5,4204,routed_to_quantum_pct,92.6 ± 3.0,43.2 ± 3.6,0.424 ± 0.064,0.402 ± 0.051,0.388 ± 0.062,0.844 ± 0.018,43.19679517977407,92.6,3.0397368307141317,5.0
svhn,160,Low-conf.,MLP,0.9,5,5/5,1|42|48|550|2026,,97.42,1.634625339336206,5.0,0.44498667167043493,0.01947261421463364,5,0.4371205917717605,0.03659754622014995,5,0.39968594261641605,0.025294693560790428,5,0.388935573336887,0.025185039830777994,5,0.8502438633263549,0.010306749573600919,5,4266,routed_to_classical_pct,97.4 ± 1.6,44.5 ± 1.9,0.437 ± 0.037,0.400 ± 0.025,0.389 ± 0.025,0.850 ± 0.010,44.49866716704349,,,
svhn,180,Low-conf.,MLP,0.9,1,1/5,1,42|48|550|2026,96.5,,1.0,0.4238341968911917,,1,0.3958808992580221,,1,0.3850948392755724,,1,0.3757638298034704,,1,0.8502727532573408,,1,4266,routed_to_classical_pct,96.5,42.4,0.396,0.385,0.376,0.850,42.383419689119165,,,
svhn,180,Low-conf.,KetGPT #180,0.9,1,1/5,1,42|48|550|2026,,,,0.4746113989637305,,1,0.5096594605276723,,1,0.4565520757117592,,1,0.4637306232532336,,1,0.8564039715002686,,1,4252,routed_to_quantum_pct,96.5,47.5,0.510,0.457,0.464,0.856,47.46113989637305,96.5,,1.0
svhn,160,Low-conf.,KetGPT #160,0.9,5,5/5,1|42|48|550|2026,,,,,0.4569756044895021,0.036872768378082114,5,0.4358302201454286,0.06693525028865102,5,0.4123282637708815,0.05607104318812508,5,0.39980553983387884,0.06522478364500718,5,0.853000603548508,0.01864235772112976,5,4204,routed_to_quantum_pct,97.4 ± 1.6,45.7 ± 3.7,0.436 ± 0.067,0.412 ± 0.056,0.400 ± 0.065,0.853 ± 0.019,45.697560448950206,97.42,1.634625339336206,5.0
svhn,160,Adaptive,Classical,0.7,5,5/5,1|42|48|550|2026,,87.32000000000001,4.602390683112417,5.0,0.46159999999999995,0.017052858997833757,5,0.46425003594076786,0.03297229667557554,5,0.4062394542832236,0.02444767349041131,5,0.3973485682963117,0.023460480652634556,5,0.8572157210201375,0.006943241611770923,5,8460,routed_to_classical_pct,87.3 ± 4.6,46.2 ± 1.7,0.464 ± 0.033,0.406 ± 0.024,0.397 ± 0.023,0.857 ± 0.007,46.16,,,
svhn,180,Adaptive,Classical,0.7,1,1/5,1,42|48|550|2026,84.7,,1.0,0.443,,1,0.4046028342063575,,1,0.3923016388018492,,1,0.383859973497657,,1,0.8585387565818083,,1,8460,routed_to_classical_pct,84.7,44.3,0.405,0.392,0.384,0.859,44.3,,,
svhn,180,Adaptive,KetGPT #180,0.7,1,1/5,1,42|48|550|2026,,,,0.492,,1,0.5166516824157575,,1,0.4640368272063485,,1,0.4712250894859299,,1,0.8655267908909984,,1,8446,routed_to_quantum_pct,84.7,49.2,0.517,0.464,0.471,0.866,49.2,84.7,,1.0
svhn,160,Adaptive,KetGPT #160,0.7,5,5/5,1|42|48|550|2026,,,,,0.472,0.043081318457076044,5,0.4449636268331097,0.06773918550828628,5,0.4184665509836756,0.057951140063412405,5,0.40693593240969433,0.06671728698714209,5,0.85959326971425,0.019540512329664687,5,8398,routed_to_quantum_pct,87.3 ± 4.6,47.2 ± 4.3,0.445 ± 0.068,0.418 ± 0.058,0.407 ± 0.067,0.860 ± 0.020,47.199999999999996,87.32000000000001,4.602390683112417,5.0
svhn,160,Adaptive,Classical,0.8,5,5/5,1|42|48|550|2026,,92.6,3.0397368307141317,5.0,0.45940000000000003,0.017657859439920792,5,0.4422845267945263,0.038695060225146884,5,0.40403492193728247,0.025272894523084292,5,0.39392347865952776,0.024861164465360117,5,0.8565977010178474,0.007524229303583372,5,8460,routed_to_classical_pct,92.6 ± 3.0,45.9 ± 1.8,0.442 ± 0.039,0.404 ± 0.025,0.394 ± 0.025,0.857 ± 0.008,45.940000000000005,,,
svhn,180,Adaptive,Classical,0.8,1,1/5,1,42|48|550|2026,91.4,,1.0,0.444,,1,0.4035867560205785,,1,0.3924459217749709,,1,0.3833605251614678,,1,0.8572098843043362,,1,8460,routed_to_classical_pct,91.4,44.4,0.404,0.392,0.383,0.857,44.4,,,
svhn,180,Adaptive,KetGPT #180,0.8,1,1/5,1,42|48|550|2026,,,,0.493,,1,0.517887147767146,,1,0.4642781706555392,,1,0.4716887246780282,,1,0.8640069692995317,,1,8446,routed_to_quantum_pct,91.4,49.3,0.518,0.464,0.472,0.864,49.3,91.4,,1.0
svhn,160,Adaptive,KetGPT #160,0.8,5,5/5,1|42|48|550|2026,,,,,0.47059999999999996,0.04329318653090808,5,0.4410747417697011,0.06953864077315923,5,0.4168741609029706,0.05857780970250822,5,0.40477907777167427,0.06780345157507203,5,0.8587571780904215,0.020358670303918528,5,8398,routed_to_quantum_pct,92.6 ± 3.0,47.1 ± 4.3,0.441 ± 0.070,0.417 ± 0.059,0.405 ± 0.068,0.859 ± 0.020,47.059999999999995,92.6,3.0397368307141317,5.0
svhn,160,Adaptive,Classical,0.9,5,5/5,1|42|48|550|2026,,97.42,1.634625339336206,5.0,0.45919999999999994,0.017584083712266607,5,0.4421719747416374,0.038660108693216996,5,0.4039268138291744,0.025216032293794904,5,0.3938048458077306,0.02478516088365771,5,0.8555605934159132,0.008406153626119281,5,8460,routed_to_classical_pct,97.4 ± 1.6,45.9 ± 1.8,0.442 ± 0.039,0.404 ± 0.025,0.394 ± 0.025,0.856 ± 0.008,45.919999999999995,,,
svhn,180,Adaptive,Classical,0.9,1,1/5,1,42|48|550|2026,96.5,,1.0,0.443,,1,0.4031114236670279,,1,0.39183616567741,,1,0.3828139386138605,,1,0.8569474632624617,,1,8460,routed_to_classical_pct,96.5,44.3,0.403,0.392,0.383,0.857,44.3,,,
svhn,180,Adaptive,KetGPT #180,0.9,1,1/5,1,42|48|550|2026,,,,0.492,,1,0.5171548049054322,,1,0.4636684145579782,,1,0.4710274068898578,,1,0.8630216995478678,,1,8446,routed_to_quantum_pct,96.5,49.2,0.517,0.464,0.471,0.863,49.2,96.5,,1.0
svhn,160,Adaptive,KetGPT #160,0.9,5,5/5,1|42|48|550|2026,,,,,0.4704,0.04346607872813006,5,0.44095762990091175,0.0696238073548436,5,0.4167660527948624,0.058665239474584366,5,0.40467085044715645,0.06790932293740995,5,0.857970852215221,0.021137384841100067,5,8398,routed_to_quantum_pct,97.4 ± 1.6,47.0 ± 4.3,0.441 ± 0.070,0.417 ± 0.059,0.405 ± 0.068,0.858 ± 0.021,47.04,97.42,1.634625339336206,5.0
