family,paper_model,paper_head,paper_qubits,paper_depth,paper_params,n,accuracy_mean,accuracy_std,f1_mean,f1_std,auc_mean,auc_std,train_h_mean,train_h_std,min_epochs,max_epochs
Classical,Linear,Linear,–,–,90,5,81.78,0.82280009722897,0.8151324232429047,0.00807682148592032,0.9804297160347668,0.0015315690386913693,0.0037169832918379046,0.0038398410921105007,6,10
Classical,MLP,MLP,–,–,162,5,79.78,2.1695621678117396,0.7954176117275141,0.022688120828361955,0.9738936244555955,0.0022801402336456913,0.0039008303483327234,0.0038657686338412225,6,10
Standard QTL,Standard QTL,Var.,4,1,12,5,39.46,7.799230731296516,0.30823536411523833,0.08980652847883196,0.8616822316801578,0.02695953790273887,1.6870054481029508,0.057793038694725796,10,10
Standard QTL,Standard QTL,Var.,4,2,24,5,42.980000000000004,3.9455037701160536,0.35664023069486017,0.061906633374922145,0.8848664091416104,0.0215798845225801,3.810563257680999,0.5261371635868468,10,10
Standard QTL,Standard QTL,Var.,4,4,48,5,54.3,10.453468323958319,0.5055575312194435,0.11566417028014105,0.9128523122575238,0.028049234879366138,11.748941948824458,0.13518732602089803,10,10
Standard QTL,Standard QTL,Var.,6,1,18,5,46.6,1.6263455967290565,0.3981566313078241,0.027218550014497404,0.8884048713182301,0.010168403832904861,3.381050710029072,0.16549828706031006,9,10
Standard QTL,Standard QTL,Var.,6,2,36,5,59.760000000000005,4.392948895673613,0.553936816610598,0.05634093560810778,0.9272923457612372,0.008957186072031338,7.978828596909841,1.5922280539004627,6,10
Standard QTL,Standard QTL,Var.,6,4,72,5,58.52,10.404422136764731,0.5468547172885792,0.12897124493743817,0.9268865349735629,0.023243129614832516,23.915772661858135,4.95490570870056,6,10
Standard QTL,Standard QTL,Var.,8,1,24,5,53.14,7.311839713779288,0.4574076484438456,0.10231297713765769,0.9141680780012319,0.018989250786236807,5.959917462017801,0.052448765605397886,10,10
Standard QTL,Standard QTL,Var.,8,2,48,5,57.739999999999995,10.78832702507669,0.5386921230670237,0.13401662046340335,0.9214161038913108,0.03181876284680382,13.97093408846855,2.7345354390728693,6,10
KetGPT,KetGPT #160,Cand. #160,8,Var.,10,5,80.94000000000001,0.8876936408468799,0.8076605058881393,0.008611880288463068,0.9778745077073321,0.002330972266942078,2.2208111942609152,0.5742776589144468,6,10
KetGPT,KetGPT #180,Cand. #180,8,Var.,58,5,79.4,1.111305538544639,0.7913230773231581,0.011430922859487271,0.9738766517025355,0.0024869591613897847,20.321411657412845,4.044074390384827,6,10
