dataset,seed,experiment_type,model_name,candidate_id,threshold,epochs_executed,best_epoch,stop_reason,source_file
CIFAR-10,1,low_confidence_only,matched_mlp_on_low_conf,180,0.7,10,9,confidence=completed;mlp=completed,table2/adaptive180/seed_1.csv
CIFAR-10,2026,low_confidence_only,matched_mlp_on_low_conf,180,0.7,6,4,confidence=flashjt_validated;mlp=flashjt_validated,table2/adaptive180/seed_2026.csv
CIFAR-10,42,low_confidence_only,matched_mlp_on_low_conf,180,0.7,10,7,confidence=completed;mlp=completed,table2/adaptive180/seed_42.csv
CIFAR-10,48,low_confidence_only,matched_mlp_on_low_conf,180,0.7,10,8,confidence=completed;mlp=completed,table2/adaptive180/seed_48.csv
CIFAR-10,550,low_confidence_only,matched_mlp_on_low_conf,180,0.7,6,4,confidence=flashjt_validated;mlp=flashjt_validated,table2/adaptive180/seed_550.csv
CIFAR-10,1,low_confidence_only,ketgpt_quantum_on_low_conf,180,0.7,10,9,confidence=completed;quantum=completed,table2/adaptive180/seed_1.csv
CIFAR-10,2026,low_confidence_only,ketgpt_quantum_on_low_conf,180,0.7,6,4,confidence=flashjt_validated;quantum=flashjt_validated,table2/adaptive180/seed_2026.csv
CIFAR-10,42,low_confidence_only,ketgpt_quantum_on_low_conf,180,0.7,10,7,confidence=completed;quantum=completed,table2/adaptive180/seed_42.csv
CIFAR-10,48,low_confidence_only,ketgpt_quantum_on_low_conf,180,0.7,10,8,confidence=completed;quantum=completed,table2/adaptive180/seed_48.csv
CIFAR-10,550,low_confidence_only,ketgpt_quantum_on_low_conf,180,0.7,6,4,confidence=flashjt_validated;quantum=flashjt_validated,table2/adaptive180/seed_550.csv
CIFAR-10,1,low_confidence_only,ketgpt_quantum_on_low_conf,160,0.7,10,6,confidence=completed;quantum=completed,table2/adaptive160/seed_1.csv
CIFAR-10,2026,low_confidence_only,ketgpt_quantum_on_low_conf,160,0.7,6,5,confidence=flashjt_validated;quantum=flashjt_validated,table2/adaptive160/seed_2026.csv
CIFAR-10,42,low_confidence_only,ketgpt_quantum_on_low_conf,160,0.7,10,9,confidence=completed;quantum=completed,table2/adaptive160/seed_42.csv
CIFAR-10,48,low_confidence_only,ketgpt_quantum_on_low_conf,160,0.7,10,9,confidence=completed;quantum=completed,table2/adaptive160/seed_48.csv
CIFAR-10,550,low_confidence_only,ketgpt_quantum_on_low_conf,160,0.7,6,6,confidence=flashjt_validated;quantum=flashjt_validated,table2/adaptive160/seed_550.csv
CIFAR-10,1,adaptive_full,adaptive_classical,180,0.7,10,9,confidence=completed;mlp=completed,table2/adaptive180/seed_1.csv
CIFAR-10,2026,adaptive_full,adaptive_classical,180,0.7,6,4,confidence=flashjt_validated;mlp=flashjt_validated,table2/adaptive180/seed_2026.csv
CIFAR-10,42,adaptive_full,adaptive_classical,180,0.7,10,7,confidence=completed;mlp=completed,table2/adaptive180/seed_42.csv
CIFAR-10,48,adaptive_full,adaptive_classical,180,0.7,10,8,confidence=completed;mlp=completed,table2/adaptive180/seed_48.csv
CIFAR-10,550,adaptive_full,adaptive_classical,180,0.7,6,4,confidence=flashjt_validated;mlp=flashjt_validated,table2/adaptive180/seed_550.csv
CIFAR-10,1,adaptive_full,adaptive_ketgpt_qtl,180,0.7,10,9,confidence=completed;quantum=completed,table2/adaptive180/seed_1.csv
CIFAR-10,2026,adaptive_full,adaptive_ketgpt_qtl,180,0.7,6,4,confidence=flashjt_validated;quantum=flashjt_validated,table2/adaptive180/seed_2026.csv
CIFAR-10,42,adaptive_full,adaptive_ketgpt_qtl,180,0.7,10,7,confidence=completed;quantum=completed,table2/adaptive180/seed_42.csv
CIFAR-10,48,adaptive_full,adaptive_ketgpt_qtl,180,0.7,10,8,confidence=completed;quantum=completed,table2/adaptive180/seed_48.csv
CIFAR-10,550,adaptive_full,adaptive_ketgpt_qtl,180,0.7,6,4,confidence=flashjt_validated;quantum=flashjt_validated,table2/adaptive180/seed_550.csv
CIFAR-10,1,adaptive_full,adaptive_ketgpt_qtl,160,0.7,10,6,confidence=completed;quantum=completed,table2/adaptive160/seed_1.csv
CIFAR-10,2026,adaptive_full,adaptive_ketgpt_qtl,160,0.7,6,5,confidence=flashjt_validated;quantum=flashjt_validated,table2/adaptive160/seed_2026.csv
CIFAR-10,42,adaptive_full,adaptive_ketgpt_qtl,160,0.7,10,9,confidence=completed;quantum=completed,table2/adaptive160/seed_42.csv
CIFAR-10,48,adaptive_full,adaptive_ketgpt_qtl,160,0.7,10,9,confidence=completed;quantum=completed,table2/adaptive160/seed_48.csv
CIFAR-10,550,adaptive_full,adaptive_ketgpt_qtl,160,0.7,6,6,confidence=flashjt_validated;quantum=flashjt_validated,table2/adaptive160/seed_550.csv
CIFAR-10,1,low_confidence_only,matched_mlp_on_low_conf,180,0.8,10,9,confidence=completed;mlp=completed,table2/adaptive180/seed_1.csv
CIFAR-10,2026,low_confidence_only,matched_mlp_on_low_conf,180,0.8,6,4,confidence=flashjt_validated;mlp=flashjt_validated,table2/adaptive180/seed_2026.csv
CIFAR-10,42,low_confidence_only,matched_mlp_on_low_conf,180,0.8,10,7,confidence=completed;mlp=completed,table2/adaptive180/seed_42.csv
CIFAR-10,48,low_confidence_only,matched_mlp_on_low_conf,180,0.8,10,8,confidence=completed;mlp=completed,table2/adaptive180/seed_48.csv
CIFAR-10,550,low_confidence_only,matched_mlp_on_low_conf,180,0.8,6,4,confidence=flashjt_validated;mlp=flashjt_validated,table2/adaptive180/seed_550.csv
CIFAR-10,1,low_confidence_only,ketgpt_quantum_on_low_conf,180,0.8,10,9,confidence=completed;quantum=completed,table2/adaptive180/seed_1.csv
CIFAR-10,2026,low_confidence_only,ketgpt_quantum_on_low_conf,180,0.8,6,4,confidence=flashjt_validated;quantum=flashjt_validated,table2/adaptive180/seed_2026.csv
CIFAR-10,42,low_confidence_only,ketgpt_quantum_on_low_conf,180,0.8,10,7,confidence=completed;quantum=completed,table2/adaptive180/seed_42.csv
CIFAR-10,48,low_confidence_only,ketgpt_quantum_on_low_conf,180,0.8,10,8,confidence=completed;quantum=completed,table2/adaptive180/seed_48.csv
CIFAR-10,550,low_confidence_only,ketgpt_quantum_on_low_conf,180,0.8,6,4,confidence=flashjt_validated;quantum=flashjt_validated,table2/adaptive180/seed_550.csv
CIFAR-10,1,low_confidence_only,ketgpt_quantum_on_low_conf,160,0.8,10,6,confidence=completed;quantum=completed,table2/adaptive160/seed_1.csv
CIFAR-10,2026,low_confidence_only,ketgpt_quantum_on_low_conf,160,0.8,6,5,confidence=flashjt_validated;quantum=flashjt_validated,table2/adaptive160/seed_2026.csv
CIFAR-10,42,low_confidence_only,ketgpt_quantum_on_low_conf,160,0.8,10,9,confidence=completed;quantum=completed,table2/adaptive160/seed_42.csv
CIFAR-10,48,low_confidence_only,ketgpt_quantum_on_low_conf,160,0.8,10,9,confidence=completed;quantum=completed,table2/adaptive160/seed_48.csv
CIFAR-10,550,low_confidence_only,ketgpt_quantum_on_low_conf,160,0.8,6,6,confidence=flashjt_validated;quantum=flashjt_validated,table2/adaptive160/seed_550.csv
CIFAR-10,1,adaptive_full,adaptive_classical,180,0.8,10,9,confidence=completed;mlp=completed,table2/adaptive180/seed_1.csv
CIFAR-10,2026,adaptive_full,adaptive_classical,180,0.8,6,4,confidence=flashjt_validated;mlp=flashjt_validated,table2/adaptive180/seed_2026.csv
CIFAR-10,42,adaptive_full,adaptive_classical,180,0.8,10,7,confidence=completed;mlp=completed,table2/adaptive180/seed_42.csv
CIFAR-10,48,adaptive_full,adaptive_classical,180,0.8,10,8,confidence=completed;mlp=completed,table2/adaptive180/seed_48.csv
CIFAR-10,550,adaptive_full,adaptive_classical,180,0.8,6,4,confidence=flashjt_validated;mlp=flashjt_validated,table2/adaptive180/seed_550.csv
CIFAR-10,1,adaptive_full,adaptive_ketgpt_qtl,180,0.8,10,9,confidence=completed;quantum=completed,table2/adaptive180/seed_1.csv
CIFAR-10,2026,adaptive_full,adaptive_ketgpt_qtl,180,0.8,6,4,confidence=flashjt_validated;quantum=flashjt_validated,table2/adaptive180/seed_2026.csv
CIFAR-10,42,adaptive_full,adaptive_ketgpt_qtl,180,0.8,10,7,confidence=completed;quantum=completed,table2/adaptive180/seed_42.csv
CIFAR-10,48,adaptive_full,adaptive_ketgpt_qtl,180,0.8,10,8,confidence=completed;quantum=completed,table2/adaptive180/seed_48.csv
CIFAR-10,550,adaptive_full,adaptive_ketgpt_qtl,180,0.8,6,4,confidence=flashjt_validated;quantum=flashjt_validated,table2/adaptive180/seed_550.csv
CIFAR-10,1,adaptive_full,adaptive_ketgpt_qtl,160,0.8,10,6,confidence=completed;quantum=completed,table2/adaptive160/seed_1.csv
CIFAR-10,2026,adaptive_full,adaptive_ketgpt_qtl,160,0.8,6,5,confidence=flashjt_validated;quantum=flashjt_validated,table2/adaptive160/seed_2026.csv
CIFAR-10,42,adaptive_full,adaptive_ketgpt_qtl,160,0.8,10,9,confidence=completed;quantum=completed,table2/adaptive160/seed_42.csv
CIFAR-10,48,adaptive_full,adaptive_ketgpt_qtl,160,0.8,10,9,confidence=completed;quantum=completed,table2/adaptive160/seed_48.csv
CIFAR-10,550,adaptive_full,adaptive_ketgpt_qtl,160,0.8,6,6,confidence=flashjt_validated;quantum=flashjt_validated,table2/adaptive160/seed_550.csv
CIFAR-10,1,low_confidence_only,matched_mlp_on_low_conf,180,0.9,10,9,confidence=completed;mlp=completed,table2/adaptive180/seed_1.csv
CIFAR-10,2026,low_confidence_only,matched_mlp_on_low_conf,180,0.9,6,4,confidence=flashjt_validated;mlp=flashjt_validated,table2/adaptive180/seed_2026.csv
CIFAR-10,42,low_confidence_only,matched_mlp_on_low_conf,180,0.9,10,7,confidence=completed;mlp=completed,table2/adaptive180/seed_42.csv
CIFAR-10,48,low_confidence_only,matched_mlp_on_low_conf,180,0.9,10,8,confidence=completed;mlp=completed,table2/adaptive180/seed_48.csv
CIFAR-10,550,low_confidence_only,matched_mlp_on_low_conf,180,0.9,6,4,confidence=flashjt_validated;mlp=flashjt_validated,table2/adaptive180/seed_550.csv
CIFAR-10,1,low_confidence_only,ketgpt_quantum_on_low_conf,180,0.9,10,9,confidence=completed;quantum=completed,table2/adaptive180/seed_1.csv
CIFAR-10,2026,low_confidence_only,ketgpt_quantum_on_low_conf,180,0.9,6,4,confidence=flashjt_validated;quantum=flashjt_validated,table2/adaptive180/seed_2026.csv
CIFAR-10,42,low_confidence_only,ketgpt_quantum_on_low_conf,180,0.9,10,7,confidence=completed;quantum=completed,table2/adaptive180/seed_42.csv
CIFAR-10,48,low_confidence_only,ketgpt_quantum_on_low_conf,180,0.9,10,8,confidence=completed;quantum=completed,table2/adaptive180/seed_48.csv
CIFAR-10,550,low_confidence_only,ketgpt_quantum_on_low_conf,180,0.9,6,4,confidence=flashjt_validated;quantum=flashjt_validated,table2/adaptive180/seed_550.csv
CIFAR-10,1,low_confidence_only,ketgpt_quantum_on_low_conf,160,0.9,10,6,confidence=completed;quantum=completed,table2/adaptive160/seed_1.csv
CIFAR-10,2026,low_confidence_only,ketgpt_quantum_on_low_conf,160,0.9,6,5,confidence=flashjt_validated;quantum=flashjt_validated,table2/adaptive160/seed_2026.csv
CIFAR-10,42,low_confidence_only,ketgpt_quantum_on_low_conf,160,0.9,10,9,confidence=completed;quantum=completed,table2/adaptive160/seed_42.csv
CIFAR-10,48,low_confidence_only,ketgpt_quantum_on_low_conf,160,0.9,10,9,confidence=completed;quantum=completed,table2/adaptive160/seed_48.csv
CIFAR-10,550,low_confidence_only,ketgpt_quantum_on_low_conf,160,0.9,6,6,confidence=flashjt_validated;quantum=flashjt_validated,table2/adaptive160/seed_550.csv
CIFAR-10,1,adaptive_full,adaptive_classical,180,0.9,10,9,confidence=completed;mlp=completed,table2/adaptive180/seed_1.csv
CIFAR-10,2026,adaptive_full,adaptive_classical,180,0.9,6,4,confidence=flashjt_validated;mlp=flashjt_validated,table2/adaptive180/seed_2026.csv
CIFAR-10,42,adaptive_full,adaptive_classical,180,0.9,10,7,confidence=completed;mlp=completed,table2/adaptive180/seed_42.csv
CIFAR-10,48,adaptive_full,adaptive_classical,180,0.9,10,8,confidence=completed;mlp=completed,table2/adaptive180/seed_48.csv
CIFAR-10,550,adaptive_full,adaptive_classical,180,0.9,6,4,confidence=flashjt_validated;mlp=flashjt_validated,table2/adaptive180/seed_550.csv
CIFAR-10,1,adaptive_full,adaptive_ketgpt_qtl,180,0.9,10,9,confidence=completed;quantum=completed,table2/adaptive180/seed_1.csv
CIFAR-10,2026,adaptive_full,adaptive_ketgpt_qtl,180,0.9,6,4,confidence=flashjt_validated;quantum=flashjt_validated,table2/adaptive180/seed_2026.csv
CIFAR-10,42,adaptive_full,adaptive_ketgpt_qtl,180,0.9,10,7,confidence=completed;quantum=completed,table2/adaptive180/seed_42.csv
CIFAR-10,48,adaptive_full,adaptive_ketgpt_qtl,180,0.9,10,8,confidence=completed;quantum=completed,table2/adaptive180/seed_48.csv
CIFAR-10,550,adaptive_full,adaptive_ketgpt_qtl,180,0.9,6,4,confidence=flashjt_validated;quantum=flashjt_validated,table2/adaptive180/seed_550.csv
CIFAR-10,1,adaptive_full,adaptive_ketgpt_qtl,160,0.9,10,6,confidence=completed;quantum=completed,table2/adaptive160/seed_1.csv
CIFAR-10,2026,adaptive_full,adaptive_ketgpt_qtl,160,0.9,6,5,confidence=flashjt_validated;quantum=flashjt_validated,table2/adaptive160/seed_2026.csv
CIFAR-10,42,adaptive_full,adaptive_ketgpt_qtl,160,0.9,10,9,confidence=completed;quantum=completed,table2/adaptive160/seed_42.csv
CIFAR-10,48,adaptive_full,adaptive_ketgpt_qtl,160,0.9,10,9,confidence=completed;quantum=completed,table2/adaptive160/seed_48.csv
CIFAR-10,550,adaptive_full,adaptive_ketgpt_qtl,160,0.9,6,6,confidence=flashjt_validated;quantum=flashjt_validated,table2/adaptive160/seed_550.csv
