Exp.,Model,Thr.,Rout. (%),Params,Acc. (%),Prec.,Rec.,F1,AUC,n
Low-conf.,MLP,0.70,37.3 ± 12.2,4266,56.69 ± 6.31,0.583 ± 0.062,0.591 ± 0.066,0.574 ± 0.064,0.922 ± 0.017,5
Low-conf.,KetGPT #180,0.70,37.3 ± 12.2,4252,56.30 ± 5.42,0.579 ± 0.057,0.584 ± 0.056,0.569 ± 0.056,0.922 ± 0.020,5
Low-conf.,KetGPT #160,0.70,30.80 ± 7.19,4204,59.65 ± 2.96,0.599 ± 0.035,0.597 ± 0.028,0.592 ± 0.031,0.930 ± 0.006,5
Adaptive,Classical,0.70,37.3 ± 12.2,8460,80.46 ± 2.91,0.804 ± 0.030,0.803 ± 0.029,0.800 ± 0.032,0.975 ± 0.005,5
Adaptive,KetGPT #180,0.70,37.3 ± 12.2,8446,80.48 ± 1.33,0.805 ± 0.013,0.803 ± 0.013,0.801 ± 0.015,0.977 ± 0.001,5
Adaptive,KetGPT #160,0.70,30.80 ± 7.19,8398,82.88 ± 0.83,0.829 ± 0.010,0.827 ± 0.008,0.827 ± 0.009,0.980 ± 0.001,5
Low-conf.,MLP,0.80,51.8 ± 17.2,4266,62.16 ± 7.86,0.632 ± 0.074,0.638 ± 0.076,0.626 ± 0.076,0.937 ± 0.017,5
Low-conf.,KetGPT #180,0.80,51.8 ± 17.2,4252,62.17 ± 7.31,0.634 ± 0.071,0.639 ± 0.066,0.625 ± 0.068,0.937 ± 0.022,5
Low-conf.,KetGPT #160,0.80,43.32 ± 10.27,4204,65.11 ± 3.72,0.658 ± 0.042,0.659 ± 0.035,0.652 ± 0.037,0.945 ± 0.010,5
Adaptive,Classical,0.80,51.8 ± 17.2,8460,79.30 ± 3.68,0.791 ± 0.041,0.791 ± 0.037,0.786 ± 0.043,0.974 ± 0.006,5
Adaptive,KetGPT #180,0.80,51.8 ± 17.2,8446,79.46 ± 1.69,0.795 ± 0.017,0.793 ± 0.016,0.790 ± 0.021,0.976 ± 0.002,5
Adaptive,KetGPT #160,0.80,43.32 ± 10.27,8398,82.72 ± 0.95,0.828 ± 0.010,0.826 ± 0.009,0.825 ± 0.010,0.981 ± 0.001,5
Low-conf.,MLP,0.90,75.3 ± 23.1,4266,70.86 ± 6.93,0.710 ± 0.062,0.712 ± 0.063,0.704 ± 0.062,0.955 ± 0.014,5
Low-conf.,KetGPT #180,0.90,75.3 ± 23.1,4252,70.55 ± 7.18,0.709 ± 0.068,0.713 ± 0.064,0.704 ± 0.065,0.955 ± 0.018,5
Low-conf.,KetGPT #160,0.90,63.48 ± 16.15,4204,72.16 ± 4.82,0.728 ± 0.050,0.726 ± 0.044,0.723 ± 0.046,0.961 ± 0.010,5
Adaptive,Classical,0.90,75.3 ± 23.1,8460,78.78 ± 3.62,0.786 ± 0.040,0.786 ± 0.036,0.781 ± 0.042,0.972 ± 0.007,5
Adaptive,KetGPT #180,0.90,75.3 ± 23.1,8446,78.76 ± 1.50,0.789 ± 0.015,0.786 ± 0.015,0.783 ± 0.019,0.974 ± 0.002,5
Adaptive,KetGPT #160,0.90,63.48 ± 16.15,8398,82.20 ± 0.86,0.823 ± 0.009,0.821 ± 0.008,0.820 ± 0.009,0.981 ± 0.002,5
