experiment_type,model_name,threshold,low_count,low_pct,routed_to_quantum_pct,avg_shots_per_sample,train_time_sec,inference_time_sec_total,inference_time_ms_per_sample,total_trainable_params,head_trainable_params,quantum_params,num_qubits,circuit_depth,shots,memory_usage_mb,accuracy,precision_macro,recall_macro,f1_macro,auc_ovr_macro
fixed,confidence_linear,,,,0.0,0.0,2770.916600227356,48.54625225067139,48.54625225067139,4194.0,90.0,0.0,0.0,0.0,0.0,973.359375,0.8,0.8085771758382085,0.8012591048928164,0.8004510938638651,0.9765769831314159
fixed,matched_mlp,,,,0.0,0.0,2768.3457460403442,48.144057512283325,48.144057512283325,4266.0,162.0,0.0,0.0,0.0,0.0,973.359375,0.804,0.8150344116459035,0.8052494827610435,0.8049844464809196,0.9733143704914099
fixed,quantum,,,,100.0,100.0,53374.98892211914,61.89512062072754,61.89512062072754,4242.0,138.0,48.0,8.0,2.0,100.0,973.359375,0.476,0.4598447812173302,0.4706978868520877,0.4111290938661222,0.9058836190268724
low_confidence_only,matched_mlp_on_low_conf,0.7,341.0,34.1,0.0,0.0,,,,,,,,,,,0.5865102639296188,0.5240103004764659,0.5183667361248405,0.5047771815216037,0.922150368485628
low_confidence_only,quantum_on_low_conf,0.7,341.0,34.1,34.1,34.1,,,,,,,,,,,0.28152492668621704,0.3229314707592176,0.39475346614161505,0.275806060600765,0.8539844918896149
adaptive_full,adaptive_classical,0.7,341.0,34.1,0.0,0.0,,,,,,,,,,,0.814,0.8222807568737472,0.8142682720105295,0.8131966566930927,0.9755407517772486
adaptive_full,adaptive_qtl,0.7,341.0,34.1,34.1,34.1,,,,,,,,,,,0.71,0.7208561846328144,0.7119355125432263,0.6859959572363932,0.9635199699878638
low_confidence_only,matched_mlp_on_low_conf,0.8,543.0,54.3,0.0,0.0,,,,,,,,,,,0.6703499079189686,0.6194526628048427,0.601330383649241,0.597199861266939,0.9400255623508598
low_confidence_only,quantum_on_low_conf,0.8,543.0,54.3,54.3,54.3,,,,,,,,,,,0.3149171270718232,0.34730250311079247,0.4103033741156333,0.29346757069230595,0.8645395932049315
adaptive_full,adaptive_classical,0.8,543.0,54.3,0.0,0.0,,,,,,,,,,,0.808,0.8183821134450749,0.8091867693409339,0.8088095156614669,0.974642013025738
adaptive_full,adaptive_qtl,0.8,543.0,54.3,54.3,54.3,,,,,,,,,,,0.615,0.6127411603669997,0.6219558217695305,0.5821730727341116,0.9450413058112073
low_confidence_only,matched_mlp_on_low_conf,0.9,713.0,71.3,0.0,0.0,,,,,,,,,,,0.7279102384291725,0.7404334118691343,0.7044039510314885,0.7089943705656594,0.9548359493155705
low_confidence_only,quantum_on_low_conf,0.9,713.0,71.3,71.3,71.3,,,,,,,,,,,0.3590462833099579,0.38342611793705345,0.4432964811280574,0.31732731189275404,0.8850332892924346
adaptive_full,adaptive_classical,0.9,713.0,71.3,0.0,0.0,,,,,,,,,,,0.804,0.8147162137147539,0.8051492321344769,0.804801117566389,0.9733849724733128
adaptive_full,adaptive_qtl,0.9,713.0,71.3,71.3,71.3,,,,,,,,,,,0.541,0.5455997743450769,0.5418654052030262,0.49523014509892516,0.9329030324137303
