dataset,method,seed,source_file,accuracy,precision_macro,recall_macro,f1_macro,auc_ovr_macro,train_time_sec
kmnist,KetGPT #160,1,/scratch/sr7849/QC_June28/ICASSP_multiseed_new_datasets/runs/kmnist/run_20260922_213814/table1/ketgpt_parts/candidate_160/seed_1.csv,0.679,0.7172911920983402,0.6811361456230578,0.6783233044072252,0.9410827945478978,9404.484993219376
kmnist,KetGPT #160,1,/scratch/sr7849/QC_June28/ICASSP_multiseed_new_datasets/runs/kmnist/run_20260922_213814/table1/ketgpt_parts/candidate_160/seed_1_candidates.csv,,,,,,
kmnist,KetGPT #160,2026,/scratch/sr7849/QC_June28/ICASSP_multiseed_new_datasets/runs/kmnist/run_20260922_213814/table1/ketgpt_parts/candidate_160/seed_2026.csv,0.673,0.6854254505124591,0.6734703088542852,0.6688251068427562,0.9269227165476752,5696.578578233719
kmnist,KetGPT #160,2026,/scratch/sr7849/QC_June28/ICASSP_multiseed_new_datasets/runs/kmnist/run_20260922_213814/table1/ketgpt_parts/candidate_160/seed_2026_candidates.csv,,,,,,
kmnist,KetGPT #160,42,/scratch/sr7849/QC_June28/ICASSP_multiseed_new_datasets/runs/kmnist/run_20260922_213814/table1/ketgpt_parts/candidate_160/seed_42.csv,0.709,0.7165968276403099,0.7096751274105464,0.7061408138579306,0.9442310545015224,9575.852285146711
kmnist,KetGPT #160,42,/scratch/sr7849/QC_June28/ICASSP_multiseed_new_datasets/runs/kmnist/run_20260922_213814/table1/ketgpt_parts/candidate_160/seed_42_candidates.csv,,,,,,
kmnist,KetGPT #160,48,/scratch/sr7849/QC_June28/ICASSP_multiseed_new_datasets/runs/kmnist/run_20260922_213814/table1/ketgpt_parts/candidate_160/seed_48.csv,0.675,0.6989246249861993,0.6771946420296194,0.6743187613663787,0.9367926750488446,9800.990426778792
kmnist,KetGPT #160,48,/scratch/sr7849/QC_June28/ICASSP_multiseed_new_datasets/runs/kmnist/run_20260922_213814/table1/ketgpt_parts/candidate_160/seed_48_candidates.csv,,,,,,
kmnist,KetGPT #160,550,/scratch/sr7849/QC_June28/ICASSP_multiseed_new_datasets/runs/kmnist/run_20260922_213814/table1/ketgpt_parts/candidate_160/seed_550.csv,0.637,0.6696538943394554,0.6397937383887934,0.6366827812682001,0.9181126286711272,5792.72229719162
kmnist,KetGPT #160,550,/scratch/sr7849/QC_June28/ICASSP_multiseed_new_datasets/runs/kmnist/run_20260922_213814/table1/ketgpt_parts/candidate_160/seed_550_candidates.csv,,,,,,
svhn,KetGPT #160,1,/scratch/sr7849/QC_June28/ICASSP_multiseed_new_datasets/runs/svhn/run_20260922_213846/table1/ketgpt_parts/candidate_160/seed_1.csv,0.496,0.4679062348195653,0.4491174396437258,0.4493347366954738,0.8674243596442711,9597.598934173584
svhn,KetGPT #160,1,/scratch/sr7849/QC_June28/ICASSP_multiseed_new_datasets/runs/svhn/run_20260922_213846/table1/ketgpt_parts/candidate_160/seed_1_candidates.csv,,,,,,
svhn,KetGPT #160,2026,/scratch/sr7849/QC_June28/ICASSP_multiseed_new_datasets/runs/svhn/run_20260922_213846/table1/ketgpt_parts/candidate_160/seed_2026.csv,0.467,0.4706609895546093,0.4263809191365856,0.4190004582063787,0.8594566638352367,9556.004659175873
svhn,KetGPT #160,2026,/scratch/sr7849/QC_June28/ICASSP_multiseed_new_datasets/runs/svhn/run_20260922_213846/table1/ketgpt_parts/candidate_160/seed_2026_candidates.csv,,,,,,
svhn,KetGPT #160,42,/scratch/sr7849/QC_June28/ICASSP_multiseed_new_datasets/runs/svhn/run_20260922_213846/table1/ketgpt_parts/candidate_160/seed_42.csv,0.479,0.4650179250109805,0.4448487932413346,0.4340308425408037,0.8688309862258826,9726.631227493286
svhn,KetGPT #160,42,/scratch/sr7849/QC_June28/ICASSP_multiseed_new_datasets/runs/svhn/run_20260922_213846/table1/ketgpt_parts/candidate_160/seed_42_candidates.csv,,,,,,
svhn,KetGPT #160,48,/scratch/sr7849/QC_June28/ICASSP_multiseed_new_datasets/runs/svhn/run_20260922_213846/table1/ketgpt_parts/candidate_160/seed_48.csv,0.502,0.4935237256073745,0.4617370054990167,0.460109976064331,0.8668208797880206,10009.792254209518
svhn,KetGPT #160,48,/scratch/sr7849/QC_June28/ICASSP_multiseed_new_datasets/runs/svhn/run_20260922_213846/table1/ketgpt_parts/candidate_160/seed_48_candidates.csv,,,,,,
svhn,KetGPT #160,550,/scratch/sr7849/QC_June28/ICASSP_multiseed_new_datasets/runs/svhn/run_20260922_213846/table1/ketgpt_parts/candidate_160/seed_550.csv,0.466,0.4690418426556795,0.4059911910761677,0.4131448391578278,0.8588730807957757,5781.743179798126
svhn,KetGPT #160,550,/scratch/sr7849/QC_June28/ICASSP_multiseed_new_datasets/runs/svhn/run_20260922_213846/table1/ketgpt_parts/candidate_160/seed_550_candidates.csv,,,,,,
