dataset,candidate,exp,model,threshold,n_seeds,seeds,missing_seeds,status,params,low_pct_n,low_pct_mean,low_pct_std,routed_to_classical_pct_n,routed_to_classical_pct_mean,routed_to_classical_pct_std,routed_to_quantum_pct_n,routed_to_quantum_pct_mean,routed_to_quantum_pct_std,accuracy_n,accuracy_mean,accuracy_std,precision_macro_n,precision_macro_mean,precision_macro_std,recall_macro_n,recall_macro_mean,recall_macro_std,f1_macro_n,f1_macro_mean,f1_macro_std,auc_ovr_macro_n,auc_ovr_macro_mean,auc_ovr_macro_std,train_time_sec_n,train_time_sec_mean,train_time_sec_std,inference_time_sec_total_n,inference_time_sec_total_mean,inference_time_sec_total_std,inference_time_ms_per_sample_n,inference_time_ms_per_sample_mean,inference_time_ms_per_sample_std,route_metric,routed_entry,accuracy_entry,precision_macro_entry,recall_macro_entry,f1_macro_entry,auc_ovr_macro_entry
cifar10,160,Adaptive,Classical,0.7,5,1|42|48|550|2026,,COMPLETE_5_SEED,8460,5,30.8,7.192704637339143,5,30.8,7.192704637339143,5,0.0,0.0,5,0.8166,0.015175638372075128,5,0.8167947520458358,0.0164825195033525,5,0.8147287578570772,0.014763456757813638,5,0.8133950197069627,0.01526325877650099,5,0.9768797328699719,0.002538606180502671,5,26.92484517097473,27.095724390261996,5,0.02852404217720028,0.0020764306777015197,5,0.02852404217720028,0.0020764306777015197,routed_to_classical_pct,30.8 ± 7.2,81.7 ± 1.5,0.817 ± 0.016,0.815 ± 0.015,0.813 ± 0.015,0.977 ± 0.003
cifar10,160,Adaptive,Classical,0.8,5,1|42|48|550|2026,,COMPLETE_5_SEED,8460,5,43.32,10.268008570311968,5,43.32,10.268008570311968,5,0.0,0.0,5,0.8076000000000001,0.020767763480933597,5,0.808017563438461,0.0228599244015858,5,0.8056128285455628,0.02034524181764683,5,0.8037387991085007,0.02168177203210702,5,0.9757882132270878,0.0034376672760175397,5,26.92484517097473,27.095724390261996,5,0.03142944445610042,0.0028232516223815366,5,0.03142944445610042,0.0028232516223815366,routed_to_classical_pct,43.3 ± 10.3,80.8 ± 2.1,0.808 ± 0.023,0.806 ± 0.020,0.804 ± 0.022,0.976 ± 0.003
cifar10,160,Adaptive,Classical,0.9,5,1|42|48|550|2026,,COMPLETE_5_SEED,8460,5,63.48,16.148281642329625,5,63.48,16.148281642329625,5,0.0,0.0,5,0.7956,0.031173706869732372,5,0.795627432245487,0.034595989740546076,5,0.7940112005043899,0.03043762155728484,5,0.790732081536561,0.034430463191502884,5,0.9739680301610045,0.00534294627090801,5,26.92484517097473,27.095724390261996,5,0.0361095074176788,0.004236656407347069,5,0.0361095074176788,0.004236656407347069,routed_to_classical_pct,63.5 ± 16.1,79.6 ± 3.1,0.796 ± 0.035,0.794 ± 0.030,0.791 ± 0.034,0.974 ± 0.005
cifar10,160,Adaptive,KetGPT #160,0.7,5,1|42|48|550|2026,,COMPLETE_5_SEED,8398,5,30.8,7.192704637339143,5,69.2,7.192704637339144,5,30.8,7.192704637339143,5,0.8287999999999999,0.00825832912882504,5,0.8288246555993265,0.00994275850704408,5,0.8273385081193692,0.00783417798883805,5,0.8266433458812921,0.00910639049772395,5,0.9804978097088426,0.00080092434590853,5,8059.731595087052,2080.185660554077,5,5.339943133020402,1.1381429361336541,5,5.339943133020402,1.1381429361336541,routed_to_quantum_pct,30.8 ± 7.2,82.9 ± 0.8,0.829 ± 0.010,0.827 ± 0.008,0.827 ± 0.009,0.980 ± 0.001
cifar10,160,Adaptive,KetGPT #160,0.8,5,1|42|48|550|2026,,COMPLETE_5_SEED,8398,5,43.32,10.268008570311968,5,56.67999999999999,10.268008570311968,5,43.32,10.268008570311968,5,0.8271999999999998,0.009497368056467021,5,0.8275113724565919,0.009789100129125889,5,0.8257879903041226,0.008837152429498547,5,0.8249436083425336,0.01001121058889718,5,0.98077164573619,0.000855464380377422,5,8059.731595087052,2080.185660554077,5,7.499578370380402,1.6190699519857115,5,7.499578370380402,1.6190699519857115,routed_to_quantum_pct,43.3 ± 10.3,82.7 ± 0.9,0.828 ± 0.010,0.826 ± 0.009,0.825 ± 0.010,0.981 ± 0.001
cifar10,160,Adaptive,KetGPT #160,0.9,5,1|42|48|550|2026,,COMPLETE_5_SEED,8398,5,63.48,16.148281642329625,5,36.52,16.148281642329625,5,63.48,16.148281642329625,5,0.8219999999999998,0.008573214099741095,5,0.8229408123083626,0.009271107856247919,5,0.8207552001719252,0.007979262631752962,5,0.8199889526062878,0.009235451465988758,5,0.9807095697386391,0.0016390447765377556,5,8059.731595087052,2080.185660554077,5,10.970673970842359,2.536814615046548,5,10.970673970842359,2.536814615046548,routed_to_quantum_pct,63.5 ± 16.1,82.2 ± 0.9,0.823 ± 0.009,0.821 ± 0.008,0.820 ± 0.009,0.981 ± 0.002
cifar10,160,Low-conf.,KetGPT #160,0.7,5,1|42|48|550|2026,,COMPLETE_5_SEED,4204,5,30.8,7.192704637339143,5,0.0,0.0,5,30.8,7.192704637339143,5,0.5964963262183202,0.02956170269598569,5,0.5989289278053566,0.03508161665135621,5,0.5969494470264797,0.028427819149494344,5,0.5916881921539983,0.03053652144155175,5,0.929644953055622,0.005528609297969931,5,8046.45972237587,2093.8505174070406,5,17.33251576423645,0.7753746789289813,5,17.33251576423645,0.7753746789289813,routed_to_quantum_pct,30.8 ± 7.2,59.6 ± 3.0,0.599 ± 0.035,0.597 ± 0.028,0.592 ± 0.031,0.930 ± 0.006
cifar10,160,Low-conf.,KetGPT #160,0.8,5,1|42|48|550|2026,,COMPLETE_5_SEED,4204,5,43.32,10.268008570311968,5,0.0,0.0,5,43.32,10.268008570311968,5,0.6510713202402953,0.037211880882711816,5,0.6584466153715036,0.04173281135060751,5,0.6590893068363,0.03452115839022308,5,0.6524863139845134,0.037110949069247355,5,0.9450533442393965,0.010258666675912872,5,8046.45972237587,2093.8505174070406,5,17.33251576423645,0.7753746789289813,5,17.33251576423645,0.7753746789289813,routed_to_quantum_pct,43.3 ± 10.3,65.1 ± 3.7,0.658 ± 0.042,0.659 ± 0.035,0.652 ± 0.037,0.945 ± 0.010
cifar10,160,Low-conf.,KetGPT #160,0.9,5,1|42|48|550|2026,,COMPLETE_5_SEED,4204,5,63.48,16.148281642329625,5,0.0,0.0,5,63.48,16.148281642329625,5,0.7216431747023275,0.04824900392851478,5,0.7280494098774803,0.04960656345894593,5,0.7262126422246392,0.04422845662311332,5,0.7234693629525054,0.0464386389567947,5,0.960888599517862,0.010359678109524232,5,8046.45972237587,2093.8505174070406,5,17.33251576423645,0.7753746789289813,5,17.33251576423645,0.7753746789289813,routed_to_quantum_pct,63.5 ± 16.1,72.2 ± 4.8,0.728 ± 0.050,0.726 ± 0.044,0.723 ± 0.046,0.961 ± 0.010
cifar10,160,Low-conf.,MLP,0.7,5,1|42|48|550|2026,,COMPLETE_5_SEED,4266,5,30.8,7.192704637339143,5,30.8,7.192704637339143,5,0.0,0.0,5,0.5546023890841687,0.05066963232314236,5,0.5689264021184558,0.05043838375594583,5,0.5590046914779091,0.05115735256732089,5,0.5520744226737355,0.04954018548355594,5,0.9128782076971245,0.016649863466829874,5,13.65297245979309,13.399338489666663,5,0.02315506935119626,0.0003344836182809312,5,0.02315506935119626,0.0003344836182809312,routed_to_classical_pct,30.8 ± 7.2,55.5 ± 5.1,0.569 ± 0.050,0.559 ± 0.051,0.552 ± 0.050,0.913 ± 0.017
cifar10,160,Low-conf.,MLP,0.8,5,1|42|48|550|2026,,COMPLETE_5_SEED,4266,5,43.32,10.268008570311968,5,43.32,10.268008570311968,5,0.0,0.0,5,0.6036911540558152,0.06071988294415616,5,0.6176551464398675,0.059893715374405056,5,0.6140091339037121,0.05984821729847332,5,0.6081323468094736,0.059483827418444386,5,0.9285523983441548,0.01672039725222765,5,13.65297245979309,13.399338489666663,5,0.02315506935119626,0.0003344836182809312,5,0.02315506935119626,0.0003344836182809312,routed_to_classical_pct,43.3 ± 10.3,60.4 ± 6.1,0.618 ± 0.060,0.614 ± 0.060,0.608 ± 0.059,0.929 ± 0.017
cifar10,160,Low-conf.,MLP,0.9,5,1|42|48|550|2026,,COMPLETE_5_SEED,4266,5,63.48,16.148281642329625,5,63.48,16.148281642329625,5,0.0,0.0,5,0.678837859286847,0.06650807831018839,5,0.6921950676092807,0.06375259545523126,5,0.6875179889114003,0.05834304651625324,5,0.683024257684759,0.06158965959404496,5,0.9468309609037273,0.015102479895091692,5,13.65297245979309,13.399338489666663,5,0.02315506935119626,0.0003344836182809312,5,0.02315506935119626,0.0003344836182809312,routed_to_classical_pct,63.5 ± 16.1,67.9 ± 6.7,0.692 ± 0.064,0.688 ± 0.058,0.683 ± 0.062,0.947 ± 0.015
cifar10,180,Adaptive,Classical,0.7,5,1|42|48|550|2026,,COMPLETE_5_SEED,8460,5,37.32,12.172592164366636,5,37.32,12.172592164366636,5,0.0,0.0,5,0.8046,0.029082640870457394,5,0.8044260898443213,0.029849814536636453,5,0.8030089756843287,0.02943783186576275,5,0.7996843257377181,0.03212761835925039,5,0.9748389740809198,0.004961429878177226,5,26.94541187286377,27.164227244336843,5,0.02986767301559442,0.0032001431504480025,5,0.02986767301559442,0.0032001431504480025,routed_to_classical_pct,37.3 ± 12.2,80.5 ± 2.9,0.804 ± 0.030,0.803 ± 0.029,0.800 ± 0.032,0.975 ± 0.005
cifar10,180,Adaptive,Classical,0.8,5,1|42|48|550|2026,,COMPLETE_5_SEED,8460,5,51.82000000000001,17.16615856853245,5,51.82000000000001,17.16615856853245,5,0.0,0.0,5,0.7929999999999999,0.03676275288930359,5,0.7912049464111653,0.040869650893972514,5,0.7911820968936979,0.03683828504248966,5,0.7863917001365216,0.043129011263378404,5,0.973739261357011,0.0059574911636116855,5,26.94541187286377,27.164227244336843,5,0.033197490787506063,0.00441117713697464,5,0.033197490787506063,0.00441117713697464,routed_to_classical_pct,51.8 ± 17.2,79.3 ± 3.7,0.791 ± 0.041,0.791 ± 0.037,0.786 ± 0.043,0.974 ± 0.006
cifar10,180,Adaptive,Classical,0.9,5,1|42|48|550|2026,,COMPLETE_5_SEED,8460,5,75.32000000000001,23.054218702875186,5,75.32000000000001,23.054218702875186,5,0.0,0.0,5,0.7878000000000001,0.03623120202256614,5,0.786232839765399,0.04036929176918657,5,0.7859564040717062,0.036324494645676136,5,0.7812018612632434,0.042329956117260856,5,0.9724776453948085,0.007130387624651685,5,26.94541187286377,27.164227244336843,5,0.038581767797470023,0.005767706873659779,5,0.038581767797470023,0.005767706873659779,routed_to_classical_pct,75.3 ± 23.1,78.8 ± 3.6,0.786 ± 0.040,0.786 ± 0.036,0.781 ± 0.042,0.972 ± 0.007
cifar10,180,Adaptive,KetGPT #180,0.7,5,1|42|48|550|2026,,COMPLETE_5_SEED,8446,5,37.32,12.172592164366636,5,62.67999999999999,12.172592164366636,5,37.32,12.172592164366636,5,0.8048,0.013330416347586417,5,0.8054550603870225,0.01319903938415371,5,0.8034289345554415,0.012756954512424425,5,0.8012328496886886,0.01513461748940808,5,0.9772484258204376,0.0014081029655179007,5,67380.23435368537,18080.718192913784,5,24.9836515768528,7.96261646739506,5,24.9836515768528,7.962616467395059,routed_to_quantum_pct,37.3 ± 12.2,80.5 ± 1.3,0.805 ± 0.013,0.803 ± 0.013,0.801 ± 0.015,0.977 ± 0.001
cifar10,180,Adaptive,KetGPT #180,0.8,5,1|42|48|550|2026,,COMPLETE_5_SEED,8446,5,51.82000000000001,17.16615856853245,5,48.18,17.166158568532452,5,51.82000000000001,17.16615856853245,5,0.7946000000000001,0.016890825912311076,5,0.7954620344020136,0.016908850920288654,5,0.7933169381203145,0.01635843643555067,5,0.7897601719971459,0.020910543636684445,5,0.9761149200448231,0.001602743859435399,5,67380.23435368537,18080.718192913784,5,34.679751035261155,11.192586556137417,5,34.679751035261155,11.192586556137417,routed_to_quantum_pct,51.8 ± 17.2,79.5 ± 1.7,0.795 ± 0.017,0.793 ± 0.016,0.790 ± 0.021,0.976 ± 0.002
cifar10,180,Adaptive,KetGPT #180,0.9,5,1|42|48|550|2026,,COMPLETE_5_SEED,8446,5,75.32000000000001,23.054218702875186,5,24.68,23.054218702875186,5,75.32000000000001,23.054218702875186,5,0.7876000000000001,0.015043270920913458,5,0.7889372505489083,0.015251705879638247,5,0.78625591642005,0.014686027978826292,5,0.7826992015995528,0.01857243140154094,5,0.9742869174745994,0.0015509859277225324,5,67380.23435368537,18080.718192913784,5,50.41433511881828,15.068515206926373,5,50.41433511881828,15.068515206926373,routed_to_quantum_pct,75.3 ± 23.1,78.8 ± 1.5,0.789 ± 0.015,0.786 ± 0.015,0.783 ± 0.019,0.974 ± 0.002
cifar10,180,Low-conf.,KetGPT #180,0.7,5,1|42|48|550|2026,,COMPLETE_5_SEED,4252,5,37.32,12.172592164366636,5,0.0,0.0,5,37.32,12.172592164366636,5,0.5629855096055454,0.05423654860930732,5,0.5790121814422806,0.05652654748706866,5,0.5841077693196434,0.05551909737689935,5,0.5685887200468797,0.05571035688680267,5,0.9220402453120167,0.02018197610483185,5,67366.93920965194,18094.450601219563,5,67.00324506759644,1.0504071095688197,5,67.00324506759644,1.0504071095688197,routed_to_quantum_pct,37.3 ± 12.2,56.3 ± 5.4,0.579 ± 0.057,0.584 ± 0.056,0.569 ± 0.056,0.922 ± 0.020
cifar10,180,Low-conf.,KetGPT #180,0.8,5,1|42|48|550|2026,,COMPLETE_5_SEED,4252,5,51.82000000000001,17.16615856853245,5,0.0,0.0,5,51.82000000000001,17.16615856853245,5,0.621653040362901,0.07308011532734923,5,0.633910499152248,0.07143932970148467,5,0.6385874750920912,0.0663224014364931,5,0.6254384799986441,0.0683106627755597,5,0.9374082767870785,0.022354231103315216,5,67366.93920965194,18094.450601219563,5,67.00324506759644,1.0504071095688197,5,67.00324506759644,1.0504071095688197,routed_to_quantum_pct,51.8 ± 17.2,62.2 ± 7.3,0.634 ± 0.071,0.639 ± 0.066,0.625 ± 0.068,0.937 ± 0.022
cifar10,180,Low-conf.,KetGPT #180,0.9,5,1|42|48|550|2026,,COMPLETE_5_SEED,4252,5,75.32000000000001,23.054218702875186,5,0.0,0.0,5,75.32000000000001,23.054218702875186,5,0.7055070264191692,0.07178776587196489,5,0.7093523368204913,0.06754655149452686,5,0.7130020510848186,0.0636780662033778,5,0.7037751236480403,0.06507785983250211,5,0.9553726086756896,0.018441644941016126,5,67366.93920965194,18094.450601219563,5,67.00324506759644,1.0504071095688197,5,67.00324506759644,1.0504071095688197,routed_to_quantum_pct,75.3 ± 23.1,70.6 ± 7.2,0.709 ± 0.068,0.713 ± 0.064,0.704 ± 0.065,0.955 ± 0.018
cifar10,180,Low-conf.,MLP,0.7,5,1|42|48|550|2026,,COMPLETE_5_SEED,4266,5,37.32,12.172592164366636,5,37.32,12.172592164366636,5,0.0,0.0,5,0.5668724293949088,0.06305396420919647,5,0.5831938768765925,0.06216924409326709,5,0.5907847392281986,0.06573222707934546,5,0.5741302279090489,0.06442393398485587,5,0.9221822122292611,0.016714456350941004,5,13.650267839431763,13.430557922543173,5,0.02288904190063474,0.00034721950429783923,5,0.02288904190063474,0.00034721950429783923,routed_to_classical_pct,37.3 ± 12.2,56.7 ± 6.3,0.583 ± 0.062,0.591 ± 0.066,0.574 ± 0.064,0.922 ± 0.017
cifar10,180,Low-conf.,MLP,0.8,5,1|42|48|550|2026,,COMPLETE_5_SEED,4266,5,51.82000000000001,17.16615856853245,5,51.82000000000001,17.16615856853245,5,0.0,0.0,5,0.6216311877968103,0.07859990144819239,5,0.632123389440238,0.0735993734176034,5,0.6376843411400056,0.0763861966767154,5,0.6255134037602239,0.0758451069918961,5,0.9374707518904366,0.017432935098615286,5,13.650267839431763,13.430557922543173,5,0.02288904190063474,0.00034721950429783923,5,0.02288904190063474,0.00034721950429783923,routed_to_classical_pct,51.8 ± 17.2,62.2 ± 7.9,0.632 ± 0.074,0.638 ± 0.076,0.626 ± 0.076,0.937 ± 0.017
cifar10,180,Low-conf.,MLP,0.9,5,1|42|48|550|2026,,COMPLETE_5_SEED,4266,5,75.32000000000001,23.054218702875186,5,75.32000000000001,23.054218702875186,5,0.0,0.0,5,0.7085668152245302,0.06934080745583282,5,0.7100293724781467,0.06151456029161232,5,0.7115099728639631,0.06255352924446668,5,0.7042343896516646,0.062087373397622894,5,0.9554277717207537,0.014247969344297319,5,13.650267839431763,13.430557922543173,5,0.02288904190063474,0.00034721950429783923,5,0.02288904190063474,0.00034721950429783923,routed_to_classical_pct,75.3 ± 23.1,70.9 ± 6.9,0.710 ± 0.062,0.712 ± 0.063,0.704 ± 0.062,0.955 ± 0.014
kmnist,160,Adaptive,Classical,0.7,5,1|42|48|550|2026,,COMPLETE_5_SEED,8460,5,60.17999999999999,10.009345632957231,5,60.17999999999999,10.009345632957231,5,0.0,0.0,5,0.6638,0.03612755181298617,5,0.6883371660307842,0.023394691102342675,5,0.6669425550303251,0.035042560948934785,5,0.6641469591351206,0.03592432963239802,5,0.9251303469736374,0.0076520833984419475,5,23.865671491622926,22.72122935369078,5,0.03657081403732294,0.0034910509754822526,5,0.03657081403732294,0.0034910509754822526,routed_to_classical_pct,60.2 ± 10.0,66.4 ± 3.6,0.688 ± 0.023,0.667 ± 0.035,0.664 ± 0.036,0.925 ± 0.008
kmnist,160,Adaptive,Classical,0.8,5,1|42|48|550|2026,,COMPLETE_5_SEED,8460,5,72.80000000000001,9.933025722306368,5,72.80000000000001,9.933025722306368,5,0.0,0.0,5,0.6538,0.03136399209284433,5,0.6799899190228809,0.021075466730851627,5,0.6570163115243148,0.03056708050669352,5,0.6544316975905989,0.0316101423119352,5,0.9241210399287821,0.007698020028665263,5,23.865671491622926,22.72122935369078,5,0.03954774188995356,0.003632652064310744,5,0.03954774188995356,0.003632652064310744,routed_to_classical_pct,72.8 ± 9.9,65.4 ± 3.1,0.680 ± 0.021,0.657 ± 0.031,0.654 ± 0.032,0.924 ± 0.008
kmnist,160,Adaptive,Classical,0.9,5,1|42|48|550|2026,,COMPLETE_5_SEED,8460,5,87.96,7.857035064195654,5,87.96,7.857035064195654,5,0.0,0.0,5,0.6456,0.025343638254994114,5,0.6734099749111261,0.01722248249480396,5,0.6490334200209238,0.024726635382986927,5,0.6464787821058019,0.026090817931989967,5,0.9224812240307146,0.006883766841087476,5,23.865671491622926,22.72122935369078,5,0.04310961761474604,0.0031983434703973038,5,0.04310961761474604,0.0031983434703973038,routed_to_classical_pct,88.0 ± 7.9,64.6 ± 2.5,0.673 ± 0.017,0.649 ± 0.025,0.646 ± 0.026,0.922 ± 0.007
kmnist,160,Adaptive,KetGPT #160,0.7,5,1|42|48|550|2026,,COMPLETE_5_SEED,8398,5,60.17999999999999,10.009345632957231,5,39.81999999999999,10.009345632957231,5,60.17999999999999,10.009345632957231,5,0.6716,0.04220544988505629,5,0.6929088500257382,0.038819726349249246,5,0.6746339947284643,0.04105677046252588,5,0.6700489909095684,0.04043018891900261,5,0.9317722459996828,0.013186582490939293,5,8267.394487333298,2160.805739234528,5,11.046446390485764,2.093432599287088,5,11.046446390485764,2.093432599287088,routed_to_quantum_pct,60.2 ± 10.0,67.2 ± 4.2,0.693 ± 0.039,0.675 ± 0.041,0.670 ± 0.040,0.932 ± 0.013
kmnist,160,Adaptive,KetGPT #160,0.8,5,1|42|48|550|2026,,COMPLETE_5_SEED,8398,5,72.80000000000001,9.933025722306368,5,27.200000000000006,9.933025722306368,5,72.80000000000001,9.933025722306368,5,0.6685999999999999,0.0402094516252087,5,0.6901373606498231,0.03705986819335377,5,0.6716371791689416,0.03901719636620542,5,0.6670594352679706,0.038400190187466085,5,0.931506439543669,0.013901508057637926,5,8267.394487333298,2160.805739234528,5,13.346620521736146,2.1332179078662956,5,13.346620521736146,2.1332179078662956,routed_to_quantum_pct,72.8 ± 9.9,66.9 ± 4.0,0.690 ± 0.037,0.672 ± 0.039,0.667 ± 0.038,0.932 ± 0.014
kmnist,160,Adaptive,KetGPT #160,0.9,5,1|42|48|550|2026,,COMPLETE_5_SEED,8398,5,87.96,7.857035064195654,5,12.040000000000001,7.857035064195656,5,87.96,7.857035064195654,5,0.6646,0.0380302511167097,5,0.686785363597232,0.035664737015442906,5,0.6675873298883837,0.03686789014544396,5,0.6631707668788017,0.036430304900318344,5,0.930885569743978,0.014092085113183632,5,8267.394487333298,2160.805739234528,5,16.110904518079757,1.8755683133365877,5,16.110904518079757,1.8755683133365877,routed_to_quantum_pct,88.0 ± 7.9,66.5 ± 3.8,0.687 ± 0.036,0.668 ± 0.037,0.663 ± 0.036,0.931 ± 0.014
kmnist,160,Low-conf.,KetGPT #160,0.7,5,1|42|48|550|2026,,COMPLETE_5_SEED,4204,5,60.17999999999999,10.009345632957231,5,0.0,0.0,5,60.17999999999999,10.009345632957231,5,0.5164460099417959,0.02070528283890647,5,0.5322444059805934,0.014099861690848507,5,0.5171044993266865,0.017148032022588078,5,0.5003507861039329,0.012787637972908853,5,0.8842119591849794,0.009937223300306093,5,8255.666405630112,2172.1884474203225,5,18.276630210876466,1.1644636572140588,5,18.276630210876466,1.1644636572140588,routed_to_quantum_pct,60.2 ± 10.0,51.6 ± 2.1,0.532 ± 0.014,0.517 ± 0.017,0.500 ± 0.013,0.884 ± 0.010
kmnist,160,Low-conf.,KetGPT #160,0.8,5,1|42|48|550|2026,,COMPLETE_5_SEED,4204,5,72.80000000000001,9.933025722306368,5,0.0,0.0,5,72.80000000000001,9.933025722306368,5,0.5658652796315996,0.012837810455675738,5,0.5835361584462601,0.011232863389113038,5,0.5640909961323496,0.011800320566267512,5,0.5526083526043338,0.012016750621250438,5,0.8979134800696583,0.007626475860798253,5,8255.666405630112,2172.1884474203225,5,18.276630210876466,1.1644636572140588,5,18.276630210876466,1.1644636572140588,routed_to_quantum_pct,72.8 ± 9.9,56.6 ± 1.3,0.584 ± 0.011,0.564 ± 0.012,0.553 ± 0.012,0.898 ± 0.008
kmnist,160,Low-conf.,KetGPT #160,0.9,5,1|42|48|550|2026,,COMPLETE_5_SEED,4204,5,87.96,7.857035064195654,5,0.0,0.0,5,87.96,7.857035064195654,5,0.6223614281264181,0.014043867236668672,5,0.641617252647669,0.01256857682305058,5,0.6209890114191645,0.013773601739965299,5,0.613962361976551,0.012976958601947317,5,0.9158190401563088,0.006667524033562298,5,8255.666405630112,2172.1884474203225,5,18.276630210876466,1.1644636572140588,5,18.276630210876466,1.1644636572140588,routed_to_quantum_pct,88.0 ± 7.9,62.2 ± 1.4,0.642 ± 0.013,0.621 ± 0.014,0.614 ± 0.013,0.916 ± 0.007
kmnist,160,Low-conf.,MLP,0.7,5,1|42|48|550|2026,,COMPLETE_5_SEED,4266,5,60.17999999999999,10.009345632957231,5,60.17999999999999,10.009345632957231,5,0.0,0.0,5,0.5011582186057625,0.018068591526417016,5,0.5258944263438143,0.0405636362994727,5,0.5014540905178816,0.02679629684671646,5,0.48979121750575094,0.031095695784292485,5,0.869752035191166,0.009114197318297306,5,12.13758978843689,11.219865079757373,5,0.0235732555389404,0.0006720140862486939,5,0.0235732555389404,0.0006720140862486939,routed_to_classical_pct,60.2 ± 10.0,50.1 ± 1.8,0.526 ± 0.041,0.501 ± 0.027,0.490 ± 0.031,0.870 ± 0.009
kmnist,160,Low-conf.,MLP,0.8,5,1|42|48|550|2026,,COMPLETE_5_SEED,4266,5,72.80000000000001,9.933025722306368,5,72.80000000000001,9.933025722306368,5,0.0,0.0,5,0.5434850638203726,0.022460979180138646,5,0.5674564575723002,0.0400966524735666,5,0.5405699839338963,0.025475073267725478,5,0.5326037120627928,0.029170496652670286,5,0.8846856870237948,0.008819120750004584,5,12.13758978843689,11.219865079757373,5,0.0235732555389404,0.0006720140862486939,5,0.0235732555389404,0.0006720140862486939,routed_to_classical_pct,72.8 ± 9.9,54.3 ± 2.2,0.567 ± 0.040,0.541 ± 0.025,0.533 ± 0.029,0.885 ± 0.009
kmnist,160,Low-conf.,MLP,0.9,5,1|42|48|550|2026,,COMPLETE_5_SEED,4266,5,87.96,7.857035064195654,5,87.96,7.857035064195654,5,0.0,0.0,5,0.5994188590954316,0.01595705521124834,5,0.6236265774121124,0.029376676271550033,5,0.5964845775336063,0.01881416042874974,5,0.5923343266830216,0.02109140512118858,5,0.9044576577976937,0.007760720416934219,5,12.13758978843689,11.219865079757373,5,0.0235732555389404,0.0006720140862486939,5,0.0235732555389404,0.0006720140862486939,routed_to_classical_pct,88.0 ± 7.9,59.9 ± 1.6,0.624 ± 0.029,0.596 ± 0.019,0.592 ± 0.021,0.904 ± 0.008
kmnist,180,Adaptive,Classical,0.7,1,1,42|48|550|2026,INCOMPLETE,8460,1,50.9,,1,50.9,,1,0.0,,1,0.696,,1,0.704893912365762,,1,0.6968746494689136,,1,0.6929542210405554,,1,0.9289136969764328,,1,7.518234729766846,,1,0.0333470492362976,,1,0.0333470492362976,,routed_to_classical_pct,50.9,69.6,0.705,0.697,0.693,0.929
kmnist,180,Adaptive,Classical,0.8,1,1,42|48|550|2026,INCOMPLETE,8460,1,63.6,,1,63.6,,1,0.0,,1,0.674,,1,0.6815131657696442,,1,0.6747212997866553,,1,0.6704940482891651,,1,0.9235908920727832,,1,7.518234729766846,,1,0.0362998123168945,,1,0.0362998123168945,,routed_to_classical_pct,63.6,67.4,0.682,0.675,0.670,0.924
kmnist,180,Adaptive,Classical,0.9,1,1,42|48|550|2026,INCOMPLETE,8460,1,82.7,,1,82.7,,1,0.0,,1,0.665,,1,0.6715369653868796,,1,0.6656110875722756,,1,0.6607925813254544,,1,0.9219315491517288,,1,7.518234729766846,,1,0.0407405819892883,,1,0.0407405819892883,,routed_to_classical_pct,82.7,66.5,0.672,0.666,0.661,0.922
kmnist,180,Adaptive,KetGPT #180,0.7,1,1,42|48|550|2026,INCOMPLETE,8446,1,50.9,,1,49.1,,1,50.9,,1,0.701,,1,0.7105351826860503,,1,0.7030351131300715,,1,0.7022460496110792,,1,0.934965387193585,,1,77600.19881224632,,1,35.579465705871584,,1,35.579465705871584,,routed_to_quantum_pct,50.9,70.1,0.711,0.703,0.702,0.935
kmnist,180,Adaptive,KetGPT #180,0.8,1,1,42|48|550|2026,INCOMPLETE,8446,1,63.6,,1,36.4,,1,63.6,,1,0.692,,1,0.7023498217733936,,1,0.6936501271054912,,1,0.6934999547523024,,1,0.930509745082848,,1,77600.19881224632,,1,44.451489332199095,,1,44.451489332199095,,routed_to_quantum_pct,63.6,69.2,0.702,0.694,0.693,0.931
kmnist,180,Adaptive,KetGPT #180,0.9,1,1,42|48|550|2026,INCOMPLETE,8446,1,82.7,,1,17.299999999999997,,1,82.7,,1,0.685,,1,0.6950216605270572,,1,0.6868265159183217,,1,0.6864543251639599,,1,0.9256816678044082,,1,77600.19881224632,,1,57.79445399856568,,1,57.79445399856568,,routed_to_quantum_pct,82.7,68.5,0.695,0.687,0.686,0.926
kmnist,180,Low-conf.,KetGPT #180,0.7,1,1,42|48|550|2026,INCOMPLETE,4252,1,50.9,,1,0.0,,1,50.9,,1,0.5029469548133595,,1,0.5148213338513198,,1,0.5003724764026545,,1,0.4989214964271035,,1,0.8610339193850278,,1,77596.75394797325,,1,69.85845375061035,,1,69.85845375061035,,routed_to_quantum_pct,50.9,50.3,0.515,0.500,0.499,0.861
kmnist,180,Low-conf.,KetGPT #180,0.8,1,1,42|48|550|2026,INCOMPLETE,4252,1,63.6,,1,0.0,,1,63.6,,1,0.5471698113207547,,1,0.5636150401663984,,1,0.5483662335328762,,1,0.5487907551855729,,1,0.8727938938502089,,1,77596.75394797325,,1,69.85845375061035,,1,69.85845375061035,,routed_to_quantum_pct,63.6,54.7,0.564,0.548,0.549,0.873
kmnist,180,Low-conf.,KetGPT #180,0.9,1,1,42|48|550|2026,INCOMPLETE,4252,1,82.7,,1,0.0,,1,82.7,,1,0.6287787182587666,,1,0.6392026298730543,,1,0.6273172172186244,,1,0.6275087009442796,,1,0.9022130568952644,,1,77596.75394797325,,1,69.85845375061035,,1,69.85845375061035,,routed_to_quantum_pct,82.7,62.9,0.639,0.627,0.628,0.902
kmnist,180,Low-conf.,MLP,0.7,1,1,42|48|550|2026,INCOMPLETE,4266,1,50.9,,1,50.9,,1,0.0,,1,0.4931237721021611,,1,0.4812509122762464,,1,0.4882406578400816,,1,0.4711966698411582,,1,0.8562016244006712,,1,4.073370456695557,,1,0.0232501029968261,,1,0.0232501029968261,,routed_to_classical_pct,50.9,49.3,0.481,0.488,0.471,0.856
kmnist,180,Low-conf.,MLP,0.8,1,1,42|48|550|2026,INCOMPLETE,4266,1,63.6,,1,63.6,,1,0.0,,1,0.5188679245283019,,1,0.512602774116114,,1,0.5111589325863795,,1,0.5001663979991926,,1,0.8657761143290978,,1,4.073370456695557,,1,0.0232501029968261,,1,0.0232501029968261,,routed_to_classical_pct,63.6,51.9,0.513,0.511,0.500,0.866
kmnist,180,Low-conf.,MLP,0.9,1,1,42|48|550|2026,INCOMPLETE,4266,1,82.7,,1,82.7,,1,0.0,,1,0.6045949214026602,,1,0.6008862949304303,,1,0.5960973209721493,,1,0.5883710591748913,,1,0.8976825153801815,,1,4.073370456695557,,1,0.0232501029968261,,1,0.0232501029968261,,routed_to_classical_pct,82.7,60.5,0.601,0.596,0.588,0.898
svhn,160,Adaptive,Classical,0.7,5,1|42|48|550|2026,,COMPLETE_5_SEED,8460,5,87.32,4.602390683112417,5,87.32,4.602390683112417,5,0.0,0.0,5,0.46159999999999995,0.017052858997833757,5,0.46425003594076786,0.03297229667557554,5,0.4062394542832236,0.02444767349041131,5,0.3973485682963117,0.023460480652634553,5,0.8572157210201375,0.006943241611770922,5,24.588806867599487,23.530025274430635,5,0.04245287351608272,0.0017336905859803,5,0.04245287351608272,0.0017336905859803,routed_to_classical_pct,87.3 ± 4.6,46.2 ± 1.7,0.464 ± 0.033,0.406 ± 0.024,0.397 ± 0.023,0.857 ± 0.007
svhn,160,Adaptive,Classical,0.8,5,1|42|48|550|2026,,COMPLETE_5_SEED,8460,5,92.6,3.0397368307141317,5,92.6,3.0397368307141317,5,0.0,0.0,5,0.45940000000000003,0.017657859439920792,5,0.44228452679452623,0.038695060225146884,5,0.40403492193728247,0.025272894523084292,5,0.3939234786595278,0.024861164465360117,5,0.8565977010178474,0.007524229303583373,5,24.588806867599487,23.530025274430635,5,0.0436951785087585,0.0014342521116034648,5,0.0436951785087585,0.0014342521116034648,routed_to_classical_pct,92.6 ± 3.0,45.9 ± 1.8,0.442 ± 0.039,0.404 ± 0.025,0.394 ± 0.025,0.857 ± 0.008
svhn,160,Adaptive,Classical,0.9,5,1|42|48|550|2026,,COMPLETE_5_SEED,8460,5,97.42,1.6346253393362062,5,97.42,1.6346253393362062,5,0.0,0.0,5,0.45920000000000005,0.017584083712266604,5,0.4421719747416374,0.038660108693217,5,0.4039268138291744,0.025216032293794904,5,0.3938048458077306,0.02478516088365771,5,0.8555605934159131,0.008406153626119281,5,24.588806867599487,23.530025274430635,5,0.04482962336540218,0.0012404742735421157,5,0.044829623365402166,0.0012404742735421155,routed_to_classical_pct,97.4 ± 1.6,45.9 ± 1.8,0.442 ± 0.039,0.404 ± 0.025,0.394 ± 0.025,0.856 ± 0.008
svhn,160,Adaptive,KetGPT #160,0.7,5,1|42|48|550|2026,,COMPLETE_5_SEED,8398,5,87.32,4.602390683112417,5,12.679999999999998,4.602390683112417,5,87.32,4.602390683112417,5,0.472,0.043081318457076044,5,0.4449636268331097,0.06773918550828628,5,0.4184665509836756,0.057951140063412405,5,0.40693593240969433,0.06671728698714209,5,0.8595932697142498,0.01954051232966469,5,8865.387374401093,1692.4312050612662,5,15.741966362857818,1.645421522963018,5,15.741966362857818,1.645421522963018,routed_to_quantum_pct,87.3 ± 4.6,47.2 ± 4.3,0.445 ± 0.068,0.418 ± 0.058,0.407 ± 0.067,0.860 ± 0.020
svhn,160,Adaptive,KetGPT #160,0.8,5,1|42|48|550|2026,,COMPLETE_5_SEED,8398,5,92.6,3.0397368307141317,5,7.400000000000003,3.0397368307141317,5,92.6,3.0397368307141317,5,0.47059999999999996,0.04329318653090808,5,0.4410747417697011,0.06953864077315923,5,0.4168741609029706,0.05857780970250821,5,0.4047790777716743,0.06780345157507202,5,0.8587571780904215,0.02035867030391853,5,8865.387374401093,1692.4312050612662,5,16.68842841038704,1.5263691360537757,5,16.68842841038704,1.5263691360537757,routed_to_quantum_pct,92.6 ± 3.0,47.1 ± 4.3,0.441 ± 0.070,0.417 ± 0.059,0.405 ± 0.068,0.859 ± 0.020
svhn,160,Adaptive,KetGPT #160,0.9,5,1|42|48|550|2026,,COMPLETE_5_SEED,8398,5,97.42,1.6346253393362062,5,2.580000000000004,1.6346253393362062,5,97.42,1.6346253393362062,5,0.4704,0.04346607872813006,5,0.44095762990091175,0.0696238073548436,5,0.4167660527948625,0.058665239474584366,5,0.40467085044715656,0.06790932293740995,5,0.8579708522152212,0.021137384841100067,5,8865.387374401093,1692.4312050612662,5,17.55394553542137,1.4804510434308111,5,17.55394553542137,1.4804510434308111,routed_to_quantum_pct,97.4 ± 1.6,47.0 ± 4.3,0.441 ± 0.070,0.417 ± 0.059,0.405 ± 0.068,0.858 ± 0.021
svhn,160,Low-conf.,KetGPT #160,0.7,5,1|42|48|550|2026,,COMPLETE_5_SEED,4204,5,87.32,4.602390683112417,5,0.0,0.0,5,87.32,4.602390683112417,5,0.4090151293888272,0.03693173642895057,5,0.4058786466098532,0.06586080395981644,5,0.3879499852983206,0.05103679353466947,5,0.37297675535000063,0.061915150243898605,5,0.8361804125738402,0.017481049660946983,5,8853.214136123657,1702.478389275644,5,17.99067153930664,1.3856119948236107,5,17.99067153930664,1.3856119948236107,routed_to_quantum_pct,87.3 ± 4.6,40.9 ± 3.7,0.406 ± 0.066,0.388 ± 0.051,0.373 ± 0.062,0.836 ± 0.017
svhn,160,Low-conf.,KetGPT #160,0.8,5,1|42|48|550|2026,,COMPLETE_5_SEED,4204,5,92.6,3.0397368307141317,5,0.0,0.0,5,92.6,3.0397368307141317,5,0.4319679517977407,0.03608481946003798,5,0.4239493375234944,0.06399256733899397,5,0.4019066952066134,0.05148381319500136,5,0.38818760228606647,0.06171992693419363,5,0.8442335313014862,0.017534789340671618,5,8853.214136123657,1702.478389275644,5,17.99067153930664,1.3856119948236107,5,17.99067153930664,1.3856119948236107,routed_to_quantum_pct,92.6 ± 3.0,43.2 ± 3.6,0.424 ± 0.064,0.402 ± 0.051,0.388 ± 0.062,0.844 ± 0.018
svhn,160,Low-conf.,KetGPT #160,0.9,5,1|42|48|550|2026,,COMPLETE_5_SEED,4204,5,97.42,1.6346253393362062,5,0.0,0.0,5,97.42,1.6346253393362062,5,0.45697560448950203,0.036872768378082114,5,0.4358302201454287,0.06693525028865102,5,0.4123282637708815,0.056071043188125086,5,0.3998055398338788,0.06522478364500718,5,0.853000603548508,0.01864235772112976,5,8853.214136123657,1702.478389275644,5,17.99067153930664,1.3856119948236107,5,17.99067153930664,1.3856119948236107,routed_to_quantum_pct,97.4 ± 1.6,45.7 ± 3.7,0.436 ± 0.067,0.412 ± 0.056,0.400 ± 0.065,0.853 ± 0.019
svhn,160,Low-conf.,MLP,0.7,5,1|42|48|550|2026,,COMPLETE_5_SEED,4266,5,87.32,4.602390683112417,5,87.32,4.602390683112417,5,0.0,0.0,5,0.395560919979101,0.03207460914705248,5,0.40928103950166816,0.034747443661073046,5,0.37328435276371347,0.033065009428268156,5,0.36075887966819886,0.03312182444565393,5,0.8328615316761729,0.014610163388350634,5,12.415568590164185,11.511538270222843,5,0.02360806465148922,0.0005922603187565917,5,0.02360806465148922,0.0005922603187565917,routed_to_classical_pct,87.3 ± 4.6,39.6 ± 3.2,0.409 ± 0.035,0.373 ± 0.033,0.361 ± 0.033,0.833 ± 0.015
svhn,160,Low-conf.,MLP,0.8,5,1|42|48|550|2026,,COMPLETE_5_SEED,4266,5,92.6,3.0397368307141317,5,92.6,3.0397368307141317,5,0.0,0.0,5,0.4189180037272668,0.02759117963033691,5,0.42454600415462285,0.03465549053873516,5,0.38850210616137415,0.028978040545300735,5,0.3766786376457091,0.029103259209473962,5,0.841553325968348,0.012986603132448715,5,12.415568590164185,11.511538270222843,5,0.02360806465148922,0.0005922603187565917,5,0.02360806465148922,0.0005922603187565917,routed_to_classical_pct,92.6 ± 3.0,41.9 ± 2.8,0.425 ± 0.035,0.389 ± 0.029,0.377 ± 0.029,0.842 ± 0.013
svhn,160,Low-conf.,MLP,0.9,5,1|42|48|550|2026,,COMPLETE_5_SEED,4266,5,97.42,1.6346253393362062,5,97.42,1.6346253393362062,5,0.0,0.0,5,0.44498667167043504,0.01947261421463364,5,0.4371205917717605,0.03659754622014995,5,0.39968594261641616,0.025294693560790425,5,0.3889355733368869,0.025185039830777994,5,0.8502438633263552,0.010306749573600919,5,12.415568590164185,11.511538270222843,5,0.02360806465148922,0.0005922603187565917,5,0.02360806465148922,0.0005922603187565917,routed_to_classical_pct,97.4 ± 1.6,44.5 ± 1.9,0.437 ± 0.037,0.400 ± 0.025,0.389 ± 0.025,0.850 ± 0.010
svhn,180,Adaptive,Classical,0.7,1,1,42|48|550|2026,INCOMPLETE,8460,1,84.7,,1,84.7,,1,0.0,,1,0.443,,1,0.4046028342063575,,1,0.3923016388018492,,1,0.383859973497657,,1,0.8585387565818083,,1,7.194934129714966,,1,0.0414290306568145,,1,0.0414290306568145,,routed_to_classical_pct,84.7,44.3,0.405,0.392,0.384,0.859
svhn,180,Adaptive,Classical,0.8,1,1,42|48|550|2026,INCOMPLETE,8460,1,91.4,,1,91.4,,1,0.0,,1,0.444,,1,0.4035867560205785,,1,0.3924459217749709,,1,0.3833605251614678,,1,0.8572098843043362,,1,7.194934129714966,,1,0.0430051417350769,,1,0.0430051417350769,,routed_to_classical_pct,91.4,44.4,0.404,0.392,0.383,0.857
svhn,180,Adaptive,Classical,0.9,1,1,42|48|550|2026,INCOMPLETE,8460,1,96.5,,1,96.5,,1,0.0,,1,0.443,,1,0.4031114236670279,,1,0.39183616567741,,1,0.3828139386138605,,1,0.8569474632624617,,1,7.194934129714966,,1,0.0442048680782318,,1,0.0442048680782318,,routed_to_classical_pct,96.5,44.3,0.403,0.392,0.383,0.857
svhn,180,Adaptive,KetGPT #180,0.7,1,1,42|48|550|2026,INCOMPLETE,8446,1,84.7,,1,15.299999999999995,,1,84.7,,1,0.492,,1,0.5166516824157575,,1,0.4640368272063485,,1,0.4712250894859299,,1,0.8655267908909984,,1,79383.1531059742,,1,56.83468652057648,,1,56.83468652057648,,routed_to_quantum_pct,84.7,49.2,0.517,0.464,0.471,0.866
svhn,180,Adaptive,KetGPT #180,0.8,1,1,42|48|550|2026,INCOMPLETE,8446,1,91.4,,1,8.599999999999994,,1,91.4,,1,0.493,,1,0.517887147767146,,1,0.4642781706555392,,1,0.4716887246780282,,1,0.8640069692995317,,1,79383.1531059742,,1,61.32876351928712,,1,61.32876351928712,,routed_to_quantum_pct,91.4,49.3,0.518,0.464,0.472,0.864
svhn,180,Adaptive,KetGPT #180,0.9,1,1,42|48|550|2026,INCOMPLETE,8446,1,96.5,,1,3.5,,1,96.5,,1,0.492,,1,0.5171548049054322,,1,0.4636684145579782,,1,0.4710274068898578,,1,0.8630216995478678,,1,79383.1531059742,,1,64.7496281003952,,1,64.7496281003952,,routed_to_quantum_pct,96.5,49.2,0.517,0.464,0.471,0.863
svhn,180,Low-conf.,KetGPT #180,0.7,1,1,42|48|550|2026,INCOMPLETE,4252,1,84.7,,1,0.0,,1,84.7,,1,0.4203069657615112,,1,0.4670418030184352,,1,0.4156717554547565,,1,0.4210514974061752,,1,0.8375830339280241,,1,79379.85123372078,,1,67.07577610015869,,1,67.07577610015869,,routed_to_quantum_pct,84.7,42.0,0.467,0.416,0.421,0.838
svhn,180,Low-conf.,KetGPT #180,0.8,1,1,42|48|550|2026,INCOMPLETE,4252,1,91.4,,1,0.0,,1,91.4,,1,0.4507658643326039,,1,0.4951264789703732,,1,0.4423704012162142,,1,0.4492064823280245,,1,0.8481503738925433,,1,79379.85123372078,,1,67.07577610015869,,1,67.07577610015869,,routed_to_quantum_pct,91.4,45.1,0.495,0.442,0.449,0.848
svhn,180,Low-conf.,KetGPT #180,0.9,1,1,42|48|550|2026,INCOMPLETE,4252,1,96.5,,1,0.0,,1,96.5,,1,0.4746113989637305,,1,0.5096594605276723,,1,0.4565520757117592,,1,0.4637306232532336,,1,0.8564039715002686,,1,79379.85123372078,,1,67.07577610015869,,1,67.07577610015869,,routed_to_quantum_pct,96.5,47.5,0.510,0.457,0.464,0.856
svhn,180,Low-conf.,MLP,0.7,1,1,42|48|550|2026,INCOMPLETE,4266,1,84.7,,1,84.7,,1,0.0,,1,0.3624557260920897,,1,0.3581408445841861,,1,0.3467493797258369,,1,0.3376812324983286,,1,0.8305899463825023,,1,3.893061876296997,,1,0.0235240459442138,,1,0.0235240459442138,,routed_to_classical_pct,84.7,36.2,0.358,0.347,0.338,0.831
svhn,180,Low-conf.,MLP,0.8,1,1,42|48|550|2026,INCOMPLETE,4266,1,91.4,,1,91.4,,1,0.0,,1,0.3971553610503282,,1,0.3818664794382793,,1,0.371622408612266,,1,0.3619810119901637,,1,0.8409493789975728,,1,3.893061876296997,,1,0.0235240459442138,,1,0.0235240459442138,,routed_to_classical_pct,91.4,39.7,0.382,0.372,0.362,0.841
svhn,180,Low-conf.,MLP,0.9,1,1,42|48|550|2026,INCOMPLETE,4266,1,96.5,,1,96.5,,1,0.0,,1,0.4238341968911917,,1,0.3958808992580221,,1,0.3850948392755724,,1,0.3757638298034704,,1,0.8502727532573408,,1,3.893061876296997,,1,0.0235240459442138,,1,0.0235240459442138,,routed_to_classical_pct,96.5,42.4,0.396,0.385,0.376,0.850
